ET,250000.0,300000.0,400000.0,500000.0,600000.0,700000.0,800000.0,900000.0,1000000.0,1100000.0,1200000.0,1300000.0,1400000.0,1500000.0,1600000.0
121.0,0.49052402,0.54622215,0.7412423,0.8271677,0.9308656,0.92846894,0.9574058,1.0084147,1.0877597,1.056088,0.98823106,0.93604666,0.86874515,0.8876716,1.0219626
124.0,0.5002439,0.557107,0.7590747,0.8556956,0.9610024,0.96390456,0.9935202,1.0460743,1.1336224,1.1077799,1.0442374,0.99817115,0.9377433,0.9593757,1.1012472
127.0,0.5099638,0.56817394,0.7796059,0.8861115,0.9905927,1.0006043,1.0302567,1.0867411,1.1801152,1.1620555,1.1064054,1.0628105,1.0067415,1.0310792,1.1858348
130.0,0.5196837,0.5798717,0.8001372,0.9167183,1.0201837,1.0378145,1.0678483,1.131078,1.2272702,1.2173876,1.1685737,1.1297357,1.0764625,1.1063753,1.2743416
133.0,0.52940375,0.59158486,0.81943303,0.94767237,1.0516753,1.0745646,1.106065,1.175429,1.2746458,1.2817764,1.2332474,1.2017761,1.150191,1.1828094,1.3713845
136.0,0.5391236,0.60329765,0.838955,0.9786259,1.0832285,1.1111208,1.1451356,1.2197956,1.3255602,1.3482519,1.2997364,1.275193,1.2266837,1.2633376,1.469695
139.0,0.5488435,0.6150106,0.85895234,1.0120006,1.116447,1.1472934,1.18694,1.2655212,1.3777313,1.4180354,1.3704513,1.3549157,1.3067855,1.3484148,1.5680052
142.0,0.5585637,0.6267237,0.87895,1.0456065,1.1508837,1.1833345,1.2302647,1.3132443,1.4348966,1.4928459,1.4472407,1.4346228,1.3878616,1.4397763,1.6690179
145.0,0.5684057,0.6384034,0.8990626,1.0771853,1.188401,1.2253581,1.2758902,1.3609668,1.496369,1.5640949,1.5262007,1.5143274,1.474646,1.5315093,1.7708014
148.0,0.57901835,0.6500742,0.92075074,1.1109724,1.2274209,1.2732275,1.3240306,1.4112241,1.5584719,1.6369933,1.605707,1.5993351,1.5630962,1.6236511,1.8738005
151.0,0.5896316,0.6621031,0.94261634,1.1473311,1.2683635,1.3227048,1.3738371,1.462727,1.6236342,1.7133707,1.6887425,1.6857699,1.6523592,1.7193846,1.981381
154.0,0.6002441,0.67465276,0.9644826,1.1854162,1.3103787,1.3731252,1.4262036,1.5179431,1.6948721,1.7929826,1.7796282,1.773278,1.7454797,1.8188375,2.0946226
157.0,0.6108572,0.68720245,0.9873257,1.2235847,1.3538041,1.4235457,1.4791358,1.5778426,1.7659117,1.8778583,1.8765746,1.8708686,1.8449758,1.9215096,2.2209933
160.0,0.6214699,0.69975203,1.0102677,1.2623892,1.3985068,1.4749858,1.5333925,1.6386596,1.8400744,1.9679204,1.9772823,1.9714605,1.9480878,2.0352874,2.3496826
163.0,0.63208294,0.7123156,1.0332102,1.3035731,1.4445323,1.5280496,1.58765,1.7025939,1.914998,2.057801,2.0788891,2.075441,2.060365,2.1550994,2.4783673
166.0,0.6426955,0.72494113,1.0576036,1.345136,1.4904269,1.5823241,1.642619,1.7679371,1.9969642,2.1500728,2.1823664,2.1815722,2.1752684,2.277934,2.6070533
169.0,0.6533084,0.7375664,1.0814236,1.3865561,1.5377241,1.6375936,1.7001456,1.8334395,2.082272,2.2453299,2.2867365,2.2935627,2.2934153,2.400768,2.73756
172.0,0.6639213,0.7505391,1.104274,1.4282659,1.586825,1.6932782,1.7603997,1.8999388,2.1705348,2.3454487,2.3936465,2.410239,2.41167,2.523602,2.8702555
175.0,0.67453414,0.7651829,1.1283779,1.4714833,1.6367096,1.7493712,1.8207608,1.9686115,2.259915,2.4495146,2.5058937,2.532843,2.53343,2.646435,3.0060499
178.0,0.68514687,0.7800581,1.1537396,1.5148052,1.6867051,1.805465,1.8835667,2.0480456,2.349185,2.5568485,2.6180985,2.65559,2.6584103,2.773151,3.147051
181.0,0.6957717,0.7949336,1.1791011,1.5581269,1.7368792,1.864943,1.9496042,2.1283472,2.4434822,2.667104,2.7316635,2.7783387,2.7833893,2.90462,3.2909184
184.0,0.70672315,0.81059456,1.2044638,1.6014493,1.7897819,1.9291059,2.0229566,2.210652,2.5382347,2.7774308,2.8466902,2.90116,2.90837,3.0373619,3.4347863
187.0,0.7185169,0.8265049,1.2298259,1.6447722,1.8446965,1.9976283,2.0971897,2.2965486,2.6354434,2.8877575,2.9617176,3.026079,3.034365,3.1701012,3.5786557
190.0,0.7305895,0.8425366,1.2570935,1.6893002,1.901715,2.0676353,2.1714208,2.3843355,2.7346034,2.9977283,3.076743,3.1444042,3.1623147,3.306338,3.724112
193.0,0.7429622,0.8600071,1.2857114,1.7362317,1.9599135,2.137643,2.2456548,2.4788487,2.8348925,3.1066449,3.1917722,3.2640417,3.2921684,3.4438245,3.8708637
196.0,0.7558191,0.876569,1.314329,1.7854943,2.0188174,2.2076514,2.3198855,2.5742314,2.9361346,3.2166724,3.3067982,3.3836765,3.424451,3.5822384,4.0176125
199.0,0.76994723,0.8937228,1.3429462,1.8377522,2.0791864,2.2776597,2.3967354,2.6732578,3.0375173,3.32705,3.4242156,3.5033152,3.5567367,3.7238905,4.164363
202.0,0.7840748,0.9109126,1.3718852,1.8895034,2.1402621,2.3476684,2.47949,2.7722857,3.1391897,3.4398115,3.5418427,3.6229513,3.6890228,3.8657978,4.3111134
205.0,0.7987583,0.92819446,1.4009997,1.9376254,2.2032683,2.4190423,2.5692112,2.8713143,3.243835,3.558941,3.6627195,3.7432327,3.821307,4.008978,4.459591
208.0,0.8127669,0.9479279,1.4303876,1.9857478,2.2665718,2.4946415,2.662425,2.9720912,3.3555362,3.6794598,3.7871034,3.867934,3.954068,4.1539993,4.6081343
211.0,0.8273482,0.9693015,1.4598144,2.0338707,2.3298757,2.5762622,2.7587779,3.0750542,3.4672384,3.7999184,3.912186,3.9964368,4.0914555,4.300557,4.7586246
214.0,0.84220517,0.9911883,1.489861,2.081992,2.3997092,2.661504,2.8554063,3.1818151,3.5789392,3.920254,4.0372677,4.125637,4.2260685,4.452689,4.9157057
217.0,0.85713625,1.0136573,1.5198872,2.1308782,2.4726393,2.7467444,2.9556153,3.2892582,3.6918395,4.0405884,4.1623483,4.2538276,4.3628225,4.6105714,5.0761404
220.0,0.873722,1.036304,1.5498203,2.1799903,2.545571,2.8328378,3.0578225,3.3984187,3.8075588,4.1609254,4.2874336,4.381441,4.4995794,4.7696753,5.236576
223.0,0.89177245,1.0589819,1.5797526,2.2304711,2.6199224,2.9229724,3.1607354,3.507578,3.923276,4.281261,4.4125147,4.5122304,4.636332,4.9287796,5.404159
226.0,0.9097659,1.0816596,1.609633,2.2842257,2.6969504,3.014216,3.2638648,3.6167364,4.038994,4.4023666,4.536566,4.6431046,4.773751,5.0878797,5.5796657
229.0,0.9293728,1.1043378,1.6395092,2.3393152,2.7774305,3.1054628,3.3669956,3.7272007,4.1569867,4.524069,4.658516,4.774111,4.9112673,5.2478337,5.758461
232.0,0.9489845,1.128701,1.6695864,2.3965566,2.859012,3.1971514,3.4701245,3.8396008,4.2755814,4.6463633,4.7825174,4.905114,5.0471253,5.410347,5.937254
235.0,0.9685962,1.1549615,1.7037586,2.450437,2.9410028,3.289572,3.573252,3.9524448,4.394738,4.769028,4.909171,5.036119,5.1839876,5.576029,6.11605
238.0,0.9882083,1.1833645,1.7384278,2.5048532,3.0229962,3.3849046,3.676384,4.0662622,4.513748,4.891695,5.0358915,5.1683064,5.322919,5.7390556,6.2981586
241.0,1.0078202,1.2122375,1.7737883,2.5598564,3.1049871,3.4842637,3.7839048,4.18126,4.632525,5.016119,5.165715,5.301344,5.4636707,5.902081,6.4863644
244.0,1.0282973,1.2411097,1.8089893,2.6148598,3.186978,3.5836236,3.8926785,4.2962575,4.7518053,5.145426,5.2989926,5.4393444,5.6134315,6.0646467,6.6786804
247.0,1.0501025,1.2703762,1.8441736,2.6741307,3.2696297,3.686619,4.002233,4.412777,4.8734407,5.276495,5.432935,5.583759,5.76826,6.2277737,6.873613
250.0,1.074594,1.3001424,1.8801275,2.735071,3.3567963,3.7928271,4.1151342,4.531148,4.999775,5.412222,5.5730495,5.7323956,5.9242625,6.393153,7.072212
253.0,1.099602,1.3299085,1.9160824,2.796014,3.4452317,3.8999257,4.2292805,4.6503077,5.129197,5.5507474,5.7184267,5.88415,6.0833006,6.560751,7.279057
256.0,1.1259681,1.3596748,1.9522743,2.8569555,3.5309303,4.007103,4.3439636,4.7725816,5.2614174,5.6907353,5.867265,6.036844,6.245052,6.7344112,7.4851704
259.0,1.1542578,1.3894404,1.9891211,2.916722,3.6161616,4.114927,4.4606276,4.8947725,5.3950996,5.836709,6.015534,6.1901865,6.4080777,6.9080324,7.681811
262.0,1.1836998,1.4192065,2.0259683,2.9774458,3.702191,4.2275295,4.5785694,5.019541,5.528783,5.9850936,6.164854,6.3437824,6.571912,7.090545,7.878232
265.0,1.2131432,1.4492779,2.0628154,3.0381699,3.7890701,4.3415313,4.6979465,5.1468515,5.662469,6.133479,6.314565,6.497561,6.736209,7.273969,8.075717
268.0,1.2425854,1.4794335,2.1003664,3.0997984,3.8793693,4.4586573,4.819374,5.275226,5.7997036,6.2859945,6.4649305,6.6516476,6.900506,7.4578886,8.273475
271.0,1.2720201,1.5096521,2.1401172,3.1569378,3.9728923,4.5777254,4.9454756,5.4038067,5.94751,6.4427414,6.621046,6.8084974,7.0648036,7.644271,8.471233
274.0,1.3016666,1.5403682,2.1819255,3.2139173,4.057933,4.699867,5.073259,5.5366077,6.1006436,6.600188,6.7808228,6.9706507,7.2320833,7.8320465,8.671008
277.0,1.3314458,1.5717453,2.2243772,3.2729921,4.14159,4.8161054,5.203805,5.672705,6.25806,6.75994,6.9412403,7.1357636,7.406079,8.021213,8.875489
280.0,1.3612255,1.6059805,2.2677562,3.3320687,4.2257915,4.9340515,5.33603,5.8161597,6.4165416,6.9233894,7.101662,7.3034225,7.59044,8.216707,9.086336
283.0,1.3910059,1.6418384,2.3127954,3.390486,4.3113627,5.0532866,5.468917,5.961829,6.5750227,7.087163,7.262084,7.4704466,7.783026,8.416073,9.297182
286.0,1.4207846,1.6784879,2.3592465,3.448878,4.399007,5.174834,5.6040254,6.1103783,6.7339096,7.250931,7.425764,7.6395802,7.977247,8.615432,9.508018
289.0,1.4505643,1.7157277,2.4067361,3.5074713,4.486656,5.297251,5.7460384,6.2615595,6.8938456,7.414704,7.589838,7.8102093,8.172264,8.815856,9.719259
292.0,1.4804763,1.7529676,2.4548368,3.568762,4.5746756,5.420238,5.8950434,6.4151196,7.0543137,7.578145,7.753908,7.97711,8.368706,9.021688,9.936605
295.0,1.5106465,1.7900242,2.5053008,3.6304452,4.666789,5.545923,6.044968,6.5712624,7.214321,7.741269,7.9180565,8.147085,8.567414,9.232725,10.154642
298.0,1.541996,1.8269597,2.556955,3.6929367,4.7605004,5.674242,6.1957426,6.7286906,7.3743343,7.90427,8.0828705,8.319391,8.773088,9.445303,10.374489
301.0,1.5742055,1.8644058,2.6112063,3.7561045,4.8542094,5.807549,6.35017,6.886264,7.5371923,8.068619,8.247727,8.495768,8.978756,9.657877,10.595567
304.0,1.6079341,1.901851,2.666938,3.8194184,4.94792,5.944352,6.501459,7.045627,7.7020226,8.23474,8.415274,8.675204,9.1846895,9.872452,10.81794
307.0,1.6432439,1.9399318,2.7241662,3.882924,5.0421658,6.0825925,6.650411,7.206516,7.8668866,8.403307,8.584594,8.856398,9.394191,10.08787,11.0417595
310.0,1.6787466,1.978074,2.7819703,3.9490664,5.14392,6.2209826,6.802106,7.367877,8.032697,8.573357,8.754866,9.038545,9.603914,10.304389,11.265581
313.0,1.7142483,2.0162165,2.8413715,4.015352,5.246773,6.3615623,6.953914,7.5303917,8.199442,8.743977,8.926519,9.220695,9.814987,10.521347,11.4894
316.0,1.7497511,2.0549264,2.9015763,4.082558,5.3496265,6.5041857,7.105725,7.69679,8.366811,8.913393,9.099996,9.404621,10.026328,10.739565,11.7132225
319.0,1.7848316,2.0959697,2.9618452,4.1503882,5.454995,6.6514645,7.2575336,7.8645935,8.534178,9.082748,9.2786875,9.589445,10.238174,10.957855,11.938534
322.0,1.821079,2.138004,3.023391,4.220372,5.563202,6.802053,7.4111657,8.032846,8.701544,9.252107,9.458664,9.774759,10.452646,11.178754,12.16389
325.0,1.8577381,2.1799505,3.0859091,4.291459,5.674666,6.9537077,7.5674796,8.201104,8.868913,9.421351,9.6406145,9.962761,10.66712,11.40044,12.395718
328.0,1.8946258,2.221897,3.1492612,4.3630223,5.786584,7.105359,7.7242656,8.370408,9.036281,9.588154,9.82312,10.1525955,10.881591,11.622126,12.6335335
331.0,1.932032,2.264037,3.214353,4.434924,5.8992524,7.258105,7.881051,8.538183,9.204517,9.755314,10.005838,10.346133,11.096104,11.843807,12.873013
334.0,1.9694389,2.3068578,3.2800686,4.506827,6.0140553,7.4120464,8.038095,8.698788,9.374286,9.923381,10.190559,10.541742,11.313507,12.065496,13.115641
337.0,2.0068443,2.3511126,3.345996,4.58108,6.1312017,7.5660157,8.194639,8.859387,9.547056,10.094958,10.375873,10.74334,11.530946,12.287178,13.361476
340.0,2.0442505,2.3956163,3.4119222,4.657344,6.2494884,7.7199864,8.351181,9.019989,9.719906,10.270559,10.563809,10.946231,11.7495,12.513769,13.611454
343.0,2.0832264,2.4399283,3.4778502,4.736869,6.370352,7.866912,8.507728,9.18115,9.892759,10.451305,10.752257,11.14922,11.968058,12.742205,13.86372
346.0,2.1223388,2.4847503,3.5437777,4.8174143,6.493903,8.004739,8.664271,9.34297,10.066086,10.633693,10.940706,11.352209,12.189085,12.97318,14.121461
349.0,2.161958,2.5326736,3.6104295,4.8979607,6.6197634,8.142565,8.8210125,9.504787,10.243767,10.821309,11.130087,11.5552,12.41243,13.211457,14.379199
352.0,2.2022007,2.5832055,3.6785526,4.978508,6.7474794,8.280392,8.978741,9.666609,10.426134,11.013868,11.322632,11.759022,12.638796,13.453403,14.640632
355.0,2.2429643,2.6365502,3.7466753,5.0590553,6.8749332,8.417839,9.136468,9.828827,10.608644,11.208796,11.519215,11.969864,12.86408,13.700144,14.904363
358.0,2.285476,2.6898959,3.8135095,5.1396,6.9938507,8.555678,9.294194,9.993026,10.783909,11.406763,11.718571,12.184393,13.088926,13.952381,15.170565
361.0,2.3285668,2.7432394,3.8791716,5.2202888,7.1141853,8.694008,9.453775,10.160977,10.9643755,11.60473,11.91799,12.398924,13.313776,14.204625,15.436773
364.0,2.3716576,2.797774,3.9448316,5.302835,7.2358875,8.833479,9.613404,10.333958,11.145863,11.802695,12.117405,12.613457,13.539589,14.4568615,15.7036295
367.0,2.4165204,2.8537133,4.0108066,5.3890796,7.3608284,8.975105,9.773815,10.5089245,11.3287525,12.000659,12.316819,12.830511,13.767782,14.709098,15.971654
370.0,2.4620044,2.9115276,4.0770354,5.4755774,7.486562,9.116735,9.937237,10.684157,11.511646,12.198625,12.517087,13.052197,14.002777,14.9627,16.23968
373.0,2.5083017,2.9701393,4.143905,5.5658026,7.6122985,9.259508,10.106663,10.862694,11.694542,12.396591,12.717748,13.274446,14.243494,15.216624,16.507708
376.0,2.5575025,3.0314686,4.2123556,5.657724,7.7380323,9.404128,10.276963,11.043312,11.877432,12.594559,12.918403,13.496693,14.484901,15.470546,16.777952
379.0,2.609555,3.0929503,4.2809505,5.7542896,7.8635974,9.551517,10.446714,11.223931,12.060324,12.7925205,13.119059,13.719558,14.726309,15.724475,17.049517
382.0,2.6625423,3.1553085,4.3495474,5.8550653,7.9884877,9.700369,10.616457,11.404785,12.243219,12.991775,13.320733,13.945265,14.967717,15.9784,17.321041
385.0,2.7158859,3.2185116,4.4181414,5.9558578,8.113659,9.850174,10.7862015,11.586996,12.42611,13.191086,13.522726,14.174852,15.209192,16.232325,17.592562
388.0,2.769911,3.2817137,4.4877777,6.0576515,8.239483,10.005228,10.955943,11.769209,12.610383,13.3904,13.725122,14.404747,15.450787,16.486248,17.864632
391.0,2.8248484,3.344917,4.5575285,6.160328,8.366949,10.160492,11.1273365,11.951424,12.795817,13.584101,13.930071,14.635782,15.692382,16.740175,18.13682
394.0,2.8801692,3.4081216,4.6274114,6.2634554,8.494963,10.315754,11.302078,12.133635,12.981136,13.772478,14.137385,14.86829,15.933974,16.9941,18.408995
397.0,2.935425,3.4713242,4.6990595,6.365948,8.624084,10.470883,11.4774475,12.315846,13.164822,13.960854,14.347067,15.1028185,16.17557,17.248024,18.683413
400.0,2.9903958,3.5345159,4.7712574,6.46838,8.755959,10.625223,11.652814,12.498903,13.348511,14.149235,14.556752,15.337348,16.417166,17.501951,18.9595
403.0,3.045545,3.597617,4.8434544,6.5715675,8.887863,10.779563,11.831007,12.68228,13.532195,14.340404,14.766434,15.571875,16.658758,17.755875,19.235582
406.0,3.1006396,3.6618648,4.9157343,6.6798697,9.019765,10.933902,12.011301,12.867278,13.718827,14.536765,14.976515,15.8064,16.900354,18.009798,19.511667
409.0,3.1562605,3.7271369,4.9886107,6.788739,9.151671,11.085104,12.191597,13.0536585,13.905525,14.7331295,15.189442,16.044302,17.142786,18.271431,19.79053
412.0,3.216223,3.7925367,5.061781,6.897952,9.283574,11.235016,12.37391,13.240032,14.093683,14.929493,15.402364,16.282389,17.388285,18.538897,20.074238
415.0,3.277061,3.8579373,5.135069,7.0092225,9.415479,11.385288,12.543974,13.426562,14.284864,15.125858,15.615286,16.520475,17.635168,18.810583,20.358839
418.0,3.3381844,3.9233372,5.2097573,7.122942,9.54738,11.535561,12.717733,13.617294,14.476042,15.322222,15.828209,16.758558,17.882051,19.078825,20.643435
421.0,3.4009776,3.9888208,5.2845507,7.2366652,9.679288,11.689133,12.891714,13.808031,14.667225,15.518586,16.041134,16.996653,18.128939,19.343992,20.935616
424.0,3.464815,4.0548873,5.360551,7.350386,9.8150425,11.844271,13.06569,13.999186,14.858403,15.714952,16.254194,17.23474,18.37582,19.611803,21.230984
427.0,3.5286505,4.1221232,5.439476,7.4651747,9.951653,12.000922,13.239666,14.191296,15.0495825,15.911316,16.477924,17.472824,18.622705,19.881182,21.532726
430.0,3.5924885,4.189248,5.5221987,7.580672,10.08873,12.16234,13.413646,14.383414,15.240766,16.107683,16.703323,17.710917,18.869593,20.15445,21.840788
433.0,3.6571114,4.256895,5.6086693,7.6971025,10.225805,12.324924,13.587621,14.575528,15.431944,16.304045,16.92874,17.949,19.116476,20.430027,22.148844
436.0,3.7222226,4.3263793,5.697093,7.8145404,10.362996,12.485758,13.762123,14.76764,15.623123,16.50041,17.154884,18.18709,19.36482,20.705606,22.463076
439.0,3.7880642,4.3955665,5.7862406,7.9319816,10.500925,12.646565,13.936187,14.959759,15.814307,16.69678,17.377914,18.425179,19.615854,20.981186,22.77883
442.0,3.851445,4.464617,5.875758,8.0494175,10.638849,12.807373,14.109366,15.151871,16.005484,16.89314,17.59243,18.663265,19.866886,21.256765,23.096132
445.0,3.9147022,4.534485,5.965277,8.168016,10.778183,12.969638,14.282548,15.344006,16.196665,17.089506,17.807621,18.901352,20.117918,21.532347,23.415098
448.0,3.9775567,4.604368,6.056623,8.2880745,10.917755,13.132192,14.454718,15.537614,16.387848,17.285658,18.022816,19.14421,20.368956,21.807928,23.735083
451.0,4.0404096,4.674317,6.1538234,8.40839,11.057325,13.294746,14.626857,15.731987,16.579027,17.482664,18.238007,19.388391,20.62343,22.083506,24.05741
454.0,4.1032643,4.746727,6.252787,8.530544,11.196897,13.457298,14.799215,15.925993,16.770205,17.681652,18.453196,19.632563,20.885618,22.359087,24.382612
457.0,4.166118,4.819311,6.3523498,8.6527,11.336468,13.619852,14.975792,16.12,16.961386,17.8826,18.671988,19.876745,21.149683,22.635065,24.707819
460.0,4.229912,4.8941903,6.4527316,8.774855,11.467985,13.782406,15.152366,16.314005,17.152567,18.085323,18.89388,20.120926,21.413746,22.915323,25.033018
463.0,4.293599,4.9692345,6.5534806,8.897009,11.598538,13.944959,15.328942,16.507908,17.34218,18.288126,19.115772,20.368713,21.677807,23.195713,25.361057
466.0,4.357858,5.044283,6.657404,9.019636,11.729095,14.107514,15.505517,16.700275,17.533829,18.491476,19.33767,20.61704,21.941874,23.478624,25.689543
469.0,4.4228363,5.1193275,6.764696,9.142574,11.859651,14.270068,15.682093,16.892643,17.727144,18.694826,19.55956,20.858976,22.205933,23.761528,26.018023
472.0,4.4878144,5.194566,6.874504,9.265709,11.991337,14.432621,15.858667,17.085009,17.92124,18.89781,19.781452,21.097178,22.469995,24.044436,26.346506
475.0,4.553501,5.2741175,6.985053,9.388844,12.124866,14.595173,16.035242,17.277374,18.115381,19.098856,20.003344,21.33538,22.73453,24.327341,26.67498
478.0,4.61998,5.354601,7.0960493,9.51198,12.258818,14.7587595,16.211819,17.469744,18.309526,19.29991,20.225763,21.573584,22.999186,24.616863,27.003466
481.0,4.6864576,5.4365873,7.207656,9.6357,12.392574,14.911014,16.388391,17.662111,18.503668,19.500957,20.450098,21.811789,23.26384,24.906477,27.330034
484.0,4.75496,5.5199027,7.320113,9.762361,12.526382,15.063266,16.564968,17.842115,18.701736,19.702005,20.677982,22.053276,23.528494,25.196098,27.651663
487.0,4.8250284,5.6035233,7.432573,9.890714,12.662727,15.215523,16.741549,18.015287,18.902393,19.903437,20.905333,22.294937,23.793152,25.487371,27.975702
490.0,4.8963814,5.687256,7.5455823,10.020442,12.800226,15.370182,16.91812,18.188456,19.103043,20.10827,21.131441,22.5366,24.060404,25.78622,28.300768
493.0,4.967797,5.77135,7.6598725,10.151049,12.937728,15.527613,17.094694,18.361628,19.303696,20.313105,21.360605,22.778261,24.32236,26.086535,28.625826
496.0,5.0395446,5.8568516,7.775398,10.281696,13.075232,15.685049,17.271269,18.534662,19.506805,20.517942,21.58977,23.019922,24.585024,26.393831,28.950895
499.0,5.1112914,5.942352,7.8926153,10.412342,13.213774,15.842483,17.447844,18.70753,19.711245,20.722776,21.818933,23.26105,24.845991,26.703863,29.27596
502.0,5.185636,6.027851,8.009868,10.54299,13.352873,15.999913,17.624422,18.882765,19.916225,20.92761,22.048094,23.500185,25.106962,27.013897,29.601025
505.0,5.262267,6.1133533,8.127122,10.673639,13.491972,16.157349,17.800999,19.05955,20.121391,21.132849,22.277258,23.739332,25.367937,27.323936,29.929668
508.0,5.3393335,6.201152,8.244374,10.804285,13.631069,16.31478,17.977571,19.241047,20.32799,21.339975,22.50642,23.97847,25.626925,27.624126,30.264622
511.0,5.416761,6.291152,8.363005,10.934933,13.770184,16.472212,18.154146,19.42262,20.536211,21.548471,22.735601,24.217611,25.885145,27.91946,30.596128
514.0,5.4946527,6.3819914,8.482267,11.065578,13.9130745,16.629644,18.333073,19.604195,20.744438,21.75697,22.967829,24.457327,26.14337,28.213768,30.927649
517.0,5.5729475,6.4730396,8.602472,11.197791,14.05616,16.787077,18.512918,19.785769,20.952656,21.968798,23.200054,24.697092,26.401587,28.50843,31.259161
520.0,5.651243,6.572464,8.722765,11.330114,14.199774,16.944508,18.692762,19.96734,21.16088,22.188047,23.431702,24.936853,26.659803,28.806002,31.58003
523.0,5.731086,6.673893,8.842983,11.462438,14.343388,17.10194,18.87261,20.148914,21.369104,22.408213,23.662659,25.176615,26.918024,29.11038,31.895159
526.0,5.8118334,6.779089,8.963205,11.595337,14.4869995,17.259375,19.052458,20.330545,21.577326,22.628378,23.898094,25.41851,27.181942,29.415499,32.21029
529.0,5.8935776,6.8834953,9.083424,11.730221,14.630524,17.41693,19.232302,20.51279,21.785543,22.84867,24.135975,25.660807,27.448006,29.720615,32.528473
532.0,5.977149,6.9873943,9.203642,11.865562,14.774047,17.577795,19.412054,20.695038,21.992838,23.069052,24.374899,25.903105,27.71488,30.027342,32.84785
535.0,6.0612597,7.0936627,9.323861,12.000908,14.917635,17.738737,19.59033,20.877666,22.201757,23.29179,24.613825,26.145407,27.981756,30.337318,33.167236
538.0,6.1453695,7.1977463,9.44408,12.136248,15.0615015,17.899673,19.768892,21.060518,22.411123,23.514551,24.852747,26.387701,28.251324,30.652887,33.48661
541.0,6.230776,7.3018665,9.5643,12.271151,15.205366,18.060614,19.95015,21.243372,22.620483,23.73731,25.091665,26.629997,28.52554,30.96845,33.805984
544.0,6.3178716,7.4075775,9.684519,12.405415,15.349232,18.221703,20.131409,21.42623,22.83113,23.960281,25.329756,26.872301,28.799763,31.284016,34.125374
547.0,6.4059258,7.5138297,9.80537,12.540092,15.493098,18.383173,20.312662,21.609133,23.043682,24.188871,25.56791,27.114597,29.073973,31.599611,34.444744
550.0,6.49636,7.6211596,9.92944,12.676136,15.636983,18.544645,20.49433,21.792526,23.256235,24.417803,25.806059,27.356892,29.350538,31.91522,34.764122
553.0,6.5889516,7.728492,10.053816,12.81233,15.780924,18.706118,20.67633,21.97592,23.464518,24.645897,26.044216,27.60036,29.629389,32.230835,35.083504
556.0,6.688868,7.835823,10.179209,12.948523,15.924864,18.867588,20.858727,22.159317,23.659193,24.873987,26.285364,27.850115,29.913229,32.54644,35.402878
559.0,6.790687,7.9431524,10.304602,13.084715,16.0688,19.02906,21.04112,22.342707,23.853918,25.102295,26.52658,28.106417,30.203024,32.86205,35.72226
562.0,6.893729,8.050485,10.432502,13.220908,16.21274,19.19053,21.22389,22.528406,24.04864,25.331038,26.769186,28.363047,30.496702,33.177666,36.04164
565.0,6.9969234,8.157814,10.562056,13.358036,16.356905,19.351982,21.407066,22.714441,24.24336,25.559778,27.01239,28.619677,30.791683,33.493275,36.36101
568.0,7.100119,8.265899,10.691608,13.496311,16.5011,19.51338,21.590239,22.9008,24.438086,25.788523,27.253975,28.876305,31.095991,33.808884,36.68039
571.0,7.2040014,8.377494,10.820728,13.634592,16.6453,19.674788,21.773417,23.089409,24.6326,26.017267,27.497826,29.134722,31.400303,34.124496,36.99977
574.0,7.3100586,8.489495,10.949778,13.774343,16.789934,19.836187,21.956587,23.278017,24.82694,26.246008,27.746946,29.399538,31.704607,34.44011,37.31915
577.0,7.416483,8.601495,11.078594,13.914595,16.938738,19.99759,22.139761,23.466621,25.02128,26.474752,27.996065,29.669218,32.008915,34.755714,37.638527
580.0,7.5232134,8.713496,11.208555,14.054848,17.090899,20.159346,22.322935,23.65523,25.21562,26.703493,28.245188,29.941702,32.312244,35.070557,37.9579
583.0,7.6280713,8.825903,11.342567,14.194982,17.243061,20.321344,22.506111,23.844954,25.409964,26.932234,28.494314,30.216604,32.61476,35.38347,38.27609
586.0,7.721223,8.939256,11.477481,14.334998,17.395224,20.483341,22.689287,24.038153,25.604301,27.160978,28.743437,30.49183,32.917267,35.696384,38.597397
589.0,7.814447,9.052608,11.612394,14.475016,17.547384,20.645334,22.872463,24.231352,25.798643,27.397123,28.992558,30.767767,33.219765,36.009293,38.91871
592.0,7.907802,9.166757,11.747307,14.615032,17.699549,20.807333,23.057081,24.42497,25.992985,27.63632,29.241678,31.045925,33.522278,36.322205,39.240032
595.0,8.002256,9.2812,11.882219,14.755049,17.85171,20.969315,23.243078,24.620367,26.187325,27.875515,29.4908,31.324076,33.824783,36.635117,39.56134
598.0,8.09671,9.395643,12.017131,14.895064,18.003874,21.131298,23.429075,24.815966,26.381662,28.11471,29.739822,31.602226,34.127293,36.94803,39.88567
601.0,8.191166,9.510087,12.152044,15.035084,18.156038,21.293314,23.614933,25.01156,26.576006,28.356133,29.988848,31.880386,34.4298,37.26094,40.211742
604.0,8.28562,9.626687,12.286955,15.175098,18.308197,21.454113,23.788294,25.207155,26.772028,28.60197,30.237871,32.1597,34.732304,37.57385,40.53781
607.0,8.373005,9.743322,12.421868,15.315118,18.46036,21.615366,23.961653,25.40275,26.973658,28.850554,30.486895,32.44091,35.034813,37.88676,40.863884
610.0,8.455042,9.859959,12.556727,15.455132,18.612524,21.778582,24.13502,25.598343,27.183924,29.099134,30.735918,32.722122,35.337326,38.199673,41.189953
613.0,8.537313,9.976507,12.690231,15.59515,18.764688,21.941793,24.308378,25.79394,27.394445,29.347713,30.985275,33.003334,35.640274,38.51258,41.51602
616.0,8.619356,10.092728,12.824479,15.735164,18.91685,22.105011,24.48174,25.98953,27.604969,29.596292,31.23879,33.284534,35.94355,38.825497,41.84209
619.0,8.7012205,10.21015,12.959837,15.876261,19.069014,22.268227,24.655104,26.185131,27.815498,29.844877,31.492308,33.56575,36.24683,39.138412,42.16816
622.0,8.783083,10.32996,13.095568,16.021673,19.221605,22.43144,24.828465,26.385914,28.026024,30.093454,31.75126,33.846962,36.55011,39.451317,42.494232
625.0,8.864946,10.44977,13.2312975,16.167105,19.374384,22.594652,25.001822,26.588955,28.236597,30.325167,32.01097,34.13327,36.85492,39.76423,42.8203
628.0,8.946911,10.558441,13.367029,16.312536,19.52716,22.757868,25.175745,26.791994,28.447872,30.55424,32.270683,34.422142,37.161194,40.07714,43.14637
631.0,9.030914,10.663271,13.50276,16.457968,19.679945,22.921085,25.352457,26.995039,28.65941,30.783308,32.530396,34.711006,37.467472,40.390053,43.47244
634.0,9.114916,10.768566,13.638491,16.6034,19.832724,23.084297,25.529564,27.19808,28.8714,31.012377,32.792576,34.999874,37.773743,40.702965,43.798508
637.0,9.199437,10.874162,13.774221,16.748833,19.985504,23.248232,25.707884,27.401121,29.089977,31.241444,33.05555,35.294487,38.08609,41.01587,44.124577
640.0,9.284666,10.981148,13.909954,16.894266,20.138285,23.414139,25.892445,27.604168,29.308605,31.470516,33.31853,35.594547,38.400208,41.32879,44.45065
643.0,9.369896,11.089252,14.045683,17.039694,20.291067,23.58004,26.077003,27.807259,29.52723,31.699583,33.581505,35.89367,38.714317,41.641693,44.77672
646.0,9.455125,11.19839,14.181875,17.18532,20.443846,23.745949,26.261559,28.010355,29.746967,31.928654,33.84448,36.192307,39.028435,41.954605,45.10279
649.0,9.540355,11.307497,14.319696,17.332129,20.596628,23.9034,26.44612,28.213453,29.96819,32.159866,34.109264,36.49095,39.342552,42.26752,45.428856
652.0,9.625584,11.416906,14.457514,17.478931,20.749409,24.059483,26.630674,28.416553,30.189407,32.39151,34.375046,36.789597,39.65667,42.580433,45.754932
655.0,9.7108135,11.526602,14.595333,17.625742,20.902208,24.220316,26.815231,28.61965,30.410627,32.623146,34.640816,37.088234,39.97078,42.89334,46.080994
658.0,9.796043,11.636301,14.733152,17.772589,21.055025,24.383966,26.999792,28.822754,30.63185,32.855103,34.906723,37.386883,40.28489,43.206257,46.407074
661.0,9.881822,11.745997,14.87125,17.91985,21.207842,24.54761,27.184347,29.02585,30.853064,33.08762,35.178978,37.68552,40.59901,43.521507,46.733135
664.0,9.969326,11.855694,15.011909,18.068537,21.360659,24.711258,27.368904,29.228943,31.074278,33.322083,35.460365,37.98746,40.913116,43.840454,47.0592
667.0,10.0577545,11.965391,15.152571,18.221186,21.513475,24.874908,27.553686,29.432047,31.295547,33.556553,35.74176,38.290276,41.227234,44.160835,47.38528
670.0,10.146181,12.075087,15.29323,18.37383,21.666914,25.038555,27.73871,29.635145,31.516827,33.79643,36.023155,38.593086,41.541348,44.48266,47.711353
673.0,10.234608,12.186018,15.433891,18.52648,21.825655,25.202202,27.923733,29.838243,31.738106,34.040085,36.30454,38.89589,41.85546,44.807373,48.037415
676.0,10.323038,12.297428,15.574554,18.679129,21.984396,25.36585,28.108755,30.040857,31.959389,34.28375,36.585938,39.1987,42.16958,45.132095,48.3636
679.0,10.411464,12.408838,15.716374,18.831644,22.143137,25.529497,28.293777,30.243284,32.180664,34.527412,36.867325,39.504498,42.483692,45.45682,48.689774
682.0,10.499891,12.521076,15.859044,18.984053,22.30299,25.693144,28.478798,30.445719,32.405617,34.771072,37.148712,39.81063,42.797806,45.78157,49.01595
685.0,10.5889225,12.633313,16.001715,19.136461,22.464544,25.856798,28.664515,30.648148,32.633644,35.01477,37.430275,40.117065,43.11192,46.10954,49.342125
688.0,10.679704,12.745548,16.144386,19.29302,22.626102,26.02052,28.852304,30.853827,32.862076,35.2585,37.7127,40.423492,43.426117,46.439194,49.668312
691.0,10.771517,12.857754,16.287058,19.452835,22.787657,26.185356,29.040087,31.061148,33.09261,35.50222,37.995743,40.72992,43.74037,46.768845,49.994488
694.0,10.863569,12.968755,16.430017,19.61265,22.949137,26.351778,29.227875,31.269379,33.32315,35.74594,38.276367,41.03635,44.054634,47.098495,50.324036
697.0,10.955889,13.080612,16.573252,19.77247,23.110594,26.5182,29.415665,31.477612,33.553696,35.989674,38.546432,41.342865,44.368896,47.428146,50.65983
700.0,11.048852,13.192468,16.716482,19.932283,23.272055,26.684622,29.603453,31.691095,33.788155,36.234493,38.816498,41.649384,44.68315,47.7578,50.995636
703.0,11.142215,13.302072,16.859894,20.0921,23.43351,26.851046,29.796549,31.908857,34.02272,36.480583,39.086563,41.955902,44.99741,48.087444,51.33143
706.0,11.235579,13.40093,17.01013,20.25192,23.594967,27.017466,29.990545,32.12661,34.257286,36.726685,39.356636,42.262436,45.311672,48.417103,51.667233
709.0,11.325995,13.499815,17.160368,20.411734,23.756424,27.18389,30.184536,32.344376,34.49184,36.973167,39.63575,42.568954,45.62593,48.746758,51.998108
712.0,11.415018,13.598701,17.3106,20.57155,23.919506,27.35031,30.378527,32.562134,34.727287,37.222992,39.91623,42.875473,45.940193,49.0764,52.306213
715.0,11.504042,13.697587,17.444714,20.731369,24.083181,27.516731,30.572525,32.779896,34.963745,37.472824,40.196705,43.182003,46.252644,49.40606,52.614326
718.0,11.593063,13.797506,17.578539,20.891188,24.246855,27.685463,30.766516,32.997967,35.205147,37.72265,40.479095,43.493,46.564922,49.73571,52.922432
721.0,11.682087,13.903448,17.712414,21.051003,24.41053,27.854313,30.96051,33.216415,35.44774,37.97248,40.76422,43.804317,46.883423,50.06536,53.23054
724.0,11.771128,14.014345,17.848665,21.210884,24.574198,28.023329,31.154503,33.436226,35.690323,38.222298,41.04934,44.116493,47.205402,50.40016,53.540237
727.0,11.860175,14.125731,17.984922,21.373571,24.737877,28.193491,31.348495,33.64926,35.932915,38.47213,41.33446,44.428734,47.52739,50.735527,53.853756
730.0,11.953306,14.237118,18.11814,21.536234,24.901552,28.36365,31.542467,33.863987,36.17564,38.721954,41.619587,44.740974,47.84938,51.07089,54.167282
733.0,12.049331,14.348503,18.250608,21.698896,25.06522,28.533804,31.736343,34.080376,36.41849,38.971786,41.90471,45.053207,48.171352,51.40624,54.481285
736.0,12.145689,14.455429,18.38308,21.861559,25.228897,28.703962,31.930233,34.296875,36.662117,39.221615,42.189827,45.367577,48.49334,51.7416,54.799183
739.0,12.242048,14.56122,18.51555,22.024137,25.392572,28.874125,32.12412,34.513367,36.90721,39.471443,42.474953,45.688072,48.81533,52.076965,55.11708
742.0,12.338696,14.667009,18.648018,22.18518,25.55624,29.04428,32.318,34.72985,37.152306,39.72352,42.761505,46.01117,49.137306,52.412315,55.437004
745.0,12.436325,14.772802,18.780489,22.346231,25.721237,29.21485,32.51377,34.94635,37.3974,39.98088,43.049446,46.334602,49.460182,52.754154,55.757942
748.0,12.533955,14.8785925,18.912958,22.507557,25.887661,29.385506,32.710022,35.16284,37.6425,40.243866,43.337387,46.658035,49.78796,53.097397,56.078876
751.0,12.631583,14.984383,19.046152,22.66891,26.054083,29.556158,32.906273,35.379333,37.88759,40.506844,43.62532,46.98146,50.11573,53.440628,56.399807
754.0,12.729214,15.090174,19.183836,22.830265,26.220505,29.726816,33.102528,35.59583,38.13269,40.769836,43.91326,47.304893,50.44368,53.78387,56.72239
757.0,12.828102,15.196812,19.321516,22.99162,26.386927,29.897474,33.295128,35.812317,38.37779,41.03283,44.20121,47.628326,50.77219,54.127113,57.05352
760.0,12.9284115,15.304196,19.459192,23.152975,26.553349,30.068129,33.482864,36.032234,38.622887,41.296726,44.489143,47.95175,51.100693,54.470345,57.384644
763.0,13.028725,15.411583,19.596872,23.31433,26.71977,30.23878,33.670605,36.256027,38.86884,41.567688,44.777084,48.273933,51.429207,54.813587,57.71578
766.0,13.129034,15.518969,19.734545,23.475683,26.887625,30.409435,33.858345,36.48603,39.116245,41.841393,45.067642,48.576008,51.757713,55.15772,58.046906
769.0,13.225971,15.626355,19.872227,23.63704,27.057798,30.580091,34.04608,36.717445,39.363663,42.118504,45.359673,48.878086,52.08623,55.476215,58.378036
772.0,13.312965,15.733743,20.009905,23.798395,27.227976,30.750753,34.233826,36.94886,39.611076,42.395615,45.651695,49.17946,52.41474,55.79759,58.709167
775.0,13.400424,15.84154,20.144745,23.959747,27.398146,30.921404,34.421562,37.18027,39.858482,42.672718,45.94371,49.481033,52.743244,56.117947,59.040295
778.0,13.488366,15.949453,20.271074,24.121101,27.568323,31.09206,34.61126,37.411682,40.1059,42.952553,46.235737,49.78262,53.071754,56.438313,59.371426
781.0,13.576307,16.048904,20.397966,24.28246,27.738497,31.262716,34.800972,37.643097,40.353306,43.2404,46.527756,50.0842,53.401203,56.761032,59.70256
784.0,13.6642475,16.146566,20.52582,24.443811,27.908491,31.433372,34.990685,37.874508,40.600716,43.52804,46.819767,50.38578,53.73324,57.08461,60.033684
787.0,13.746567,16.245703,20.65238,24.593433,28.078375,31.604029,35.180397,38.10592,40.84813,43.81482,47.111794,50.68737,54.07066,57.408577,60.364822
790.0,13.823702,16.344841,20.77783,24.741602,28.248259,31.774683,35.371445,38.337337,41.095547,44.10159,47.40382,50.988953,54.408123,57.732906,60.69624
793.0,13.900833,16.443975,20.903912,24.889761,28.418142,31.945337,35.57131,38.568745,41.342957,44.38836,47.695835,51.290535,54.745583,58.05724,61.028297
796.0,13.978993,16.543116,21.029999,25.038303,28.588026,32.11599,35.771183,38.800163,41.59037,44.675133,47.987854,51.59212,55.083046,58.38157,61.360363
799.0,14.06275,16.642254,21.156088,25.185665,28.757914,32.28665,35.970573,39.031574,41.838108,44.961914,48.279884,51.893707,55.423996,58.7059,61.69243
802.0,14.146501,16.741392,21.282167,25.320498,28.927795,32.4573,36.16973,39.26298,42.086315,45.248672,48.57189,52.195286,55.766254,59.02985,62.024487
805.0,14.230257,16.840528,21.408255,25.455873,29.097681,32.627953,36.369263,39.4944,42.33491,45.535446,48.863914,52.49687,56.10853,59.353607,62.356552
808.0,14.314013,16.939669,21.534264,25.591524,29.255178,32.7986,36.569115,39.72581,42.584156,45.82222,49.15594,52.798462,56.450794,59.67737,62.68862
811.0,14.397765,17.038801,21.65875,25.727167,29.411905,32.969242,36.76896,39.957222,42.833427,46.108982,49.447956,53.100037,56.79306,60.001106,63.02191
814.0,14.481829,17.137941,21.783245,25.862812,29.568624,33.139893,36.97609,40.188637,43.082714,46.39576,49.739983,53.401623,57.13533,60.324867,63.356647
817.0,14.566107,17.23708,21.90756,25.999296,29.725351,33.31054,37.188797,40.420048,43.332264,46.682537,50.032005,53.703205,57.4776,60.648617,63.691372
820.0,14.650784,17.336218,22.030561,26.136923,29.882074,33.483658,37.401505,40.65146,43.58181,46.969296,50.32402,54.006535,57.82328,60.973236,64.02645
823.0,14.735464,17.435352,22.153566,26.274551,30.038797,33.661037,37.61428,40.882877,43.831367,47.256073,50.616043,54.31179,58.169075,61.298042,64.36162
826.0,14.820146,17.534492,22.27657,26.413076,30.19552,33.838425,37.827072,41.115658,44.080917,47.542847,50.908066,54.61705,58.495514,61.62285,64.6968
829.0,14.904824,17.63363,22.399572,26.552465,30.352243,34.004868,38.039856,41.349403,44.33777,47.82962,51.200077,54.922523,58.809475,61.94763,65.03196
832.0,14.989506,17.732767,22.522577,26.691862,30.50897,34.16954,38.252636,41.583145,44.60522,48.116386,51.492104,55.231,59.123444,62.272438,65.367134
835.0,15.070192,17.826586,22.645582,26.831255,30.665693,34.334213,38.46694,41.816895,44.87268,48.40316,51.784126,55.539497,59.42276,62.60028,65.7023
838.0,15.150015,17.919424,22.768583,26.970644,30.822412,34.49888,38.675575,42.050632,45.140133,48.689926,52.081985,55.847992,59.714584,62.933987,66.04432
841.0,15.230522,18.01817,22.891588,27.106586,30.979136,34.663555,38.886536,42.284378,45.407585,48.976704,52.38183,56.156494,60.00642,63.2677,66.386894
844.0,15.3123045,18.116917,23.014591,27.242456,31.135864,34.828224,39.097485,42.51812,45.675045,49.263474,52.68168,56.465004,60.29895,63.60141,66.72947
847.0,15.394088,18.215658,23.138124,27.378325,31.292583,34.992897,39.30843,42.751865,45.942497,49.55024,52.981514,56.77349,60.598278,63.93512,67.07204
850.0,15.475871,18.315355,23.26166,27.514194,31.44931,35.15757,39.510857,42.98561,46.20295,49.837017,53.281364,57.081997,60.898697,64.26883,67.41461
853.0,15.557656,18.415323,23.385197,27.650064,31.606033,35.32246,39.707657,43.219353,46.467094,50.123787,53.58121,57.3905,61.19916,64.60255,67.75719
856.0,15.639439,18.515291,23.504763,27.785933,31.76275,35.488976,39.90514,43.453094,46.73124,50.410553,53.881786,57.698997,61.49961,64.93624,68.099754
859.0,15.721222,18.61526,23.621508,27.921804,31.91948,35.655506,40.10275,43.686844,46.995388,50.69733,54.18284,58.00762,61.800087,65.26996,68.44233
862.0,15.803007,18.715229,23.740591,28.05767,32.076202,35.82629,40.30036,43.921192,47.259537,50.9841,54.484024,58.31948,62.100555,65.603676,68.78491
865.0,15.8847885,18.81565,23.85998,28.19354,32.232918,35.9989,40.497963,44.155613,47.52645,51.271313,54.785202,58.63215,62.401,65.93738,69.12748
868.0,15.966572,18.916168,23.979368,28.329409,32.389645,36.17152,40.695576,44.390038,47.793655,51.56058,55.08639,58.944954,62.70147,66.27108,69.470055
871.0,16.048353,19.016685,24.098755,28.465277,32.54637,36.34414,40.89318,44.624454,48.06517,51.851894,55.38757,59.25775,63.001923,66.604805,69.81262
874.0,16.130136,19.117205,24.21815,28.601149,32.703094,36.516754,41.090828,44.85888,48.338562,52.14321,55.688763,59.57056,63.3024,66.938515,70.155205
877.0,16.211922,19.217684,24.337536,28.73702,32.860382,36.68937,41.288597,45.07977,48.61196,52.434532,55.989952,59.88337,63.602867,67.272224,70.49778
880.0,16.293703,19.319006,24.456924,28.872885,33.017754,36.861855,41.486355,45.299107,48.885345,52.72585,56.291756,60.196167,63.90332,67.60593,70.84006
883.0,16.378145,19.420738,24.576315,29.008759,33.175125,37.04095,41.68412,45.518448,49.158817,53.017193,56.59655,60.50003,64.20379,67.939644,71.181114
886.0,16.465496,19.522474,24.695704,29.144629,33.32444,37.2228,41.88188,45.737785,49.433376,53.308563,56.901764,60.78279,64.50426,68.27335,71.52219
889.0,16.552847,19.624208,24.815092,29.280493,33.4643,37.404644,42.07965,45.95712,49.707928,53.60115,57.20696,61.069126,64.80471,68.60705,71.86324
892.0,16.6402,19.725943,24.93448,29.416368,33.602768,37.586918,42.279297,46.176605,49.982487,53.893845,57.512173,61.355484,65.10518,68.940765,72.204315
895.0,16.727552,19.829027,25.053873,29.55224,33.73864,37.76944,42.479317,46.39626,50.25705,54.186543,57.819878,61.641838,65.40564,69.27448,72.54539
898.0,16.81541,19.932875,25.173256,29.682138,33.87579,37.951958,42.67933,46.6203,50.529015,54.48001,58.128956,61.928185,65.70609,69.60819,72.88643
901.0,16.90328,20.036732,25.29265,29.810585,34.013535,38.134594,42.87934,46.84764,50.787476,54.773502,58.4412,62.21453,66.00657,69.9419,73.2275
904.0,16.991144,20.14058,25.41204,29.939028,34.151283,38.321873,43.07994,47.07588,51.045937,55.066986,58.754875,62.500885,66.30703,70.26923,73.56858
907.0,17.079012,20.244429,25.531424,30.067467,34.289024,38.51153,43.280987,47.304264,51.304386,55.360466,59.068596,62.78759,66.6075,70.57888,73.90901
910.0,17.16688,20.34828,25.650816,30.195911,34.431,38.70119,43.482033,47.532665,51.56285,55.65395,59.38232,63.075264,66.90797,70.888535,74.24785
913.0,17.254858,20.453995,25.770275,30.324356,34.57512,38.89011,43.68313,47.7651,51.82131,55.947437,59.696045,63.36293,67.20843,71.19703,74.58668
916.0,17.342928,20.561249,25.889986,30.452799,34.71923,39.082108,43.884323,48.003044,52.079758,56.240913,60.009766,63.6506,67.50965,71.5046,74.9255
919.0,17.431002,20.669043,26.009699,30.581242,34.863354,39.279907,44.085526,48.24123,52.338215,56.534393,60.323494,63.93827,67.811226,71.81219,75.264336
922.0,17.519072,20.776836,26.129412,30.70751,35.007477,39.4777,44.28694,48.490185,52.59668,56.813316,60.637215,64.23274,68.11089,72.11978,75.60317
925.0,17.607141,20.87549,26.24912,30.83255,35.15159,39.675495,44.488846,48.739136,52.855118,57.08898,60.950928,64.52799,68.41054,72.427666,75.94199
928.0,17.695805,20.972345,26.368834,30.957594,35.29571,39.87329,44.69075,48.9881,53.113583,57.364662,61.26471,64.82325,68.710205,72.73665,76.28462
931.0,17.785986,21.069202,26.488546,31.082634,35.439827,40.071083,44.892662,49.237053,53.37204,57.640778,61.57894,65.118515,69.009865,73.04565,76.62778
934.0,17.876707,21.166056,26.60855,31.207674,35.583946,40.268875,45.09456,49.486,53.630722,57.92332,61.893166,65.41633,69.30952,73.356026,76.970924
937.0,17.969397,21.262915,26.730375,31.33272,35.729965,40.466675,45.29647,49.734596,53.8898,58.20701,62.205772,65.71456,69.611946,73.669044,77.31408
940.0,18.062084,21.35977,26.852694,31.457762,35.880814,40.664467,45.498383,49.98313,54.147587,58.4968,62.517982,66.012794,69.92008,73.98208,77.657234
943.0,18.154772,21.456623,26.975424,31.582605,36.030846,40.86226,45.700157,50.2304,54.405083,58.786583,62.80018,66.31103,70.22822,74.2951,78.00039
946.0,18.247461,21.553482,27.098314,31.706722,36.174515,41.05645,45.90175,50.477356,54.66259,59.07637,63.080894,66.60927,70.53634,74.608116,78.34354
949.0,18.340149,21.65034,27.2091,31.830832,36.318176,41.25007,46.10334,50.724304,54.920097,59.36616,63.361595,66.90751,70.84448,74.92114,78.686806
952.0,18.432833,21.74719,27.319876,31.95494,36.46184,41.443687,46.30493,50.97125,55.177605,59.655945,63.642296,67.20574,71.15261,75.23415,79.03483
955.0,18.525524,21.843958,27.430662,32.07905,36.605507,41.637306,46.506516,51.2182,55.43479,59.945724,63.92301,67.503975,71.46165,75.550766,79.39146
958.0,18.618212,21.940653,27.541445,32.20724,36.749176,41.830933,46.70811,51.465305,55.69191,60.235523,64.20237,67.80221,71.77369,75.8771,79.748344
961.0,18.710897,22.037348,27.652224,32.337852,36.892834,42.024555,46.909775,51.712452,55.94903,60.5253,64.467186,68.10044,72.08704,76.20344,80.106636
964.0,18.803585,22.134045,27.763008,32.46846,37.0365,42.21817,47.111557,51.959606,56.20615,60.815094,64.732,68.39868,72.40487,76.52979,80.46495
967.0,18.896276,22.230743,27.873789,32.599075,37.18017,42.41272,47.31922,52.206764,56.463272,61.10488,64.99683,68.69692,72.722694,76.856125,80.82325
970.0,18.988962,22.327436,27.98457,32.729683,37.32383,42.60856,47.528473,52.453907,56.722923,61.397034,65.26165,69.00063,73.04051,77.18246,81.18156
973.0,19.08165,22.424133,28.095354,32.860294,37.470226,42.791462,47.73773,52.70106,56.986794,61.67714,65.52946,69.30469,73.358345,77.50881,81.539856
976.0,19.174337,22.52083,28.206135,32.990906,37.623238,42.96879,47.946983,52.954086,57.250664,61.962154,65.79963,69.60874,73.676155,77.83514,81.87799
979.0,19.267927,22.617523,28.31692,33.121517,37.77659,43.14612,48.15543,53.207436,57.516235,62.247147,66.06995,69.9128,73.99398,78.16149,82.214714
982.0,19.36313,22.714224,28.427702,33.25213,37.93008,43.323452,48.363457,53.461304,57.783253,62.53177,66.34061,70.216866,74.311806,78.487816,82.55166
985.0,19.459415,22.810913,28.53848,33.382736,38.083572,43.50078,48.57148,53.71527,58.050262,62.81655,66.61126,70.52129,74.62962,78.814156,82.8886
988.0,19.554853,22.907614,28.649263,33.514565,38.237064,43.67811,48.779514,53.96948,58.31729,63.101536,66.88511,70.82915,74.94746,79.1405,83.22565
991.0,19.650024,23.004309,28.760048,33.647278,38.390556,43.85544,48.991913,54.224056,58.58779,63.386528,67.16051,71.13701,75.265274,79.466835,83.56432
994.0,19.745193,23.101004,28.870827,33.77999,38.551292,44.027473,49.210712,54.478626,58.8608,63.6715,67.43589,71.444916,75.5831,79.793175,83.90298
997.0,19.840319,23.1977,28.981611,33.912704,38.718887,44.19716,49.431454,54.7332,59.134304,63.956493,67.71592,71.75294,75.900925,80.11953,84.24165
1000.0,19.935328,23.294397,29.092394,34.045418,38.886383,44.367508,49.655262,54.987778,59.407806,64.223,67.99793,72.06097,76.218254,80.44586,84.58034
1003.0,20.030336,23.391088,29.203176,34.17813,39.052715,44.53787,49.879585,55.242348,59.681297,64.478386,68.279945,72.362114,76.53499,80.772194,84.919
1006.0,20.125345,23.487787,29.317156,34.31084,39.21904,44.708237,50.104187,55.498848,59.954792,64.73377,68.56196,72.653145,76.851746,81.09853,85.25767
1009.0,20.220354,23.584486,29.433338,34.443558,39.385376,44.8786,50.32878,55.76139,60.228302,64.98916,68.84397,72.944176,77.16848,81.42656,85.596344
1012.0,20.315363,23.681181,29.549517,34.576263,39.551704,45.04896,50.553368,56.02392,60.501785,65.244545,69.125984,73.23519,77.48522,81.754654,85.93502
1015.0,20.410372,23.77788,29.665703,34.708977,39.718037,45.219322,50.77796,56.286465,60.77529,65.49995,69.408,73.52622,77.80196,82.082756,86.27369
1018.0,20.505383,23.874575,29.781883,34.841694,39.88458,45.38969,51.00247,56.549004,61.0488,65.75533,69.69001,73.81725,78.118706,82.410866,86.61236
1021.0,20.600388,23.971266,29.898062,34.974403,40.052452,45.56005,51.22686,56.81154,61.32229,66.01072,69.975334,74.10827,78.43545,82.738976,86.95103
1024.0,20.695396,24.067963,30.01425,35.107117,40.22032,45.730415,51.451263,57.076614,61.595795,66.266106,70.26083,74.3993,78.752205,83.06708,87.289696
1027.0,20.79041,24.164663,30.13043,35.23983,40.3882,45.900787,51.675655,57.334137,61.869293,66.5215,70.54634,74.69033,79.06895,83.39519,87.62838
1030.0,20.885414,24.261385,30.246609,35.372543,40.556072,46.071136,51.900047,57.58959,62.142788,66.776886,70.83184,74.981346,79.38568,83.72328,87.96704
1033.0,20.980425,24.358423,30.362795,35.505257,40.72395,46.2416,52.124447,57.845055,62.416283,67.03233,71.11734,75.27238,79.70242,84.05139,88.30571
1036.0,21.075432,24.455456,30.478977,35.63797,40.891823,46.419113,52.348843,58.10052,62.68979,67.28779,71.40284,75.56828,80.01917,84.384926,88.64439
1039.0,21.170439,24.55249,30.595158,35.77068,41.059692,46.596622,52.573578,58.355972,62.96937,67.54325,71.68835,75.86785,80.33591,84.71951,88.983055
1042.0,21.265448,24.64953,30.711342,35.903397,41.227566,46.774143,52.79858,58.61143,63.251457,67.79871,71.97383,76.16741,80.65266,85.05277,89.321724
1045.0,21.360458,24.746565,30.827526,36.036407,41.395443,46.951393,53.01687,58.86689,63.536022,68.05418,72.25934,76.46699,80.970436,85.38575,89.660446
1048.0,21.45547,24.843597,30.943705,36.170544,41.563316,47.127922,53.233192,59.122353,63.82057,68.30962,72.54484,76.76655,81.27175,85.71871,90.00135
1051.0,21.550476,24.94059,31.05989,36.304688,41.731186,47.304455,53.449516,59.373825,64.10513,68.56559,72.83034,77.066124,81.57305,86.05169,90.34279
1054.0,21.645483,25.038574,31.176073,36.438828,41.899067,47.480984,53.669052,59.625706,64.389694,68.82454,73.115845,77.365685,81.87438,86.38467,90.68422
1057.0,21.740492,25.138262,31.292253,36.577103,42.066933,47.657516,53.889668,59.879616,64.66546,69.08349,73.40134,77.66525,82.1757,86.71762,91.03241
1060.0,21.835503,25.239454,31.408436,36.7164,42.234814,47.83405,54.09379,60.134163,64.92036,69.342445,73.68684,77.96482,82.47699,87.050606,91.38193
1063.0,21.930513,25.342142,31.52462,36.855698,42.402687,48.018883,54.297024,60.388718,65.1752,69.6014,73.97234,78.2644,82.77827,87.38357,91.731445
1066.0,22.025518,25.44515,31.640799,37.00353,42.570557,48.205936,54.50293,60.64327,65.430046,69.86035,74.257835,78.563965,83.07954,87.71653,92.080956
1069.0,22.12053,25.548164,31.756985,37.152657,42.73944,48.39299,54.708954,60.89782,65.68504,70.11931,74.54737,78.86353,83.38081,88.04951,92.43046
1072.0,22.215538,25.651175,31.873163,37.303703,42.90832,48.580048,54.91498,61.153263,65.94004,70.38155,74.83814,79.16311,83.68208,88.3838,92.77998
1075.0,22.310543,25.754183,31.989347,37.460033,43.0772,48.767097,55.121002,61.412178,66.19532,70.64706,75.12874,79.46266,83.987206,88.71951,93.129486
1078.0,22.407698,25.857197,32.105984,37.61637,43.246086,48.95415,55.328262,61.671093,66.450645,70.91256,75.41935,79.76223,84.29631,89.055244,93.479
1081.0,22.50669,25.960203,32.22427,37.772858,43.414955,49.144638,55.540363,61.930016,66.705956,71.17806,75.70995,80.06332,84.605415,89.39095,93.82851
1084.0,22.606035,26.063215,32.342564,37.93367,43.583843,49.34165,55.75247,62.188927,66.96401,71.443565,76.00057,80.36459,84.91453,89.726685,94.178024
1087.0,22.703823,26.166227,32.460854,38.09447,43.752724,49.538666,55.96457,62.44785,67.222786,71.709145,76.291176,80.66586,85.22363,90.062416,94.52753
1090.0,22.802042,26.269236,32.579144,38.255272,43.921913,49.735672,56.177963,62.706753,67.48155,71.9794,76.58178,80.967125,85.53274,90.398125,94.87704
1093.0,22.902004,26.372248,32.697433,38.41608,44.0915,49.93268,56.39248,62.965683,67.74039,72.24968,76.8724,81.26841,85.84185,90.73386,95.22656
1096.0,23.001966,26.475262,32.81573,38.57689,44.26109,50.1297,56.607,63.224598,67.99927,72.51994,77.15047,81.56968,86.15135,91.06797,95.57607
1099.0,23.101923,26.57827,32.934017,38.73769,44.43067,50.326702,56.821503,63.48351,68.25814,72.7902,77.42808,81.87095,86.46282,91.38698,95.925575
1102.0,23.201881,26.68128,33.052307,38.8985,44.601955,50.523712,57.036022,63.74243,68.51508,73.06048,77.70571,82.17223,86.7743,91.70599,96.275085
1105.0,23.301844,26.78429,33.1706,39.059303,44.778687,50.72115,57.250534,63.996883,68.7694,73.33074,77.983345,82.4735,87.08576,92.025,96.624596
1108.0,23.4018,26.887304,33.288887,39.220108,44.95542,50.91892,57.46505,64.238304,69.02373,73.601006,78.26095,82.77477,87.39723,92.344,96.974106
1111.0,23.501764,26.990314,33.40719,39.380913,45.132164,51.11669,57.679565,64.47971,69.27805,73.87127,78.53858,83.07604,87.7087,92.663,97.323616
1114.0,23.60172,27.093325,33.525475,39.541718,45.307198,51.315063,57.894077,64.72114,69.53239,74.14155,78.816216,83.37732,88.02034,92.98203,97.673134
1117.0,23.70168,27.196337,33.64377,39.702522,45.480362,51.518936,58.10859,64.93621,69.786705,74.41181,79.0941,83.67858,88.33205,93.301025,98.02265
1120.0,23.801409,27.299345,33.76206,39.86333,45.653194,51.723587,58.323105,65.15264,70.04103,74.682076,79.37328,83.979866,88.650665,93.620094,98.372154
1123.0,23.90196,27.402359,33.880352,40.024136,45.825294,51.92823,58.537624,65.371864,70.29537,74.95234,79.65246,84.28317,88.96931,93.94706,98.72169
1126.0,24.003412,27.50537,33.998642,40.184937,45.997387,52.132874,58.752136,65.591095,70.54968,75.22261,79.93163,84.58679,89.287926,94.27398,99.07118
1129.0,24.104868,27.60838,34.11693,40.345745,46.16949,52.33753,58.967224,65.81036,70.80402,75.492874,80.21081,84.89042,89.60656,94.6009,99.4207
1132.0,24.207556,27.71139,34.236195,40.506554,46.343422,52.542175,59.18258,66.02973,71.05834,75.763145,80.48997,85.19407,89.92519,94.92781,99.77021
1135.0,24.311045,27.8144,34.356148,40.66735,46.526066,52.746815,59.39793,66.24911,71.31282,76.03341,80.775764,85.4977,90.24382,95.2547,100.11971
1138.0,24.414537,27.917414,34.476105,40.828163,46.708717,52.95146,59.613277,66.4703,71.56736,76.30368,81.06375,85.80134,90.56246,95.58161,100.46923
1141.0,24.51803,28.020426,34.59606,40.988968,46.891373,53.15611,59.82864,66.69855,71.821884,76.573944,81.35172,86.105034,90.881096,95.90852,100.81873
1144.0,24.621523,28.12256,34.71602,41.149773,47.074013,53.361084,60.043983,66.92361,72.0764,76.84421,81.6397,86.40887,91.19972,96.23542,101.16825
1147.0,24.725016,28.223333,34.83663,41.311363,47.256676,53.566204,60.25934,67.13377,72.33294,77.11448,81.92897,86.71271,91.51835,96.562325,101.51777
1150.0,24.828512,28.32411,34.95913,41.473618,47.439323,53.771328,60.474693,67.34418,72.59403,77.38474,82.21929,87.016426,91.83698,96.88924,101.86727
1153.0,24.932001,28.424883,35.087967,41.63587,47.62197,53.97644,60.69004,67.554596,72.85509,77.65501,82.50962,87.31979,92.15562,97.21614,102.21678
1156.0,25.035496,28.526299,35.22055,41.798134,47.80462,54.181557,60.905396,67.76502,73.11618,77.92099,82.79995,87.62318,92.47425,97.54304,102.56631
1159.0,25.13899,28.629894,35.3564,41.96039,47.98727,54.38668,61.120747,67.97547,73.37726,78.18666,83.09028,87.92655,92.792885,97.86996,102.91581
1162.0,25.24248,28.734808,35.49224,42.12264,48.17023,54.591797,61.336098,68.18606,73.63834,78.45231,83.38061,88.22993,93.11151,98.19685,103.256325
1165.0,25.345974,28.8403,35.628086,42.284897,48.35875,54.79692,61.55145,68.396645,73.89943,78.71797,83.67095,88.53331,93.43015,98.52378,103.58899
1168.0,25.449633,28.945982,35.76393,42.44774,48.554214,55.00229,61.766808,68.60725,74.1605,78.983635,83.96148,88.83669,93.74877,98.85068,103.92165
1171.0,25.555021,29.051987,35.901314,42.61505,48.749672,55.209564,61.982754,68.81783,74.42158,79.24987,84.25202,89.14007,94.067406,99.177574,104.25431
1174.0,25.660414,29.157991,36.045868,42.787033,48.945137,55.416855,62.183586,69.02843,74.682655,79.518875,84.54256,89.44344,94.38603,99.50448,104.58698
1177.0,25.765806,29.263992,36.19409,42.960194,49.140602,55.624126,62.378803,69.23903,74.94375,79.78887,84.833084,89.746826,94.70468,99.83139,104.91964
1180.0,25.871197,29.369993,36.3423,43.13336,49.336674,55.831406,62.57401,69.44961,75.20481,80.05887,85.123604,90.05021,95.0233,100.158295,105.25231
1183.0,25.976591,29.476,36.48902,43.30567,49.536003,56.042145,62.769226,69.660194,75.465904,80.328865,85.41415,90.353584,95.34194,100.48519,105.584984
1186.0,26.081984,29.583624,36.634872,43.47776,49.73533,56.256683,62.96443,69.8708,75.726974,80.598885,85.70467,90.65696,95.66198,100.8121,105.91765
1189.0,26.187376,29.691782,36.780724,43.649864,49.934658,56.471226,63.159653,70.08138,75.989746,80.86892,85.9952,90.960335,95.988556,101.13901,106.25031
1192.0,26.292768,29.79994,36.92658,43.81722,50.133987,56.685772,63.35602,70.291985,76.25558,81.13897,86.285736,91.26372,96.31515,101.46592,106.58293
1195.0,26.398157,29.908096,37.072426,43.975327,50.333305,56.89991,63.553936,70.50257,76.52142,81.40899,86.57627,91.57317,96.64173,101.79281,106.91555
1198.0,26.503551,30.016253,37.218285,44.13344,50.53264,57.113407,63.75187,70.71317,76.78948,81.67903,86.8668,91.88443,96.968315,102.12036,107.248146
1201.0,26.608946,30.124414,37.364136,44.29155,50.73197,57.326904,63.949863,70.92376,77.05771,81.94918,87.157326,92.19677,97.2949,102.449196,107.58076
1204.0,26.714334,30.232567,37.509995,44.454895,50.931576,57.540398,64.147896,71.134346,77.32592,82.223434,87.44785,92.514915,97.62148,102.77804,107.91336
1207.0,26.81973,30.340733,37.655838,44.622414,51.1317,57.7539,64.34595,71.34495,77.59415,82.49919,87.73635,92.83307,97.94807,103.10689,108.25128
1210.0,26.925123,30.448889,37.801697,44.79036,51.331787,57.967392,64.544,71.55555,77.86237,82.77495,88.02236,93.15124,98.27465,103.43573,108.59632
1213.0,27.030516,30.557043,37.947548,44.96068,51.53176,58.180885,64.74221,71.766136,78.13059,83.0507,88.30837,93.46938,98.601234,103.764565,108.94135
1216.0,27.135908,30.665201,38.0934,45.130997,51.731735,58.394386,64.94059,71.97672,78.391014,83.33407,88.59438,93.787544,98.927734,104.09342,109.28639
1219.0,27.241302,30.773281,38.239258,45.301323,51.93171,58.60788,65.138954,72.187325,78.64904,83.618866,88.88039,94.09344,99.253845,104.422264,109.63145
1222.0,27.346691,30.881292,38.3851,45.47164,52.131683,58.821373,65.337326,72.40042,78.90705,83.90365,89.16639,94.398735,99.579956,104.75111,109.97648
1225.0,27.452085,30.989305,38.530956,45.64196,52.331657,59.036633,65.5357,72.62049,79.16508,84.18844,89.4524,94.70405,99.90605,105.07996,110.32151
1228.0,27.557478,31.098524,38.676815,45.812283,52.531628,59.253517,65.73407,72.84055,79.42238,84.472916,89.73841,95.00936,100.232155,105.40896,110.66656
1231.0,27.66287,31.21429,38.822662,45.982605,52.731598,59.46185,65.932434,73.0606,79.66923,84.757324,90.024414,95.314644,100.558266,105.73751,111.01159
1234.0,27.768265,31.330061,38.968517,46.152924,52.931576,59.65084,66.130806,73.28067,79.90542,85.04174,90.31042,95.619965,100.88437,106.066086,111.356636
1237.0,27.873655,31.445831,39.1155,46.32325,53.131557,59.839832,66.329185,73.50074,80.141594,85.32616,90.59643,95.92528,101.21047,106.39464,111.70168
1240.0,27.979046,31.563278,39.270905,46.493565,53.331524,60.02882,66.53371,73.7208,80.37777,85.61056,90.88242,96.230576,101.53657,106.7232,112.04672
1243.0,28.086586,31.680815,39.42839,46.663883,53.5315,60.21781,66.741005,73.94086,80.61396,85.89497,91.168434,96.53588,101.86268,107.05175,112.39176
1246.0,28.194319,31.798586,39.58587,46.83421,53.73262,60.40689,66.94921,74.16091,80.850136,86.17965,91.454445,96.841194,102.18879,107.38033,112.7368
1249.0,28.302246,31.923227,39.736187,47.00715,53.93479,60.595978,67.161415,74.380974,81.08631,86.46432,91.74044,97.1465,102.514885,107.70888,113.08183
1252.0,28.4099,32.047867,39.884354,47.187973,54.13696,60.785076,67.374916,74.601036,81.32251,86.748985,92.02645,97.45456,102.841,108.03744,113.42689
1255.0,28.516893,32.17251,40.032524,47.372013,54.339386,60.974174,67.58842,74.8211,81.558945,87.033676,92.312454,97.76783,103.16711,108.366005,113.77192
1258.0,28.623884,32.297142,40.180695,47.556053,54.54204,61.163265,67.80193,75.04116,81.79539,87.31834,92.598465,98.08108,103.4932,108.69456,114.11697
1261.0,28.730879,32.42526,40.328865,47.740093,54.744698,61.352394,68.01542,75.26122,82.03182,87.60301,92.88447,98.38998,103.81931,109.02311,114.462006
1264.0,28.837868,32.557255,40.4783,47.924133,54.94736,61.541836,68.22893,75.481285,82.26827,87.887695,93.17048,98.69871,104.145424,109.351685,114.807045
1267.0,28.945902,32.689247,40.62867,48.108177,55.15001,61.732925,68.44244,75.70134,82.50471,88.172356,93.45649,99.00744,104.47152,109.68023,115.15208
1270.0,29.061014,32.821243,40.779037,48.292213,55.352676,61.92506,68.65592,75.92141,82.74114,88.45704,93.7425,99.31616,104.79763,110.008804,115.49712
1273.0,29.176134,32.95324,40.929413,48.476254,55.555355,62.120102,68.86943,76.14147,82.977715,88.74171,94.028496,99.6249,105.123726,110.337364,115.84216
1276.0,29.291258,33.08523,41.08786,48.660294,55.758095,62.31514,69.082924,76.36153,83.225395,89.02648,94.31451,99.93363,105.44983,110.66663,116.1872
1279.0,29.406378,33.217224,41.24952,48.844334,55.96083,62.51422,69.296425,76.58159,83.47308,89.31161,94.60052,100.24236,105.77578,111.007515,116.53225
1282.0,29.522446,33.34922,41.411884,49.028374,56.16574,62.7137,69.509926,76.80165,83.72076,89.59675,94.88653,100.55111,106.1014,111.348175,116.8773
1285.0,29.639503,33.481213,41.57425,49.21241,56.371597,62.913177,69.72343,77.021706,83.96844,89.881874,95.17471,100.85983,106.42701,111.688866,117.22232
1288.0,29.756567,33.613205,41.73661,49.396698,56.58202,63.11265,69.93693,77.24177,84.21611,90.166985,95.46763,101.168564,106.752655,112.02953,117.569244
1291.0,29.873621,33.74587,41.898975,49.581535,56.76673,63.312134,70.15043,77.46552,84.46379,90.45212,95.76054,101.477295,107.078285,112.37021,117.931274
1294.0,29.996698,33.88598,42.061337,49.76675,56.951008,63.511604,70.36393,77.69091,84.711464,90.73724,96.053444,101.78603,107.40405,112.7109,118.29331
1297.0,30.121069,34.026077,42.2237,49.952087,57.137222,63.711094,70.57743,77.92703,84.959145,91.022385,96.34636,102.09476,107.72982,113.0516,118.65535
1300.0,30.245434,34.16618,42.386063,50.137436,57.324306,63.91057,70.79691,78.16438,85.206825,91.3075,96.639275,102.40349,108.05558,113.392265,119.01757
1303.0,30.3698,34.306282,42.54854,50.323112,57.511406,64.11004,71.016975,78.40174,85.454506,91.59263,96.93219,102.71221,108.381355,113.73295,119.379814
1306.0,30.499277,34.446384,42.71283,50.50878,57.69929,64.308464,71.23704,78.63909,85.70218,91.87776,97.225105,103.020966,108.70712,114.07363,119.74204
1309.0,30.632395,34.593704,42.877754,50.696625,57.887512,64.50455,71.45709,78.87644,85.94986,92.162895,97.518,103.32969,109.03288,114.41432,120.10428
1312.0,30.765516,34.741745,43.042694,50.887646,58.076157,64.70062,71.68861,79.11381,86.19755,92.44802,97.81138,103.63842,109.35644,114.755,120.46575
1315.0,30.898638,34.889786,43.207626,51.076653,58.2648,64.89671,71.92022,79.35141,86.44522,92.73316,98.11216,103.94716,109.677635,115.10362,120.82636
1318.0,31.031755,35.03782,43.37256,51.265648,58.453445,65.0928,72.15182,79.58901,86.6929,93.006386,98.41705,104.255875,109.99881,115.46104,121.186966
1321.0,31.164873,35.18585,43.537502,51.457134,58.642097,65.28889,72.38263,79.82661,86.940575,93.27335,98.72578,104.56463,110.319984,115.81844,121.54757
1324.0,31.297997,35.333893,43.702435,51.652122,58.83075,65.48496,72.612564,80.06421,87.188255,93.54032,99.03452,104.873344,110.64118,116.17587,121.90819
1327.0,31.431757,35.48101,43.86737,51.847107,59.019386,65.68154,72.84248,80.301796,87.435936,93.80729,99.34325,105.18208,110.96236,116.53327,122.26879
1330.0,31.565947,35.628113,44.032475,52.042084,59.21203,65.88888,73.07241,80.5394,87.68361,94.07426,99.65198,105.49081,111.28354,116.8907,122.62886
1333.0,31.694895,35.775215,44.20018,52.237072,59.41115,66.09673,73.302345,80.77786,87.9313,94.341225,99.96072,105.799545,111.60472,117.24811,122.98878
1336.0,31.822493,35.923965,44.37883,52.43205,59.610275,66.30459,73.53228,81.016655,88.17896,94.608185,100.26943,106.108284,111.92591,117.60552,123.34832
1339.0,31.950102,36.07321,44.558754,52.628742,59.809387,66.51414,73.7622,81.25544,88.43033,94.87515,100.57817,106.417015,112.24709,117.96294,123.70654
1342.0,32.082016,36.2225,44.738678,52.82637,60.011024,66.7316,73.992424,81.49423,88.68304,95.14213,100.88691,106.72575,112.5686,118.32036,124.064766
1345.0,32.21788,36.374443,44.918858,53.02399,60.213245,66.94906,74.223076,81.73301,88.93575,95.409096,101.19563,107.034485,112.891,118.677765,124.422966
1348.0,32.353745,36.531914,45.102425,53.205368,60.415474,67.16653,74.45373,81.971794,89.18847,95.67606,101.50438,107.34321,113.2225,119.03519,124.78118
1351.0,32.49282,36.686424,45.28599,53.378235,60.61769,67.38417,74.684395,82.21058,89.441185,95.94303,101.81312,107.65195,113.55812,119.3926,125.13941
1354.0,32.637375,36.841206,45.469555,53.5511,60.819916,67.602196,74.91504,82.44937,89.69389,96.20999,102.1219,107.96067,113.893745,119.75001,125.49761
1357.0,32.782455,36.996037,45.653126,53.72396,61.02215,67.82024,75.14568,82.688156,89.94661,96.47696,102.4309,108.26942,114.22938,120.10743,125.85583
1360.0,32.92753,37.150867,45.836693,53.896828,61.22438,68.03828,75.376335,82.92762,90.199326,96.74393,102.7399,108.57815,114.56502,120.46485,126.214066
1363.0,33.0726,37.305695,46.020252,54.069687,61.426598,68.25631,75.60699,83.16709,90.45202,97.0109,103.04887,108.88687,114.900635,120.82226,126.57226
1366.0,33.217598,37.460526,46.20382,54.24255,61.628826,68.47435,75.83764,83.40656,90.70475,97.27786,103.35776,109.20383,115.23627,121.17375,126.93048
1369.0,33.363354,37.615356,46.387386,54.415413,61.831055,68.69239,76.06829,83.64604,90.957466,97.54812,103.66664,109.52662,115.5719,121.52524,127.288704
1372.0,33.509834,37.773067,46.570953,54.588295,62.033276,68.91042,76.29893,83.885506,91.210175,97.82199,103.97553,109.84937,115.90752,121.87673,127.646904
1375.0,33.656315,37.931683,46.75452,54.762096,62.235504,69.13383,76.52959,84.124985,91.46326,98.09588,104.284424,110.172165,116.24316,122.22821,128.00513
1378.0,33.802795,38.0903,46.938087,54.936287,62.437737,69.35937,76.76024,84.36446,91.71666,98.36974,104.59331,110.49496,116.57879,122.579704,128.36336
1381.0,33.953403,38.249985,47.12165,55.110485,62.64365,69.58491,76.9909,84.603935,91.97004,98.64361,104.90218,110.817726,116.9144,122.93119,128.72157
1384.0,34.110188,38.41078,47.304306,55.284683,62.8507,69.81045,77.22155,84.84341,92.22345,98.92296,105.21107,111.14051,117.25003,123.28268,129.07976
1387.0,34.26847,38.57158,47.484367,55.458874,63.05775,70.03599,77.4522,85.08288,92.47685,99.20477,105.519966,111.463295,117.58566,123.63416,129.43599
1390.0,34.42675,38.73236,47.66443,55.633064,63.264805,70.261536,77.683044,85.32235,92.73024,99.4867,105.83264,111.78606,117.92127,123.98565,129.79141
1393.0,34.585033,38.893158,47.8445,55.81537,63.47186,70.48708,77.91946,85.56182,92.983635,99.7694,106.154976,112.10884,118.2569,124.33715,130.14687
1396.0,34.743313,39.053947,48.0271,55.997986,63.678917,70.71261,78.15595,85.80129,93.23703,100.052086,106.47729,112.43162,118.59254,124.68862,130.50227
1399.0,34.901596,39.214745,48.20971,56.180622,63.88597,70.93816,78.39257,86.040764,93.49042,100.33479,106.79962,112.754395,118.92817,125.04012,130.8597
1402.0,35.059875,39.37554,48.39232,56.363247,64.093025,71.163704,78.6292,86.28025,93.74381,100.6155,107.121956,113.07718,119.26379,125.39162,131.21718
1405.0,35.218155,39.53757,48.567528,56.54588,64.30007,71.38924,78.865814,86.51972,93.997215,100.8862,107.42597,113.399956,119.59942,125.743095,131.57465
1408.0,35.376442,39.70043,48.728493,56.728504,64.507126,71.614784,79.10244,86.75919,94.2506,101.154625,107.728516,113.72273,119.93641,126.09458,131.93211
1411.0,35.53473,39.863285,48.890778,56.911137,64.71418,71.840324,79.33906,86.99867,94.504005,101.42304,108.03136,114.04551,120.274315,126.446075,132.28961
1414.0,35.693546,40.02614,49.05306,57.09376,64.921234,72.06586,79.575676,87.23814,94.75739,101.69147,108.334206,114.36829,120.61222,126.79756,132.64706
1417.0,35.852375,40.19319,49.215336,57.2782,65.12575,72.291405,79.81231,87.477615,95.010796,101.95989,108.63706,114.695274,120.95013,127.14906,133.00148
1420.0,36.01121,40.36941,49.377617,57.46182,65.31785,72.516945,80.04893,87.71709,95.26419,102.22832,108.93992,115.0312,121.28805,127.50054,133.35304
1423.0,36.170036,40.54562,49.5399,57.644825,65.50994,72.742485,80.285545,87.95655,95.51758,102.49674,109.24276,115.36737,121.625946,127.85202,133.70457
1426.0,36.328865,40.723988,49.70218,57.82784,65.702034,72.96804,80.52217,88.19602,95.77099,102.765175,109.5456,115.70431,121.96386,128.20352,134.05614
1429.0,36.48769,40.904243,49.864464,58.01085,65.89414,73.19358,80.7588,88.43551,96.024376,103.03361,109.848465,116.041214,122.301765,128.55501,134.40767
1432.0,36.647266,41.084496,50.02674,58.193855,66.086235,73.41912,80.99541,88.67498,96.27777,103.30458,110.151306,116.378136,122.63966,128.9065,134.7592
1435.0,36.808228,41.264755,50.189026,58.376873,66.27834,73.64466,81.23204,88.91446,96.53117,103.58057,110.45417,116.71508,122.97758,129.258,135.11078
1438.0,36.969177,41.44501,50.351303,58.55987,66.470436,73.87025,81.46866,89.15392,96.78457,103.85653,110.75702,117.05198,123.31549,129.60947,135.46233
1441.0,37.13013,41.62526,50.51358,58.742886,66.66982,74.09712,81.70528,89.393394,97.03795,104.13251,111.05987,117.38891,123.65423,129.96095,135.81776
1444.0,37.291084,41.80552,50.675877,58.92634,66.87075,74.32554,81.94192,89.63288,97.29136,104.4143,111.362724,117.72582,123.99314,130.31245,136.17523
1447.0,37.452034,41.98578,50.838146,59.110405,67.07108,74.55396,82.178535,89.871414,97.544754,104.70074,111.665565,118.06275,124.33205,130.66393,136.5327
1450.0,37.612988,42.166023,51.000427,59.294464,67.274994,74.78237,82.415146,90.10923,97.80461,104.987175,111.96841,118.399666,124.67095,131.01543,136.89015
1453.0,37.773933,42.346275,51.162704,59.478523,67.48221,75.01078,82.65234,90.34705,98.06649,105.27361,112.26995,118.73658,125.009865,131.3669,137.2476
1456.0,37.93489,42.52654,51.32499,59.662598,67.688225,75.239204,82.89018,90.584885,98.32525,105.56008,112.57107,119.07351,125.348785,131.7188,137.60498
1459.0,38.097878,42.706787,51.487267,59.846653,67.89406,75.46761,83.128,90.8227,98.584,105.84651,112.872154,119.41043,125.68769,132.07129,137.96162
1462.0,38.27187,42.887047,51.649548,60.03072,68.09989,75.69602,83.36581,91.06051,98.84276,106.13294,113.17327,119.74734,126.0266,132.42377,138.31828
1465.0,38.449333,43.044754,51.811832,60.21479,68.30575,75.92445,83.603645,91.29835,99.101524,106.419395,113.47438,120.08436,126.36552,132.76404,138.67494
1468.0,38.627052,43.202457,51.974113,60.39885,68.51158,76.152855,83.84146,91.53616,99.36028,106.70585,113.775475,120.421394,126.70443,133.10336,139.03159
1471.0,38.80755,43.36016,52.136833,60.582916,68.717415,76.38126,84.07927,91.77398,99.619026,106.99227,114.07658,120.75846,127.043335,133.4427,139.38477
1474.0,38.989365,43.51787,52.29986,60.766987,68.92327,76.60969,84.31711,92.015526,99.8778,107.278725,114.3777,121.09553,127.38226,133.78206,139.73686
1477.0,39.171173,43.675575,52.462883,60.951057,69.129105,76.838104,84.55494,92.2584,100.13654,107.56518,114.678795,121.43258,127.72116,134.12189,140.08896
1480.0,39.352978,43.833416,52.625904,61.135117,69.33494,77.06651,84.79275,92.50129,100.3953,107.85161,114.979904,121.76965,128.06007,134.46326,140.44106
1483.0,39.53479,43.993267,52.788933,61.32225,69.54079,77.294945,85.03057,92.744194,100.65407,108.13807,115.28101,122.104126,128.399,134.80467,140.79318
1486.0,39.7166,44.153557,52.951954,61.511276,69.746635,77.52349,85.268394,92.98707,100.91281,108.4245,115.5821,122.43829,128.73792,135.14604,141.14528
1489.0,39.898407,44.31409,53.115158,61.700306,69.95246,77.75236,85.50622,93.22996,101.17156,108.710945,115.89573,122.769905,129.07683,135.48741,141.49739
1492.0,40.072216,44.474636,53.279186,61.889347,70.15832,77.984276,85.74404,93.472855,101.430336,108.99738,116.21,123.08474,129.41574,135.8288,141.8495
1495.0,40.23018,44.635162,53.445076,62.078377,70.36414,78.21976,85.98186,93.715744,101.68909,109.28355,116.524254,123.399536,129.75465,136.17018,142.20161
1498.0,40.388145,44.795696,53.61798,62.267406,70.569984,78.45525,86.2193,93.95862,101.94784,109.5688,116.838524,123.71433,130.09355,136.5099,142.5537
1501.0,40.546112,44.956245,53.791256,62.456448,70.77583,78.69074,86.45462,94.201515,102.2066,109.85406,117.1528,124.028915,130.43248,136.84853,142.90584
