,250000,300000,400000,500000,600000,700000,800000,900000,1000000,1100000,1200000,1300000,1400000,1500000,1600000,1700000,1800000
121,0.00,0.00,0.00,0.00,0.00,0.00,0.00,0.00,0.00,0.00,0.00,0.00,0.00,0.00,0.00,0.00,0.00
124,0.00,0.00,0.00,0.00,0.00,0.00,0.00,0.00,0.00,0.00,0.00,0.00,0.00,0.00,0.00,0.00,0.00
127,0.00,0.00,0.00,0.00,0.00,0.00,0.00,0.00,0.00,0.00,0.00,0.00,0.00,0.00,0.00,0.00,0.07
130,0.00,0.00,0.00,0.00,0.00,0.00,0.00,0.00,0.00,0.00,0.00,0.00,0.00,0.00,0.00,0.09,0.30
133,0.00,0.00,0.00,0.00,0.00,0.00,0.00,0.00,0.00,0.00,0.00,0.00,0.00,0.07,0.25,0.47,0.53
136,0.00,0.00,0.00,0.00,0.00,0.00,0.00,0.00,0.00,0.00,0.00,0.00,0.00,0.34,0.40,0.52,0.55
139,0.00,0.00,0.00,0.00,0.00,0.00,0.00,0.00,0.00,0.00,0.00,0.00,0.24,0.37,0.53,0.61,0.72
142,0.00,0.00,0.00,0.00,0.00,0.00,0.00,0.00,0.00,0.00,0.00,0.00,0.35,0.50,0.68,0.74,0.73
145,0.00,0.00,0.00,0.00,0.00,0.00,0.00,0.00,0.00,0.00,0.00,0.42,0.54,0.69,0.75,0.77,0.78
148,0.00,0.00,0.00,0.00,0.00,0.00,0.00,0.00,0.00,0.18,0.48,0.53,0.70,0.81,0.91,0.79,0.59
151,0.00,0.00,0.00,0.00,0.00,0.00,0.00,0.00,0.00,0.34,0.53,0.71,0.84,0.91,0.95,0.72,0.63
154,0.00,0.00,0.00,0.00,0.00,0.00,0.00,0.06,0.19,0.46,0.78,0.79,0.93,0.91,0.83,0.69,0.45
157,0.00,0.00,0.00,0.00,0.00,0.00,0.00,0.07,0.54,0.65,0.86,1.02,1.10,1.00,0.71,0.54,0.48
160,0.00,0.00,0.00,0.00,0.00,0.00,0.00,0.45,0.63,0.79,0.97,1.19,1.06,0.81,0.65,0.46,0.43
163,0.00,0.00,0.00,0.00,0.00,0.00,0.36,0.56,0.83,0.92,1.10,1.12,0.96,0.78,0.58,0.43,0.31
166,0.00,0.00,0.00,0.00,0.00,0.00,0.48,0.69,0.92,1.09,1.20,1.14,0.93,0.75,0.54,0.40,0.34
169,0.00,0.00,0.00,0.00,0.00,0.46,0.57,0.94,1.03,1.24,1.21,1.05,0.75,0.59,0.48,0.34,0.29
172,0.00,0.00,0.00,0.00,0.09,0.49,0.72,1.08,1.13,1.30,1.19,0.90,0.78,0.60,0.47,0.36,0.21
175,0.00,0.00,0.00,0.00,0.35,0.61,0.88,1.11,1.27,1.34,1.06,0.91,0.68,0.54,0.45,0.32,0.27
178,0.00,0.00,0.00,0.00,0.44,0.75,1.02,1.18,1.33,1.27,0.96,0.84,0.66,0.49,0.38,0.34,0.27
181,0.00,0.00,0.00,0.00,0.58,0.89,1.17,1.30,1.39,1.18,0.98,0.83,0.66,0.53,0.42,0.30,0.20
184,0.00,0.00,0.00,0.32,0.68,0.99,1.17,1.41,1.34,1.03,0.85,0.70,0.58,0.47,0.38,0.27,0.12
187,0.00,0.00,0.00,0.49,0.82,1.17,1.33,1.44,1.23,0.99,0.83,0.69,0.58,0.49,0.41,0.28,0.20
190,0.00,0.00,0.00,0.58,0.94,1.21,1.38,1.39,1.16,0.97,0.83,0.72,0.59,0.46,0.38,0.26,0.29
193,0.00,0.00,0.32,0.68,1.06,1.27,1.40,1.25,1.11,0.93,0.74,0.69,0.55,0.45,0.33,0.30,0.27
196,0.00,0.00,0.45,0.86,1.13,1.47,1.39,1.23,1.03,0.90,0.77,0.67,0.53,0.45,0.37,0.31,0.26
199,0.00,0.00,0.51,0.93,1.26,1.46,1.32,1.14,0.99,0.87,0.72,0.64,0.54,0.45,0.35,0.33,0.27
202,0.00,0.00,0.63,0.97,1.30,1.49,1.27,1.12,0.98,0.84,0.75,0.63,0.53,0.46,0.43,0.33,0.30
205,0.00,0.18,0.74,1.07,1.44,1.37,1.20,1.09,0.94,0.82,0.74,0.62,0.53,0.46,0.40,0.31,0.33
208,0.00,0.20,0.80,1.26,1.45,1.30,1.15,1.05,0.92,0.80,0.70,0.60,0.52,0.46,0.40,0.31,0.35
211,0.00,0.48,0.88,1.24,1.39,1.26,1.14,1.03,0.91,0.80,0.70,0.66,0.61,0.48,0.42,0.36,0.37
214,0.00,0.58,0.97,1.33,1.37,1.24,1.09,0.98,0.89,0.80,0.71,0.61,0.56,0.48,0.43,0.38,0.38
217,0.00,0.61,1.00,1.35,1.31,1.17,1.08,0.97,0.87,0.82,0.74,0.69,0.61,0.50,0.46,0.39,0.41
220,0.34,0.66,1.08,1.31,1.25,1.15,1.03,0.96,0.87,0.81,0.75,0.66,0.61,0.58,0.47,0.39,0.41
223,0.48,0.74,1.17,1.27,1.21,1.14,1.04,0.97,0.88,0.80,0.75,0.68,0.62,0.55,0.47,0.44,0.47
226,0.55,0.81,1.20,1.21,1.20,1.11,1.05,0.95,0.87,0.81,0.77,0.72,0.62,0.60,0.50,0.50,0.49
229,0.60,0.89,1.22,1.19,1.18,1.12,1.02,0.97,0.89,0.86,0.80,0.74,0.67,0.61,0.55,0.54,0.59
232,0.70,0.91,1.15,1.13,1.14,1.09,1.02,0.96,0.89,0.87,0.81,0.75,0.68,0.59,0.58,0.53,0.57
235,0.70,0.95,1.12,1.12,1.11,1.07,1.02,0.98,0.93,0.89,0.81,0.77,0.70,0.71,0.63,0.60,0.64
238,0.76,0.97,1.08,1.10,1.12,1.07,1.01,0.97,0.95,0.90,0.86,0.79,0.72,0.70,0.66,0.70,0.68
241,0.77,0.91,1.05,1.09,1.10,1.07,1.02,1.01,0.96,0.93,0.91,0.84,0.78,0.74,0.69,0.73,0.79
244,0.76,0.88,1.05,1.07,1.10,1.08,1.03,1.02,0.96,0.96,0.87,0.87,0.85,0.80,0.80,0.76,0.82
247,0.73,0.87,1.02,1.06,1.11,1.07,1.06,1.06,1.00,1.01,0.93,0.97,0.87,0.87,0.84,0.88,0.95
250,0.71,0.83,1.00,1.06,1.10,1.09,1.09,1.08,1.06,1.02,1.00,0.96,0.96,0.86,0.90,0.98,1.07
253,0.70,0.84,0.99,1.04,1.11,1.11,1.09,1.10,1.06,1.09,1.03,1.03,0.98,0.98,0.98,1.07,1.14
256,0.69,0.79,0.98,1.05,1.10,1.12,1.11,1.12,1.11,1.09,1.10,1.07,1.12,1.04,1.03,1.21,1.30
259,0.70,0.81,0.97,1.07,1.12,1.14,1.15,1.16,1.14,1.21,1.23,1.13,1.14,1.14,1.23,1.35,1.45
262,0.65,0.79,0.98,1.07,1.13,1.17,1.16,1.22,1.19,1.21,1.24,1.22,1.20,1.25,1.29,1.58,1.64
265,0.65,0.79,0.99,1.07,1.15,1.20,1.19,1.23,1.26,1.29,1.31,1.33,1.38,1.37,1.52,1.61,1.79
268,0.64,0.79,0.98,1.08,1.16,1.23,1.24,1.32,1.30,1.35,1.39,1.39,1.42,1.51,1.67,1.80,1.96
271,0.63,0.77,0.98,1.12,1.19,1.26,1.28,1.36,1.38,1.47,1.50,1.50,1.59,1.57,1.72,2.04,2.21
274,0.64,0.79,0.98,1.12,1.24,1.31,1.36,1.38,1.45,1.48,1.57,1.63,1.67,1.75,1.85,2.13,2.68
277,0.64,0.79,1.01,1.14,1.25,1.37,1.36,1.45,1.50,1.60,1.62,1.67,1.86,1.99,2.10,2.44,2.67
280,0.63,0.80,1.01,1.16,1.30,1.36,1.43,1.55,1.58,1.65,1.77,1.78,1.99,2.10,2.55,2.48,3.00
283,0.64,0.80,1.02,1.19,1.34,1.43,1.48,1.59,1.70,1.79,1.87,2.02,2.15,2.26,2.71,2.95,3.39
286,0.65,0.81,1.03,1.23,1.37,1.51,1.57,1.69,1.84,1.98,2.00,2.13,2.32,2.51,2.94,3.31,3.54
289,0.66,0.80,1.05,1.23,1.41,1.55,1.61,1.78,1.90,2.02,2.20,2.44,2.57,2.65,3.00,3.56,4.02
292,0.65,0.83,1.08,1.31,1.46,1.59,1.68,1.90,2.06,2.19,2.26,2.55,2.64,3.02,3.06,3.96,3.90
295,0.66,0.84,1.11,1.36,1.54,1.70,1.82,2.03,2.17,2.29,2.50,2.85,3.12,3.34,3.31,4.25,4.51
298,0.67,0.85,1.12,1.42,1.62,1.73,1.89,2.11,2.30,2.55,2.77,3.13,3.05,3.52,3.18,4.69,5.08
301,0.69,0.86,1.18,1.46,1.71,1.80,1.99,2.20,2.49,2.68,2.94,3.25,3.51,3.99,3.62,5.35,5.66
304,0.71,0.88,1.18,1.53,1.74,1.89,2.05,2.50,2.68,2.79,3.04,3.48,4.05,4.18,3.93,5.13,5.93
307,0.72,0.93,1.25,1.59,1.88,2.09,2.35,2.63,2.83,3.20,3.71,3.78,4.22,4.46,4.21,5.82,6.02
310,0.74,0.93,1.30,1.62,1.93,2.20,2.37,2.85,2.98,3.31,3.90,4.16,4.55,5.50,4.50,6.60,5.83
313,0.76,0.97,1.32,1.74,2.02,2.32,2.54,2.96,3.70,3.69,4.23,4.33,4.53,5.08,4.79,6.09,7.09
316,0.78,0.98,1.37,1.79,2.18,2.41,2.71,3.03,3.88,3.84,4.45,4.90,5.30,5.23,5.31,6.41,7.54
319,0.81,1.05,1.47,1.87,2.28,2.55,2.85,3.43,4.17,4.39,5.04,5.17,5.69,6.01,6.10,6.75,8.12
322,0.82,1.07,1.55,1.96,2.39,2.67,2.96,3.72,4.10,4.74,5.06,5.77,6.20,6.04,6.43,7.54,8.73
325,0.85,1.13,1.61,2.08,2.46,2.74,3.35,3.93,4.66,4.75,5.12,5.80,6.30,6.57,6.84,7.80,8.77
328,0.91,1.16,1.66,2.20,2.80,2.97,3.55,4.32,5.01,5.48,5.85,6.26,6.59,6.60,7.40,8.15,8.82
331,0.95,1.23,1.72,2.33,2.88,3.43,4.05,4.64,5.25,5.73,6.44,6.79,7.30,6.71,7.94,8.96,9.06
334,0.98,1.28,1.81,2.49,2.97,3.55,4.21,5.00,5.60,6.40,6.74,6.80,7.11,7.86,8.76,9.09,9.14
337,1.02,1.33,1.89,2.56,3.24,3.89,4.52,5.45,5.72,6.44,7.03,7.33,7.75,7.97,9.10,9.24,9.67
340,1.06,1.41,2.02,2.73,3.28,4.12,4.69,5.41,6.22,6.71,7.14,7.37,7.82,8.62,8.86,9.55,10.22
343,1.11,1.47,2.15,2.91,3.59,4.40,5.12,5.95,6.54,6.78,7.03,7.97,8.28,8.81,9.10,9.54,11.13
346,1.14,1.53,2.26,3.05,3.85,4.74,5.41,6.06,6.65,6.74,6.99,7.75,8.55,9.28,9.48,9.80,11.08
349,1.19,1.63,2.35,3.23,4.10,4.83,5.58,6.30,6.65,7.08,7.20,7.89,8.51,9.67,9.81,9.53,11.49
352,1.28,1.74,2.59,3.42,4.26,5.25,5.69,6.48,6.64,6.95,7.51,7.96,8.80,9.64,10.46,9.67,11.46
355,1.38,1.88,2.74,3.72,4.56,5.29,5.81,6.34,6.68,6.91,7.25,7.83,8.28,10.27,10.61,10.44,11.58
358,1.40,1.92,2.86,3.87,4.73,5.43,5.86,6.35,6.52,6.80,6.97,7.71,8.83,9.84,10.92,9.90,11.44
361,1.53,2.06,3.04,3.96,4.85,5.48,5.77,6.40,6.65,6.80,7.20,7.83,8.52,9.95,10.58,9.90,11.77
364,1.62,2.13,3.23,4.17,4.95,5.51,5.80,6.36,6.65,6.89,7.03,7.89,8.95,10.32,10.56,9.85,10.81
367,1.75,2.28,3.32,4.27,4.91,5.47,5.84,6.39,6.62,6.86,7.37,7.93,8.91,9.51,10.27,10.03,10.52
370,1.78,2.43,3.47,4.34,4.96,5.47,5.83,6.45,6.70,7.28,7.24,8.24,9.12,9.73,10.62,10.11,10.82
373,1.92,2.60,3.63,4.37,5.02,5.52,5.97,6.48,6.76,7.22,7.30,8.24,9.81,9.60,10.92,9.77,10.70
376,2.02,2.65,3.68,4.35,5.04,5.58,5.91,6.65,6.82,7.21,7.40,8.48,9.63,10.05,10.45,10.30,10.97
379,2.13,2.79,3.70,4.38,5.04,5.58,6.05,6.47,6.92,7.12,7.78,8.38,9.70,10.10,10.60,10.16,11.04
382,2.26,2.80,3.72,4.45,5.10,5.63,6.05,6.71,7.03,7.31,8.00,8.55,9.29,9.99,10.52,10.58,11.19
385,2.28,2.81,3.79,4.48,5.11,5.75,6.20,6.90,7.11,7.83,7.81,8.96,9.41,10.22,10.88,10.90,11.70
388,2.29,2.86,3.77,4.53,5.15,5.70,6.19,6.81,7.23,7.63,8.06,8.84,9.73,10.32,10.97,10.62,11.74
391,2.34,2.86,3.84,4.59,5.22,5.79,6.26,6.94,7.32,7.77,8.01,8.94,9.42,10.43,11.07,10.99,11.98
394,2.32,2.89,3.88,4.64,5.26,5.93,6.41,7.00,7.40,8.00,8.36,9.32,10.00,10.94,11.09,11.24,12.27
397,2.34,2.92,3.89,4.67,5.36,5.93,6.47,7.21,7.47,8.09,8.52,9.34,10.16,10.32,11.00,11.68,12.36
400,2.35,2.92,3.94,4.76,5.42,6.07,6.60,7.22,7.55,8.25,8.58,9.29,10.00,10.82,11.14,12.32,13.00
403,2.38,2.93,3.97,4.82,5.47,6.12,6.70,7.30,7.95,8.42,9.17,9.33,10.13,10.98,11.30,11.92,13.23
406,2.40,2.97,4.03,4.85,5.53,6.26,6.76,7.52,8.06,9.03,9.13,9.45,10.25,10.94,11.35,12.28,13.30
409,2.40,3.01,4.09,4.95,5.66,6.38,6.99,7.66,8.06,8.89,9.47,9.71,10.36,11.70,12.10,12.32,13.73
412,2.47,3.03,4.12,5.01,5.72,6.50,6.99,7.75,8.57,9.28,9.65,9.95,10.91,11.13,12.29,12.70,13.65
415,2.45,3.07,4.27,5.07,5.76,6.53,7.22,8.10,8.67,9.27,9.52,10.12,10.68,11.70,12.93,13.51,14.60
418,2.51,3.12,4.23,5.22,5.89,6.87,7.26,8.08,8.89,9.64,10.08,10.19,10.77,11.58,13.95,13.65,14.65
421,2.52,3.17,4.29,5.26,6.04,6.78,7.57,8.29,9.16,9.68,10.63,10.68,11.27,11.90,13.46,14.41,15.11
424,2.54,3.21,4.37,5.38,6.17,6.97,7.64,8.44,9.37,10.30,10.78,10.63,11.27,12.82,12.96,14.89,16.37
427,2.58,3.28,4.41,5.44,6.31,7.29,8.00,8.95,9.79,10.59,11.24,11.09,11.69,12.03,13.21,14.84,18.52
430,2.61,3.32,4.52,5.52,6.34,7.21,8.24,9.19,9.67,10.86,11.23,10.84,12.06,13.00,14.24,15.16,17.49
433,2.65,3.37,4.58,5.62,6.48,7.58,8.31,9.35,10.57,11.22,12.03,10.72,12.28,13.15,15.11,15.25,18.26
436,2.67,3.40,4.69,5.70,6.73,7.65,8.78,9.58,10.69,11.32,12.52,11.00,12.22,13.54,14.93,15.88,19.17
439,2.76,3.41,4.73,5.83,6.78,7.86,8.74,9.69,10.77,12.04,12.50,11.77,12.62,14.14,15.39,17.32,19.68
442,2.76,3.48,4.81,5.94,7.01,8.08,9.19,10.10,11.09,12.05,13.00,11.67,13.06,14.37,15.54,17.64,19.20
445,2.80,3.49,4.93,6.02,7.17,8.33,9.12,10.62,10.91,12.32,12.65,12.26,13.13,15.45,15.28,19.08,21.16
448,2.83,3.60,4.98,6.14,7.17,8.39,9.59,10.84,11.70,13.00,12.84,12.73,13.57,15.70,16.85,18.33,20.08
451,2.86,3.65,5.12,6.42,7.58,9.11,9.91,10.95,11.95,12.75,13.90,13.37,14.01,16.32,17.55,19.22,20.54
454,2.94,3.68,5.20,6.48,7.69,8.78,10.23,11.22,12.52,12.76,13.77,14.61,15.30,18.56,17.60,19.99,20.82
457,2.98,3.81,5.32,6.74,7.95,9.40,10.31,11.94,12.47,13.47,14.02,15.30,15.11,16.79,18.05,19.66,21.51
460,3.05,3.83,5.49,6.82,8.03,9.36,10.56,12.38,12.90,14.02,14.32,15.64,15.78,17.95,17.78,20.69,22.21
463,3.09,3.94,5.62,7.08,8.54,9.69,11.28,12.33,13.40,13.86,15.06,15.26,16.31,17.02,18.62,21.31,22.43
466,3.18,4.04,5.82,7.28,8.76,10.17,11.41,12.23,13.50,14.81,15.67,16.29,16.63,17.66,18.83,21.80,23.54
469,3.23,4.15,5.96,7.47,8.75,10.35,11.71,12.19,13.87,15.18,14.98,15.41,17.40,18.47,20.26,22.98,25.08
472,3.30,4.21,6.04,7.53,9.07,10.61,11.59,12.97,14.08,15.60,15.64,16.64,17.45,18.98,21.01,22.33,25.32
475,3.37,4.29,6.19,7.81,9.23,11.08,11.93,13.41,13.80,15.61,15.62,16.67,18.29,19.99,21.61,24.54,25.46
478,3.50,4.41,6.31,8.13,9.54,10.75,12.29,13.29,14.12,15.45,16.09,17.58,18.77,20.16,22.18,22.74,26.42
481,3.60,4.61,6.47,8.16,9.64,11.15,12.29,13.73,14.82,16.17,16.76,17.73,19.56,20.50,22.31,24.21,26.96
484,3.67,4.59,6.73,8.28,9.89,11.14,12.45,13.37,15.33,15.44,16.47,18.63,19.73,21.39,23.70,24.46,27.33
487,3.68,4.71,6.80,8.37,9.90,11.07,12.62,13.97,14.90,16.38,17.54,18.20,20.85,21.13,23.03,25.00,26.61
490,3.80,4.97,7.02,8.59,10.11,11.48,12.71,13.91,14.89,16.23,17.65,18.65,21.20,22.38,24.78,26.25,27.45
493,3.96,4.93,7.11,8.74,10.02,11.62,12.63,14.20,14.92,16.77,18.02,19.27,21.06,22.70,24.40,26.17,28.48
496,4.00,5.11,7.15,8.90,10.11,11.48,13.12,14.52,16.05,16.61,17.63,20.75,22.37,22.97,25.93,27.53,28.85
499,4.11,5.21,7.28,9.06,10.14,12.10,12.95,14.59,16.01,16.83,18.39,20.70,21.38,23.77,25.41,27.15,29.76
502,4.16,5.29,7.38,8.99,10.44,11.35,13.41,14.45,15.90,17.84,18.92,20.77,23.82,23.64,26.20,27.60,29.73
505,4.26,5.34,7.49,9.04,10.47,11.96,13.42,14.62,16.23,17.32,18.93,21.79,22.82,25.61,26.62,28.33,30.34
508,4.36,5.34,7.49,9.03,10.39,11.78,13.30,15.01,16.45,18.08,19.10,21.51,24.12,24.94,26.31,28.99,30.54
511,4.43,5.47,7.65,9.26,10.67,11.87,13.66,14.97,16.84,17.48,19.59,22.75,24.18,25.65,27.98,29.45,31.20
514,4.49,5.56,7.65,9.33,10.74,12.53,13.60,15.02,16.60,18.28,20.08,22.80,23.89,26.20,26.93,29.55,31.68
517,4.58,5.63,7.70,9.39,10.77,12.19,14.16,15.26,17.30,18.07,21.25,23.34,26.19,25.73,29.03,29.75,32.74
520,4.57,5.71,7.76,9.49,10.65,12.60,14.13,15.38,17.14,18.53,20.63,23.00,25.11,26.54,28.01,30.12,33.33
523,4.58,5.71,7.85,9.62,10.82,12.52,14.05,16.29,17.16,18.52,21.12,24.05,26.48,26.33,29.28,30.39,33.83
526,4.61,5.72,7.90,9.59,11.10,12.69,14.63,16.41,17.28,19.24,21.73,23.67,25.33,27.21,29.43,31.49,33.89
529,4.64,5.77,7.98,9.82,11.26,13.16,14.42,16.14,17.80,20.03,21.26,25.32,26.09,27.15,29.99,31.83,34.49
532,4.70,5.78,8.10,9.90,11.18,13.18,15.02,16.10,18.36,19.12,21.80,24.60,26.50,27.50,30.47,32.19,35.32
535,4.72,5.90,8.23,9.92,11.43,13.28,14.89,16.78,18.50,21.05,22.30,25.56,27.20,28.88,30.31,32.32,35.54
538,4.70,5.92,8.28,10.05,11.70,13.57,15.24,16.70,18.90,19.99,22.94,25.53,27.68,28.56,30.57,33.79,37.29
541,4.71,6.02,8.32,10.16,11.69,13.09,15.89,17.54,18.92,21.37,23.30,25.67,28.03,29.20,31.43,33.86,37.60
544,4.79,6.02,8.42,10.28,11.77,13.94,15.67,17.74,19.16,21.10,24.09,26.64,28.37,29.66,31.85,34.80,38.34
547,4.82,6.06,8.59,10.47,12.19,13.94,16.44,17.47,19.11,21.91,23.94,26.16,28.26,30.09,32.73,35.98,38.88
550,4.81,6.10,8.56,10.55,11.88,14.00,16.05,17.71,19.68,22.12,23.39,27.43,28.61,30.73,32.87,35.83,40.22
553,4.85,6.15,8.71,10.64,12.30,14.77,16.56,18.23,20.43,23.17,24.87,26.66,29.63,30.96,33.10,36.52,39.83
556,4.90,6.26,8.84,10.77,12.47,14.20,17.29,18.51,20.84,23.29,24.38,28.24,29.07,31.65,34.15,37.23,41.28
559,4.97,6.28,8.86,10.92,12.65,15.05,16.96,19.55,21.19,23.37,25.40,27.34,30.68,32.26,34.22,38.35,42.29
562,4.98,6.37,9.05,11.14,12.79,14.81,17.25,19.03,21.43,23.99,26.02,28.39,30.44,32.73,35.69,38.17,43.82
565,5.05,6.42,9.14,11.25,13.04,15.21,17.13,19.79,22.34,24.13,26.89,28.89,31.12,32.58,36.50,39.46,43.45
568,5.09,6.51,9.17,11.37,13.32,15.94,17.89,19.64,22.27,24.94,27.11,28.80,31.69,32.69,36.88,39.73,44.62
571,5.10,6.65,9.33,11.46,13.34,15.67,18.44,20.50,24.30,24.68,27.33,30.37,31.99,34.72,36.89,41.12,44.92
574,5.21,6.65,9.49,11.66,13.65,16.28,18.96,20.80,24.01,25.74,27.60,29.73,32.36,34.93,37.60,41.29,45.21
577,5.30,6.80,9.71,11.96,13.91,16.18,19.19,21.65,24.78,25.64,28.60,31.33,33.59,35.70,39.03,42.13,46.27
580,5.37,6.82,9.84,12.15,14.16,16.33,19.18,21.91,23.84,26.85,28.58,30.05,33.24,36.32,39.17,42.86,47.50
583,5.43,6.94,9.88,12.33,14.29,17.69,19.67,21.60,24.63,27.07,29.58,31.30,33.76,37.10,39.99,42.83,48.17
586,5.49,7.00,10.03,12.46,14.71,17.05,19.79,22.59,24.43,28.05,29.30,32.23,34.53,37.51,41.08,44.08,49.12
589,5.53,7.08,10.15,12.62,14.74,17.38,20.05,22.57,26.12,28.19,30.16,32.01,35.37,38.62,41.59,45.40,49.69
592,5.63,7.31,10.33,13.03,15.06,17.57,20.45,22.76,25.46,29.01,30.65,33.33,36.43,38.46,42.33,45.79,50.18
595,5.76,7.36,10.60,12.91,15.29,17.87,21.38,23.46,27.00,29.20,31.41,33.79,36.71,39.17,42.30,45.71,50.58
598,5.73,7.51,10.69,13.40,15.49,19.19,21.68,24.89,26.48,29.77,31.00,34.00,37.45,39.36,43.08,47.60,52.06
601,5.88,7.54,10.80,13.47,16.23,18.74,22.28,24.28,27.55,29.70,32.18,34.42,37.92,40.88,43.86,48.53,52.94
604,5.96,7.61,11.03,13.84,16.21,18.82,21.90,25.06,27.64,30.74,31.60,35.18,38.44,41.51,44.46,48.07,53.38
607,6.12,7.74,11.22,14.16,16.18,19.39,22.54,25.28,27.36,30.82,32.75,35.83,39.09,41.90,45.18,48.94,53.77
610,6.11,7.78,11.40,14.24,16.73,18.95,22.94,25.50,28.39,31.41,33.90,35.59,39.29,42.59,45.84,50.36,54.89
613,6.26,8.00,11.59,14.49,16.46,20.79,23.02,26.03,28.67,31.31,34.03,36.85,40.50,42.93,46.21,50.39,55.11
616,6.37,8.14,11.87,14.96,17.11,19.76,23.71,26.27,29.46,32.10,34.73,36.99,40.74,43.75,47.64,51.45,56.04
619,6.41,8.24,11.90,15.12,17.72,20.42,23.78,26.92,28.99,32.10,34.70,37.34,41.51,45.05,48.05,51.82,57.12
622,6.57,8.38,12.32,15.13,17.59,20.57,24.30,26.74,29.54,32.62,34.53,38.51,41.81,44.76,48.96,52.63,57.07
625,6.71,8.48,12.15,15.48,17.81,20.80,23.95,26.87,29.96,32.98,34.92,38.45,42.20,45.31,49.84,53.21,57.81
628,6.71,8.62,12.48,15.67,17.74,21.87,25.17,27.87,30.93,33.61,36.45,38.63,42.32,45.92,49.97,53.37,58.41
631,6.84,8.73,12.77,15.86,18.27,22.00,25.49,27.72,30.63,33.30,35.68,39.74,43.70,46.77,50.54,54.78,58.58
634,7.00,8.87,12.92,16.32,18.57,21.57,25.26,28.64,30.61,34.40,37.17,39.77,43.96,47.58,51.72,55.21,59.89
637,7.14,8.94,13.07,16.20,18.55,21.43,26.04,28.07,31.99,34.65,37.51,40.37,44.05,48.29,52.03,56.19,60.70
640,7.19,9.14,13.32,16.40,19.21,22.26,25.90,28.94,31.32,34.18,37.88,41.33,44.97,48.38,52.80,56.89,61.30
643,7.21,9.23,13.29,16.63,19.15,22.84,25.98,29.04,32.62,34.79,37.71,41.40,45.54,48.82,53.63,57.44,61.89
646,7.35,9.32,13.51,16.72,19.30,22.74,26.64,29.29,31.96,35.41,38.94,42.04,46.02,49.13,53.45,58.00,62.35
649,7.42,9.49,13.81,17.06,19.59,23.20,26.75,29.90,32.44,35.94,40.00,42.10,46.52,50.13,55.17,58.60,63.46
652,7.58,9.48,13.81,17.21,19.70,23.08,27.37,29.73,33.12,36.25,39.53,43.10,46.91,50.36,55.22,59.17,63.49
655,7.56,9.69,14.11,17.26,20.01,23.02,27.09,30.21,33.28,37.22,39.87,43.53,47.30,51.49,56.38,59.72,64.92
658,7.61,9.80,14.19,17.63,20.15,23.56,27.71,30.54,34.18,37.72,40.72,44.03,47.89,51.48,56.71,60.72,65.74
661,7.73,9.92,14.28,17.36,20.48,24.76,26.60,30.76,33.99,38.31,40.08,44.09,48.48,51.83,56.72,61.45,66.49
664,7.77,9.90,14.39,17.64,20.51,23.89,28.25,31.17,34.59,38.28,41.32,44.60,49.02,52.07,57.89,61.98,66.35
667,7.79,10.11,14.50,18.05,20.74,24.11,27.72,31.24,34.63,38.16,41.88,45.17,50.54,53.73,58.60,62.52,67.39
670,7.93,10.10,14.70,17.93,21.33,24.46,28.87,32.31,35.31,39.50,42.02,46.35,50.72,55.15,59.08,63.39,68.04
673,8.05,10.30,14.87,18.45,21.21,25.09,28.85,31.73,35.42,39.59,43.31,46.35,51.68,55.96,59.57,64.37,68.18
676,8.10,10.31,15.00,18.46,21.73,25.45,29.52,33.06,35.58,40.19,43.24,47.62,51.27,56.57,60.65,64.56,69.76
679,8.18,10.54,15.09,18.77,21.95,25.88,28.61,33.11,36.19,40.09,44.40,48.62,52.97,56.94,61.11,65.45,70.70
682,8.33,10.50,15.32,18.57,21.92,26.22,30.01,32.98,36.84,40.27,44.15,48.98,53.01,57.49,62.28,66.31,70.76
685,8.33,10.62,15.49,18.83,22.38,26.41,29.85,33.93,37.11,40.49,44.93,49.56,53.65,58.32,62.73,67.62,71.64
688,8.41,10.73,15.64,19.53,22.79,26.61,30.68,33.64,37.47,41.83,45.35,49.81,54.74,58.36,64.21,68.28,71.71
691,8.46,11.02,15.87,19.18,23.24,27.14,30.36,34.30,38.35,42.48,46.62,50.36,55.84,59.74,65.17,69.07,73.80
694,8.54,11.05,15.99,19.67,23.70,27.33,31.05,34.84,38.86,43.00,46.99,51.26,55.44,60.30,65.99,69.46,74.63
697,8.70,11.17,15.99,19.95,23.56,27.44,31.12,34.91,38.91,42.39,47.12,51.66,56.89,61.08,66.95,70.47,75.48
700,8.71,11.33,16.22,20.34,23.66,27.97,31.75,35.60,39.38,43.92,47.11,52.52,56.53,62.48,66.91,70.76,76.52
703,8.81,11.43,16.41,20.20,23.86,27.93,31.81,35.77,40.05,43.93,48.35,52.61,58.59,62.39,67.97,71.82,76.47
706,8.91,11.48,16.32,20.59,24.44,28.79,32.55,36.13,39.84,44.74,48.58,53.02,58.60,63.65,69.21,72.40,77.15
709,9.01,11.74,16.58,20.89,24.71,28.70,32.53,36.54,40.89,45.29,50.12,55.08,59.87,64.35,70.10,73.12,77.08
712,9.15,11.81,16.99,21.26,24.86,29.17,33.36,37.07,41.21,45.65,49.97,55.15,60.42,64.47,70.85,73.80,79.59
715,9.30,11.94,16.89,21.33,24.92,29.26,32.73,37.32,41.52,45.74,50.52,55.65,60.46,65.68,70.76,74.84,79.65
718,9.33,12.11,17.31,21.17,25.32,29.32,33.82,37.28,42.05,46.43,51.29,56.98,60.97,66.09,71.84,74.78,79.95
721,9.46,12.17,17.16,21.82,25.67,30.45,33.35,37.81,42.58,47.17,52.83,57.25,61.73,66.83,72.41,76.15,80.89
724,9.52,12.41,17.58,21.45,25.37,29.54,34.80,38.36,42.67,47.60,52.65,57.47,62.71,67.41,72.27,76.69,81.89
727,9.75,12.40,17.57,22.51,26.36,31.53,33.93,38.54,43.60,47.95,53.35,57.28,63.33,68.16,73.51,77.10,82.23
730,9.84,12.70,18.03,22.00,26.01,31.14,35.40,39.23,44.03,48.71,54.07,59.22,64.08,69.66,73.77,78.01,81.89
733,9.91,12.85,18.09,22.82,26.70,31.81,34.98,39.23,44.68,49.64,54.54,59.72,64.79,69.56,75.01,78.45,83.33
736,10.00,12.86,18.30,22.82,26.56,31.41,35.54,39.98,44.83,49.34,54.67,59.94,65.22,70.84,75.41,78.66,84.22
739,10.17,13.11,18.38,23.07,27.24,31.89,35.57,39.98,45.32,50.57,54.99,60.60,65.93,70.38,75.77,80.08,85.51
742,10.20,13.10,18.69,23.12,27.74,32.16,36.59,40.63,46.05,50.37,55.42,61.42,66.37,71.39,76.67,81.27,84.59
745,10.38,13.22,18.67,23.26,27.47,32.11,35.79,41.36,46.41,51.30,57.11,62.44,67.43,73.45,77.56,81.34,86.36
748,10.38,13.48,19.27,24.32,28.60,33.08,36.96,41.00,47.34,51.90,57.25,62.84,67.61,73.64,77.83,82.43,86.15
751,10.53,13.47,19.09,23.75,28.04,32.90,37.47,41.77,47.50,52.86,57.25,63.34,68.85,74.40,79.04,82.52,87.55
754,10.70,13.67,19.47,24.09,28.64,33.64,37.54,42.52,48.01,52.65,57.64,64.51,69.39,75.21,79.29,83.32,88.86
757,10.82,13.92,19.44,24.17,28.66,33.61,37.76,42.57,48.38,53.85,58.74,64.00,69.76,75.21,80.42,84.24,88.79
760,10.82,14.02,19.78,24.94,29.28,34.01,38.25,43.38,48.51,54.96,59.30,64.98,70.66,75.79,80.71,84.99,90.35
763,11.11,14.10,20.15,25.35,29.19,34.50,38.60,43.31,49.49,53.77,59.87,66.24,71.11,77.42,81.62,85.83,90.50
766,10.98,14.18,19.97,25.09,29.20,34.31,38.85,43.95,49.95,55.14,61.25,67.10,72.04,77.44,82.33,85.95,91.64
769,11.22,14.25,20.54,25.45,29.96,35.78,39.39,44.31,50.68,55.39,61.46,67.55,73.57,78.30,83.27,88.18,91.84
772,11.17,14.52,20.51,25.51,30.33,35.40,39.29,44.58,50.70,55.76,61.94,68.33,73.31,78.36,84.67,88.81,93.54
775,11.37,14.59,21.03,25.26,30.85,35.52,39.63,45.12,51.09,56.41,62.79,68.91,74.39,79.13,85.03,88.89,93.90
778,11.29,14.84,20.95,26.21,30.68,35.78,40.41,45.93,51.24,56.75,63.11,69.24,75.29,79.11,84.94,89.52,94.76
781,11.59,14.77,21.23,26.44,31.06,36.13,40.92,45.77,52.08,58.64,64.26,69.38,75.94,79.64,85.57,89.98,94.07
784,11.40,15.08,21.40,26.63,31.28,36.51,41.03,46.95,52.87,58.83,64.79,71.18,76.52,81.26,86.51,90.63,95.24
787,11.76,15.06,21.44,27.02,31.70,36.51,41.70,46.69,53.67,59.34,65.34,70.42,78.15,82.21,87.59,92.42,96.99
790,11.73,15.31,22.15,26.83,32.47,37.41,42.06,47.12,54.07,59.05,66.54,72.19,77.32,83.69,88.59,92.53,96.88
793,11.88,15.44,22.02,27.18,32.10,37.39,42.40,48.33,54.33,60.66,66.73,72.06,78.63,83.83,89.05,92.83,98.35
796,11.99,15.45,22.12,27.54,32.46,37.92,42.98,48.09,54.87,61.24,66.97,73.79,78.87,84.59,89.45,94.03,99.73
799,12.11,15.63,22.49,27.70,32.90,38.33,43.17,48.46,55.40,62.29,67.49,73.71,79.36,85.16,89.89,94.70,99.56
802,12.10,15.72,22.63,28.02,33.11,38.20,43.70,49.35,55.68,62.17,68.93,74.75,80.41,85.41,90.41,94.98,100.29
805,12.33,16.06,23.10,28.48,33.73,39.12,44.48,49.82,56.19,62.47,69.11,75.43,81.66,86.54,92.00,95.98,101.04
808,12.64,16.21,22.91,28.87,33.74,38.88,43.84,50.54,56.91,63.85,70.15,75.56,81.49,88.22,92.65,97.23,102.53
811,12.44,16.41,23.04,28.74,33.73,39.34,44.51,50.52,57.39,64.10,70.91,77.13,82.34,88.55,93.43,97.60,102.59
814,12.81,16.51,23.60,29.06,34.44,39.42,45.39,51.18,58.12,64.71,71.70,77.59,82.93,88.64,93.89,98.09,102.41
817,12.77,16.71,23.41,29.48,33.82,40.00,45.73,51.97,58.00,65.60,72.57,78.00,83.96,89.60,94.45,99.01,103.01
820,12.73,16.60,24.02,29.63,34.83,40.29,46.26,52.05,59.77,65.71,72.31,78.75,84.60,90.25,95.39,99.89,104.04
823,13.01,16.83,24.30,29.46,35.33,40.73,46.79,52.95,59.57,66.82,72.76,79.61,86.15,91.04,96.01,100.51,104.07
826,13.02,16.96,24.04,30.34,35.33,41.00,46.66,53.47,60.08,67.82,73.96,80.29,85.88,91.90,96.11,100.57,105.42
829,13.15,17.31,24.74,30.25,35.31,41.85,46.87,54.25,61.26,68.20,74.36,81.36,85.57,92.19,97.67,101.63,106.50
832,13.34,17.20,24.66,29.93,36.30,41.73,48.19,54.55,61.01,68.85,75.08,81.67,87.10,91.63,98.16,101.95,106.59
835,13.39,17.58,25.11,30.82,36.14,42.59,48.15,54.63,62.74,69.02,75.77,82.90,87.90,92.87,97.47,102.44,107.06
838,13.57,17.60,24.97,31.04,36.38,41.84,48.95,55.82,62.57,69.99,76.82,83.05,89.04,94.07,98.05,102.89,107.37
841,13.70,17.77,25.20,31.45,36.70,42.61,49.05,55.57,63.41,71.26,77.16,84.37,89.47,93.82,99.90,103.45,108.30
844,13.71,17.75,25.67,31.58,36.83,43.69,49.70,56.77,63.96,70.52,77.97,85.42,89.84,95.61,100.69,104.11,108.11
847,14.03,18.18,25.69,32.17,37.43,42.78,50.19,56.98,64.88,71.40,78.21,85.33,90.02,95.11,101.18,104.58,108.79
850,14.10,18.45,26.07,32.06,37.56,43.96,50.60,57.31,65.13,71.83,78.55,84.87,90.94,95.86,101.58,104.93,108.98
853,14.26,18.39,26.13,32.57,37.81,44.50,50.88,58.00,65.80,72.56,80.30,86.53,91.49,96.84,101.58,105.56,109.11
856,14.36,18.75,26.30,32.64,37.95,45.14,51.78,57.79,66.24,73.36,81.24,86.92,91.91,97.41,101.99,105.95,109.97
859,14.37,18.70,26.93,32.73,38.46,45.18,51.83,60.16,66.68,74.54,81.90,87.62,92.36,98.05,102.88,106.21,109.69
862,14.50,18.84,26.52,33.03,39.05,45.79,51.99,59.85,67.77,74.48,81.81,88.45,93.35,97.90,103.14,106.63,110.53
865,14.68,18.87,26.99,33.18,39.35,45.67,53.15,60.76,67.55,74.99,81.73,87.78,92.66,99.35,103.66,107.12,110.81
868,14.78,19.20,27.32,33.93,39.13,46.43,53.37,60.66,69.21,76.05,82.98,89.00,94.25,99.12,103.93,107.26,110.89
871,15.13,19.46,27.39,33.45,40.28,46.67,53.44,61.30,68.98,75.90,83.99,89.16,94.70,99.71,104.57,107.62,111.37
874,14.90,19.59,27.71,34.10,39.90,46.82,53.71,61.51,69.44,77.25,84.15,88.87,94.49,100.35,104.60,108.11,111.40
877,15.26,19.35,27.50,34.21,40.07,47.23,54.58,62.50,70.92,77.74,84.19,90.69,95.75,101.05,105.11,108.05,111.66
880,15.34,19.73,28.15,35.35,40.94,48.11,55.11,62.68,70.78,79.15,85.10,91.07,96.71,100.97,105.25,108.72,111.67
883,15.30,20.09,28.13,34.52,40.96,47.80,55.95,63.01,71.76,79.13,85.71,91.08,96.66,101.32,105.96,108.86,112.07
886,15.49,20.23,28.42,36.12,41.48,48.35,56.20,63.99,71.63,79.50,85.80,91.84,96.73,101.41,106.04,109.05,112.42
889,15.60,20.21,28.76,35.40,42.40,48.28,56.36,64.65,72.19,79.61,86.40,92.52,97.85,102.10,106.18,109.33,112.68
892,15.87,20.40,28.99,36.46,42.78,49.61,56.26,64.33,73.00,80.68,86.85,93.18,97.96,102.25,106.54,109.51,112.88
895,16.00,20.67,29.16,35.83,42.58,50.13,57.60,65.04,73.01,80.93,87.86,93.26,98.58,102.45,106.74,109.52,112.85
898,15.95,20.63,29.26,36.59,43.08,49.51,57.76,66.10,73.75,81.18,87.76,94.33,99.14,103.09,106.91,110.02,113.68
901,16.11,20.90,29.75,36.95,44.02,50.89,58.04,66.76,74.63,81.75,88.92,93.79,99.69,103.16,107.05,110.21,113.82
904,16.16,20.99,29.68,37.09,43.32,50.87,58.29,67.67,74.87,82.26,88.86,94.86,99.75,103.36,107.05,110.37,113.75
907,16.31,21.11,30.05,37.41,43.85,50.76,58.70,67.65,75.33,83.04,89.73,95.11,100.27,104.47,107.34,110.71,114.51
910,16.54,21.41,30.32,37.32,44.28,52.07,60.11,67.94,75.11,82.70,89.61,95.53,100.49,104.35,107.82,111.03,114.70
913,16.57,21.34,30.42,38.01,44.09,52.08,59.46,67.90,76.32,83.42,90.36,95.81,100.61,104.48,107.98,111.32,115.23
916,16.55,21.57,30.78,38.02,44.36,52.42,60.47,68.40,76.26,84.31,91.68,96.94,101.44,104.91,108.05,111.58,115.67
919,16.99,21.88,30.87,38.29,45.20,53.04,61.34,69.20,77.38,84.79,91.19,97.31,101.84,104.87,108.50,111.92,116.42
922,16.91,21.99,31.04,38.72,45.17,53.33,61.72,69.78,78.12,85.39,92.31,97.63,101.94,105.38,108.96,112.41,116.62
925,17.15,22.13,31.12,39.28,45.56,53.43,62.23,70.79,78.24,85.35,91.93,97.88,102.08,105.42,109.30,112.67,116.25
928,17.27,22.14,31.63,39.53,46.39,54.03,62.15,71.54,78.80,85.10,92.05,97.98,102.30,105.35,109.42,113.27,117.26
931,17.55,22.24,31.58,39.81,46.95,53.98,63.03,71.98,79.39,86.99,93.16,98.40,102.27,106.06,109.65,113.63,117.98
934,17.48,22.40,31.90,39.88,46.82,54.76,63.47,72.42,79.88,87.10,93.47,98.98,102.90,106.50,110.34,114.04,118.01
937,17.67,22.75,32.53,40.07,46.91,55.27,63.55,72.54,80.70,87.25,94.17,99.10,102.97,105.89,110.62,114.51,118.53
940,17.87,22.79,32.18,39.96,47.68,55.81,64.60,73.14,80.90,87.70,93.99,99.06,103.40,106.51,111.11,115.07,118.85
943,17.84,22.99,33.16,40.65,47.44,56.41,64.91,74.13,82.01,87.89,94.73,99.53,103.31,107.21,111.38,115.05,119.26
946,18.16,23.26,32.58,40.82,48.32,56.56,65.91,74.34,82.37,88.92,95.23,100.17,103.74,107.13,111.99,115.66,119.61
949,18.38,23.39,33.19,40.66,48.44,57.00,65.05,75.47,82.65,89.64,95.19,99.76,104.02,107.37,111.70,115.96,119.98
952,18.31,23.33,33.69,40.82,48.69,57.55,66.41,75.90,83.55,89.97,95.38,100.39,104.10,107.68,112.34,116.36,120.75
955,18.58,23.69,33.60,41.86,49.07,57.40,66.94,75.52,83.95,90.62,96.03,100.27,104.54,108.19,112.98,116.65,120.53
958,18.80,24.01,33.64,41.64,50.13,58.25,67.68,76.16,83.87,91.08,96.20,100.80,104.92,108.77,113.22,117.37,121.22
961,18.75,23.98,33.69,41.95,50.02,58.93,68.39,76.91,84.82,91.59,96.56,100.95,105.09,109.05,113.63,117.57,121.47
964,18.88,24.01,34.05,42.05,50.59,59.17,69.17,77.07,85.20,91.71,97.11,100.69,105.37,108.95,113.84,118.04,121.63
967,19.18,24.54,34.39,43.28,50.78,60.10,69.26,77.57,85.78,91.70,96.98,101.14,105.42,109.50,114.10,118.20,122.22
970,19.16,24.46,34.34,42.30,50.77,60.21,69.80,78.29,85.86,92.47,97.72,101.56,106.06,110.00,114.45,118.91,122.85
973,19.33,24.75,34.96,43.72,50.95,61.19,70.05,78.77,86.52,93.00,97.62,101.81,105.73,110.64,114.63,118.59,123.15
976,19.51,24.55,34.87,43.71,51.41,61.43,70.78,79.65,86.97,93.17,97.68,101.98,106.46,110.54,114.99,119.17,123.21
979,19.77,24.70,35.46,44.11,52.00,61.42,71.77,80.38,87.36,93.86,97.74,102.43,106.86,110.52,115.48,119.48,124.11
982,19.72,25.11,34.91,44.68,52.02,62.86,71.07,80.74,88.25,93.89,98.16,102.32,106.56,111.51,116.03,119.68,124.35
985,19.88,25.28,35.80,43.91,52.70,62.22,72.66,81.34,88.09,94.11,98.41,102.99,106.91,111.52,116.55,120.39,124.50
988,20.05,25.14,35.56,45.27,52.92,63.12,71.93,81.36,88.89,94.25,98.45,103.22,107.32,111.89,116.32,120.93,124.62
991,20.25,25.77,36.08,45.50,53.25,62.73,73.69,81.94,89.26,94.52,98.86,103.48,107.10,112.30,116.69,121.01,125.33
994,20.26,26.13,35.91,45.12,53.63,63.90,73.99,82.09,89.28,94.77,99.13,103.74,108.19,112.55,117.18,121.21,125.76
997,20.50,25.90,36.56,46.29,53.72,65.26,74.16,83.02,89.85,95.13,99.11,103.76,108.38,112.57,117.36,121.75,125.77
1000,20.60,26.01,35.83,46.26,55.27,65.11,74.93,82.90,89.44,95.04,99.30,104.09,108.86,113.32,118.06,122.15,126.35
1003,20.71,26.26,37.52,46.10,55.36,64.78,75.07,83.75,90.00,95.47,99.89,104.51,109.37,113.27,118.42,122.44,126.53
1006,20.79,26.31,36.67,46.85,55.02,65.93,76.23,84.61,89.74,95.74,99.81,104.65,108.87,113.93,118.43,122.82,127.14
1009,21.07,26.73,37.93,47.00,55.48,65.58,76.39,85.32,90.60,95.88,100.47,104.77,109.38,114.19,118.53,123.14,127.65
1012,21.22,26.63,37.08,47.52,55.65,66.81,76.44,85.34,91.13,96.02,100.69,105.33,110.08,114.75,118.93,123.36,127.61
1015,21.45,27.09,38.01,47.63,56.20,66.49,77.06,85.33,91.67,96.23,100.92,105.40,110.40,115.33,119.40,124.08,128.05
1018,21.49,27.40,37.95,47.86,56.33,67.85,77.83,85.58,91.72,96.40,100.66,105.80,111.06,115.81,119.98,124.12,128.02
1021,21.72,27.27,38.37,48.66,56.93,68.09,78.15,86.07,92.03,96.64,101.45,106.29,111.04,115.77,120.48,124.50,128.45
1024,21.76,27.78,38.44,48.62,57.55,68.20,78.75,86.55,92.23,96.49,101.27,106.23,111.34,115.81,120.38,124.85,128.89
1027,21.90,27.66,38.39,48.89,57.78,68.98,79.04,86.79,92.35,96.95,101.88,106.59,111.94,116.33,120.95,125.04,129.26
1030,22.13,27.84,39.59,49.44,58.46,69.65,78.72,87.20,92.60,97.62,102.45,107.12,112.64,116.58,120.93,125.67,129.93
1033,22.32,28.20,38.96,49.73,58.95,70.10,80.55,87.69,92.80,97.46,102.32,107.45,112.53,117.14,121.66,125.52,130.25
1036,22.39,28.30,39.96,49.68,59.25,70.69,80.58,87.66,93.01,97.57,102.87,107.83,113.03,117.79,122.10,125.80,130.31
1039,22.38,28.60,39.63,50.37,59.24,70.99,80.87,88.04,93.23,98.11,103.15,108.07,113.31,118.05,122.04,126.23,130.47
1042,22.96,28.75,39.96,51.00,59.66,71.74,81.31,87.58,93.23,97.94,103.46,108.71,113.56,117.88,122.27,126.87,131.01
1045,22.74,28.68,40.11,50.88,60.18,72.00,81.62,88.57,93.07,98.54,103.02,108.77,114.42,118.62,123.13,127.03,131.81
1048,23.07,29.23,40.86,50.85,60.98,72.76,81.87,88.82,93.39,98.73,104.10,109.32,114.00,118.83,123.13,127.57,132.07
1051,23.18,29.32,40.64,51.64,60.94,73.05,82.58,89.11,94.10,99.21,104.36,109.51,114.70,119.39,123.39,127.70,132.57
1054,23.34,29.57,40.92,52.05,61.79,73.65,82.73,88.98,93.64,99.35,104.86,109.99,114.91,119.53,123.63,128.05,132.87
1057,23.52,29.88,41.03,52.18,62.15,73.60,83.17,89.15,94.41,99.71,105.20,110.42,115.47,119.65,123.83,128.41,133.43
1060,23.65,29.84,41.41,52.46,63.11,73.92,83.47,89.32,94.53,99.55,105.14,110.81,115.55,119.87,124.24,128.73,133.14
1063,23.76,30.17,41.47,53.02,63.46,74.21,83.77,89.34,93.99,100.23,104.94,111.04,115.84,119.98,124.80,129.37,134.08
1066,24.17,30.01,41.49,52.70,63.39,74.97,84.15,90.07,94.86,99.76,106.08,110.87,116.19,120.22,124.32,129.62,134.22
1069,24.30,30.62,41.90,53.27,64.25,75.27,83.68,90.19,94.90,100.80,106.28,111.79,116.31,120.86,124.95,129.55,134.66
1072,24.25,30.65,42.17,54.15,64.82,75.03,84.61,90.21,95.83,101.00,106.53,111.72,116.60,120.99,125.68,130.41,135.06
1075,24.58,31.11,42.85,53.62,65.00,76.47,84.73,90.15,95.72,100.93,106.89,112.38,116.72,120.77,125.97,130.86,135.49
1078,24.50,31.02,42.51,54.61,65.44,76.68,85.23,90.59,95.75,101.53,107.00,112.85,117.02,121.57,125.91,131.45,136.15
1081,24.91,31.25,42.81,53.88,66.32,77.21,85.26,90.73,96.26,101.62,107.72,112.92,117.48,121.20,126.82,131.51,137.27
1084,24.94,31.36,43.44,55.56,66.13,77.70,85.70,91.14,96.11,101.98,107.63,112.99,117.58,121.72,127.04,132.35,137.42
1087,25.15,31.66,43.32,55.28,66.16,78.31,85.66,91.16,96.45,101.99,107.90,113.22,117.87,121.84,127.24,132.32,137.59
1090,25.03,31.91,43.93,55.18,66.65,78.10,85.66,91.45,96.95,102.32,107.92,113.09,117.72,122.16,127.74,133.19,137.56
1093,25.69,31.91,43.96,56.17,67.01,78.44,86.39,92.05,96.96,102.89,108.14,113.59,118.14,122.36,128.17,133.28,138.29
1096,25.68,32.12,44.08,55.85,67.50,79.07,86.32,91.56,97.11,103.15,108.77,113.89,118.48,123.03,128.55,133.65,138.59
1099,25.86,32.40,44.31,56.42,68.11,79.17,86.36,92.41,97.65,103.48,109.12,113.79,118.63,123.28,128.88,134.42,138.97
1102,25.99,32.51,44.64,56.92,68.08,79.79,86.98,92.54,97.85,103.34,109.32,114.47,119.17,123.41,128.98,134.74,140.05
1105,25.86,32.80,44.47,56.57,68.78,79.73,86.14,92.58,98.28,103.95,109.80,114.60,119.07,123.58,129.51,135.25,140.85
1108,26.48,32.85,45.39,57.43,68.64,80.33,86.97,92.61,98.60,103.93,109.58,114.77,119.59,124.56,130.39,135.45,140.95
1111,26.60,33.33,45.30,57.84,69.76,80.60,87.15,92.96,98.65,104.76,110.22,115.25,119.87,124.92,130.46,136.29,141.30
1114,26.60,33.40,45.50,58.57,70.56,81.13,86.94,93.43,98.80,104.84,110.48,115.27,119.94,124.99,130.73,136.58,141.87
1117,27.00,33.54,45.98,58.60,70.11,81.26,87.22,93.66,98.99,104.88,110.64,115.22,120.26,124.94,131.46,137.01,142.20
1120,26.90,33.83,46.33,59.06,70.99,81.03,87.96,93.75,99.49,104.99,110.93,115.48,120.35,125.90,132.12,137.53,142.58
1123,26.69,33.69,46.24,58.87,70.83,81.57,88.33,94.12,99.57,105.54,110.95,115.87,121.03,126.06,131.99,138.25,142.80
1126,27.43,33.92,46.34,59.26,71.01,81.64,88.22,93.72,99.94,105.60,111.46,116.02,121.07,127.56,132.74,138.13,143.35
1129,27.03,34.29,47.01,60.28,71.68,82.25,88.12,94.15,100.13,105.94,111.54,116.49,121.33,127.82,133.06,138.58,143.67
1132,27.35,34.26,47.09,59.86,72.14,82.09,88.86,94.64,100.60,106.13,111.51,116.72,121.58,127.26,133.50,139.57,144.60
1135,27.71,34.63,47.47,60.70,72.46,82.59,88.89,95.08,100.79,106.41,111.53,116.68,121.93,128.40,134.17,139.76,144.47
1138,27.71,34.72,47.33,61.08,72.75,82.78,89.16,94.97,101.16,106.93,111.94,116.94,122.63,128.05,134.60,140.22,144.66
1141,27.78,34.94,47.65,61.68,72.88,82.81,88.76,95.30,101.50,106.70,111.86,117.29,122.64,128.86,135.16,140.53,144.96
1144,28.11,35.13,48.30,60.92,73.00,82.95,89.32,95.11,101.05,106.88,112.74,118.05,123.19,129.21,135.83,141.07,145.60
1147,28.19,35.40,48.01,62.37,73.88,83.15,89.63,95.91,102.03,107.56,113.02,118.19,123.90,129.68,136.20,141.28,145.77
1150,28.53,35.26,48.24,62.04,74.36,82.82,89.79,96.29,102.18,107.69,112.71,118.09,124.20,130.29,136.10,141.18,145.83
1153,28.50,35.32,48.41,61.95,74.25,83.36,89.81,96.35,102.49,107.90,113.06,119.19,124.45,131.48,137.13,142.21,146.28
1156,28.89,36.12,48.62,62.71,74.96,83.97,90.08,96.64,102.61,107.94,113.51,119.01,125.03,131.17,136.98,142.36,146.19
1159,28.75,35.65,48.90,63.17,75.46,84.15,90.41,96.86,103.19,108.41,113.79,119.52,125.55,131.66,137.54,142.65,146.44
1162,29.06,36.20,49.37,63.51,75.30,84.17,90.39,96.46,103.18,108.54,113.54,119.54,126.31,132.66,137.70,142.70,146.99
1165,29.46,36.30,49.57,64.01,75.72,84.40,90.59,97.42,103.58,108.99,113.85,119.96,126.36,132.89,138.67,143.13,147.17
1168,29.28,36.59,48.95,63.85,76.16,84.80,91.20,97.95,103.71,109.04,114.74,120.27,127.03,132.85,138.74,143.09,147.27
1171,29.56,36.74,49.98,64.36,76.65,84.79,91.33,98.08,103.96,109.48,114.69,120.94,127.63,133.78,139.12,143.50,148.04
1174,29.98,37.14,50.03,64.72,77.04,84.92,91.89,98.21,104.48,109.83,114.51,121.40,127.95,134.46,139.51,143.83,148.03
1177,29.86,37.14,50.65,65.04,77.01,85.05,91.87,99.07,104.34,109.34,115.07,121.55,128.34,134.24,139.98,143.81,148.40
1180,29.96,37.65,50.68,65.17,77.28,85.41,92.19,99.17,104.12,110.01,115.91,122.02,128.47,134.41,139.54,144.59,148.69
1183,30.55,37.29,50.82,66.00,77.59,85.50,92.54,99.17,105.20,110.33,116.07,122.77,129.19,134.57,140.15,144.99,149.40
1186,30.31,37.78,51.39,65.99,77.56,85.15,92.82,99.11,105.14,110.49,116.45,123.05,129.85,135.46,140.40,144.87,149.36
1189,30.62,37.96,51.72,65.59,78.16,86.05,92.68,99.64,105.63,110.71,116.77,123.59,129.42,135.70,140.80,144.81,149.78
1192,30.87,38.00,51.78,66.55,78.14,86.30,93.60,100.32,105.86,111.18,116.51,124.25,131.07,136.00,141.05,145.58,150.06
1195,30.97,37.98,51.99,67.52,78.46,85.63,93.97,100.45,106.19,111.74,117.69,124.14,130.77,136.05,141.28,145.89,151.03
1198,31.11,38.52,52.28,67.19,79.16,86.58,93.70,100.75,106.29,111.40,117.93,124.82,131.11,136.13,141.03,146.34,151.62
1201,31.15,38.65,52.78,68.27,79.43,87.06,94.45,100.46,106.56,111.66,118.11,125.05,131.69,136.92,141.84,146.25,152.01
1204,31.82,38.56,52.74,67.30,79.31,86.86,94.57,100.77,106.40,112.33,118.43,125.67,132.30,137.11,142.01,146.95,151.54
1207,31.39,39.23,52.92,67.96,79.59,87.46,94.96,101.18,107.03,112.47,119.01,126.13,132.28,137.14,142.35,147.63,152.46
1210,31.97,38.92,53.30,68.45,80.06,87.53,94.93,100.94,107.27,112.48,118.86,126.42,132.57,137.62,142.69,147.78,152.73
1213,32.02,39.31,53.53,69.07,80.23,87.98,95.56,100.95,107.42,112.83,119.58,126.42,132.86,137.82,143.35,148.34,153.02
1216,32.13,39.27,53.96,69.26,80.22,88.20,95.83,101.74,107.74,113.48,119.36,126.84,133.29,138.12,143.29,148.60,153.54
1219,32.44,40.09,54.32,69.81,80.47,88.43,96.12,102.19,107.47,113.36,120.35,127.19,133.12,138.63,143.71,148.90,154.05
1222,32.62,39.91,54.13,70.29,80.61,88.64,95.30,102.20,107.61,114.10,121.11,127.35,133.48,138.60,143.61,149.28,154.48
1225,32.78,39.96,54.62,70.33,80.43,88.55,95.68,102.42,108.24,113.75,120.84,128.19,134.00,138.68,143.64,149.73,155.10
1228,32.93,40.23,55.20,70.94,80.86,88.69,96.24,101.89,108.81,114.71,121.47,128.24,134.21,138.80,144.78,150.05,155.49
1231,33.30,40.33,55.49,70.63,81.26,89.44,96.68,102.73,108.94,114.78,122.14,128.51,134.25,139.64,145.16,150.79,155.78
1234,33.22,40.18,55.81,70.70,81.49,89.54,96.96,102.39,109.03,115.59,122.75,128.72,134.26,139.76,145.50,151.13,156.95
1237,33.53,40.43,56.39,71.55,81.41,89.79,97.45,103.52,109.26,115.47,122.89,129.13,134.75,140.36,146.11,151.50,156.49
1240,33.57,41.15,56.77,72.01,81.93,90.40,97.25,103.05,109.58,116.09,122.96,129.13,134.78,140.14,146.41,152.11,158.36
1243,33.56,41.25,56.98,72.07,81.94,90.09,97.21,103.77,109.98,116.70,123.22,129.98,134.88,140.32,146.65,152.34,158.49
1246,34.13,41.07,57.10,72.34,82.11,90.30,97.80,103.69,110.40,116.93,123.91,129.91,135.59,140.26,147.33,152.74,158.96
1249,33.90,41.58,57.26,72.37,82.38,90.94,97.94,104.28,110.47,116.77,124.25,130.22,135.23,141.05,147.91,153.42,159.67
1252,34.42,41.46,57.53,72.99,82.37,91.12,98.28,103.87,110.70,117.53,124.43,130.48,135.53,141.93,147.95,153.94,159.57
1255,34.24,42.33,57.75,72.95,82.56,91.36,98.87,104.37,110.91,118.06,125.12,130.71,136.16,142.34,148.74,154.47,160.07
1258,34.28,41.87,57.67,73.10,83.03,91.78,99.04,104.93,111.56,117.93,125.09,131.28,136.46,142.64,148.22,154.76,160.42
1261,34.96,42.42,58.45,73.72,82.79,91.53,99.16,105.22,111.71,118.48,125.55,131.47,136.82,142.72,149.00,155.28,160.93
1264,35.00,42.42,58.85,73.63,83.25,92.13,99.13,105.34,111.93,119.02,125.54,131.44,137.02,142.72,149.75,155.52,161.08
1267,35.19,42.75,58.70,73.84,83.39,92.08,98.90,105.48,112.45,118.97,126.15,131.82,137.39,143.59,150.68,156.16,161.28
1270,35.22,42.78,59.48,73.95,83.70,92.00,99.38,105.88,112.34,119.50,126.02,131.68,137.80,143.39,150.68,156.33,161.79
1273,35.47,43.14,59.54,74.20,84.08,92.33,99.56,106.06,113.09,120.57,126.23,132.41,138.19,144.48,150.76,157.12,161.78
1276,35.78,43.19,59.85,74.24,84.27,92.49,100.11,106.66,113.43,120.61,126.63,132.40,138.56,144.89,151.60,157.20,162.29
1279,35.77,43.32,60.38,74.45,84.06,93.14,100.10,106.61,113.72,120.81,127.43,132.80,138.96,145.50,151.95,157.58,162.39
1282,36.37,43.96,60.46,74.70,84.54,93.00,100.29,106.84,113.92,121.22,127.55,133.36,139.34,145.38,152.55,157.87,163.08
1285,36.20,43.75,60.67,75.08,84.61,93.47,100.54,107.72,114.42,121.76,127.41,133.12,139.69,146.09,152.60,158.57,163.02
1288,36.20,44.13,61.20,75.56,84.79,93.06,101.09,107.52,114.88,121.43,127.55,133.19,140.04,146.44,152.89,158.59,163.62
1291,36.52,44.25,61.49,75.01,85.16,93.97,101.00,107.90,114.56,121.51,127.93,133.38,140.39,146.83,153.22,158.72,163.99
1294,36.79,44.37,61.08,75.66,85.23,93.78,101.03,108.11,114.96,122.22,128.31,134.07,140.55,147.78,153.73,159.21,163.69
1297,36.70,44.77,61.93,75.66,85.45,94.17,101.63,108.48,115.64,122.02,128.39,134.42,141.35,148.17,154.41,159.19,164.37
1300,37.21,44.94,62.26,75.79,85.80,94.56,101.75,108.86,115.95,122.68,128.65,134.43,141.49,148.33,154.41,159.77,164.86
1303,37.37,45.42,62.61,75.57,85.91,94.34,101.98,108.97,116.90,122.95,128.83,135.59,142.28,148.06,154.26,159.80,165.05
1306,37.50,45.25,62.80,76.60,86.11,94.98,102.19,109.82,116.88,123.27,128.97,135.56,142.52,148.95,154.98,160.06,165.18
1309,37.81,45.46,62.88,76.51,86.27,95.00,102.24,110.14,117.22,123.75,129.29,135.32,142.58,149.64,155.36,160.42,165.38
1312,37.85,45.65,63.37,76.58,86.54,95.40,102.79,109.90,117.44,123.59,129.58,135.91,143.18,149.50,155.50,160.53,165.67
1315,38.12,45.59,63.64,77.13,86.76,95.61,102.91,110.67,117.71,123.50,129.58,136.21,143.56,150.17,155.99,161.04,166.16
1318,38.12,45.90,63.46,77.08,86.87,95.34,103.24,111.13,117.79,124.22,130.10,136.67,143.62,150.01,155.86,161.08,166.14
1321,38.34,46.56,63.90,77.44,87.38,95.81,103.28,111.43,118.02,124.10,130.24,137.45,144.35,150.61,156.15,161.39,166.53
1324,38.44,46.88,64.18,77.10,87.51,96.16,103.60,111.56,118.46,124.32,130.42,137.86,144.82,150.79,156.67,161.50,167.21
1327,38.91,47.20,64.78,77.65,87.76,96.48,104.21,112.18,118.75,124.20,130.86,138.18,145.19,151.03,157.02,161.79,167.77
1330,38.84,46.97,64.56,77.93,88.02,95.94,104.17,112.06,118.91,124.51,130.81,137.98,145.10,151.15,156.88,162.22,167.83
1333,39.17,47.41,65.66,78.08,88.15,96.50,104.18,111.77,118.79,124.92,131.95,138.15,145.88,151.54,157.27,162.61,168.31
1336,39.05,47.53,65.64,78.02,88.25,96.91,104.78,112.49,118.93,124.80,132.09,138.18,145.84,152.04,157.30,163.17,168.56
1339,39.41,47.89,66.02,78.29,88.58,96.52,104.60,112.82,119.45,125.25,132.61,139.31,146.22,152.38,157.67,163.24,169.36
1342,39.82,48.19,66.25,77.67,88.65,97.28,105.41,113.30,119.54,125.28,132.61,139.98,146.68,152.40,158.15,163.68,169.72
1345,39.73,48.42,66.64,78.03,88.88,97.47,105.21,113.43,119.88,125.52,132.73,139.81,147.17,152.73,158.35,163.76,170.35
1348,40.22,48.39,67.11,78.58,89.08,97.60,106.14,113.73,120.18,125.82,132.71,140.49,147.01,153.39,158.61,164.49,170.26
1351,39.83,48.65,66.93,78.69,89.23,97.63,106.20,113.69,120.01,126.04,133.33,140.83,147.72,153.22,159.42,164.98,171.00
1354,40.31,48.80,66.82,79.04,89.28,98.01,106.36,114.07,120.67,126.79,134.01,141.20,147.79,154.17,159.46,165.15,171.13
1357,40.67,49.04,67.41,79.48,89.58,97.76,106.41,113.24,120.59,127.09,133.79,141.41,148.21,154.22,159.69,165.70,171.80
1360,40.59,49.38,67.33,79.23,89.53,98.48,107.04,114.43,120.86,127.15,134.41,141.55,148.56,154.09,160.12,166.04,172.39
1363,41.24,49.61,67.71,79.47,89.87,99.08,107.40,115.08,120.98,127.04,135.26,142.53,148.90,154.38,160.51,166.78,172.79
1366,41.03,49.84,68.05,79.32,90.14,98.91,107.69,114.66,121.41,127.48,135.65,142.51,148.76,154.62,160.86,167.04,173.09
1369,41.44,50.13,68.56,79.86,90.31,99.22,107.57,115.46,121.43,127.34,136.04,142.80,149.55,155.19,161.26,167.36,174.13
1372,41.68,50.09,68.57,80.05,90.23,99.25,107.95,115.39,121.67,128.00,136.15,143.37,149.78,155.53,161.42,168.27,174.27
1375,41.64,50.46,69.13,79.99,90.23,99.84,107.78,115.96,122.16,128.71,136.57,143.29,149.87,155.61,161.68,168.10,173.93
1378,41.93,50.77,69.00,80.61,90.61,100.04,108.10,115.78,122.27,129.15,136.67,143.89,150.15,155.83,162.81,168.81,175.29
1381,41.58,51.22,69.32,80.42,90.80,100.11,109.08,116.21,122.52,129.36,136.95,143.82,150.74,156.40,163.33,169.06,175.69
1384,42.18,51.32,69.37,81.03,91.22,100.40,109.09,115.37,123.34,129.75,137.39,144.16,150.14,156.72,163.51,170.31,176.27
1387,42.18,51.52,69.58,81.09,91.27,100.72,109.15,116.79,123.36,130.15,137.38,144.51,150.86,156.74,164.01,170.76,176.36
1390,42.74,51.62,70.12,81.27,91.51,100.95,109.54,116.87,123.46,130.23,137.97,144.59,150.59,157.20,163.99,171.13,176.71
1393,42.73,52.07,70.17,81.66,91.82,101.26,109.61,116.74,123.75,131.11,138.40,145.09,151.41,157.76,164.99,171.62,176.51
1396,42.81,52.26,70.21,81.64,91.63,101.48,109.87,117.13,123.98,131.56,138.80,145.27,151.71,158.56,165.80,171.56,177.44
1399,43.09,52.36,70.74,82.14,91.93,101.25,109.90,117.19,124.37,132.02,138.98,145.85,152.01,158.45,165.71,172.13,177.73
1402,43.22,52.47,70.71,81.93,91.99,101.86,110.45,118.01,124.79,131.89,139.19,145.89,152.46,159.11,165.62,172.32,178.27
1405,43.31,52.85,70.68,81.93,92.16,102.32,110.75,118.30,125.03,132.25,139.49,146.30,152.86,159.05,166.63,172.62,178.39
1408,43.53,52.86,70.96,82.45,92.62,102.88,110.66,117.77,125.20,132.45,140.00,146.53,152.81,159.91,166.58,173.50,178.77
1411,43.94,53.07,71.01,82.61,92.91,103.04,110.59,118.43,125.56,133.35,140.37,146.39,153.89,160.60,167.51,173.91,179.14
1414,44.10,53.36,71.60,82.66,93.12,103.07,110.68,118.48,126.15,133.11,140.45,146.98,153.87,160.99,167.43,173.94,179.53
1417,44.04,53.59,71.41,82.84,93.34,103.52,111.22,118.68,126.68,133.51,140.69,147.20,154.30,160.64,168.12,174.09,179.63
1420,44.26,53.99,71.59,83.02,93.47,103.68,111.58,118.99,126.86,133.69,141.31,147.34,154.67,161.91,168.41,174.60,180.04
1423,44.31,53.89,71.93,83.34,93.79,103.60,111.92,118.80,127.26,134.38,141.06,147.89,155.47,161.78,168.95,175.20,180.21
1426,44.85,54.47,72.28,83.55,93.73,104.23,111.63,119.77,127.59,134.69,141.85,147.69,155.78,162.34,169.11,174.93,180.38
1429,44.94,54.88,72.55,83.71,94.16,104.52,112.11,120.12,127.83,134.97,142.11,147.88,156.14,162.50,169.43,175.51,181.20
1432,44.96,54.76,72.22,83.92,94.37,105.04,112.09,120.36,127.72,135.01,142.12,148.83,156.48,163.05,169.92,175.48,181.68
1435,45.38,55.00,72.53,84.21,94.45,104.89,112.51,120.60,128.51,135.68,142.42,148.97,156.79,163.70,169.99,175.88,181.76
1438,45.29,55.47,72.66,84.50,94.43,105.18,113.11,120.99,128.40,135.51,142.54,149.58,157.28,163.94,170.25,176.01,181.99
1441,45.76,55.36,72.81,84.28,94.71,105.13,112.69,121.44,129.36,136.07,143.18,150.05,157.81,164.12,170.74,176.51,182.30
1444,45.94,55.78,72.96,84.35,94.94,105.51,112.65,121.48,129.71,136.41,143.03,150.68,157.79,164.58,171.02,176.60,182.02
1447,46.03,56.03,73.11,85.01,95.39,105.54,113.16,121.88,129.81,136.82,143.74,150.77,158.20,164.66,171.04,176.80,182.45
1450,46.08,56.08,73.13,85.00,95.48,105.90,113.72,122.13,129.86,136.94,143.57,150.57,158.50,165.33,171.66,177.55,182.63
1453,46.88,56.48,73.51,84.98,95.70,105.98,113.84,122.42,130.36,137.03,143.81,151.68,158.92,166.01,171.63,177.56,182.64
1456,46.34,56.86,73.54,85.14,95.71,106.36,114.21,122.63,130.54,137.31,144.48,151.59,159.87,166.13,171.98,177.58,183.62
1459,47.13,56.89,73.77,85.28,95.96,106.18,114.42,122.76,130.82,137.50,144.78,152.39,159.79,166.72,172.31,177.84,183.68
1462,46.98,57.15,74.04,85.56,96.37,106.84,114.79,123.27,131.28,137.70,144.90,152.48,159.44,166.64,172.53,178.46,184.41
1465,47.61,57.35,74.01,85.48,96.79,107.07,114.78,123.84,131.48,137.90,145.37,152.70,160.34,167.49,172.76,178.50,185.02
1468,47.56,57.72,74.17,86.09,96.88,107.22,115.42,124.02,131.71,138.34,145.50,153.06,161.08,167.34,173.39,178.91,185.28
1471,48.11,57.64,74.36,86.57,97.00,107.01,115.25,124.01,131.85,138.24,146.19,153.41,161.22,168.24,173.41,179.57,185.78
1474,48.01,57.91,74.32,86.36,97.03,106.87,115.92,124.44,132.29,138.77,146.00,154.18,161.66,167.91,173.64,179.92,186.53
1477,48.30,58.54,74.46,86.58,97.41,107.54,116.29,125.06,132.61,139.19,146.84,154.65,161.70,168.17,174.06,179.90,186.04
1480,48.46,58.64,74.68,86.48,97.88,107.72,116.54,124.89,132.83,139.39,146.82,154.56,162.38,168.38,174.60,180.39,186.99
1483,48.66,58.56,75.06,86.53,97.94,107.99,117.04,125.32,132.87,139.45,146.77,155.17,162.46,168.72,174.46,180.89,187.39
1486,48.95,59.06,75.03,87.02,98.42,108.40,117.02,125.91,133.39,139.93,147.25,154.99,162.94,169.04,174.57,181.39,187.65
1489,49.03,59.33,75.31,87.37,98.63,108.72,117.48,126.24,133.46,140.03,147.99,155.89,162.91,169.35,175.02,181.50,187.97
1492,49.31,59.61,75.29,87.28,98.76,108.67,117.68,126.28,133.75,140.30,148.16,156.54,163.54,169.75,175.56,181.70,188.06
1495,49.30,59.91,75.38,87.70,98.99,109.14,117.28,126.33,133.95,140.66,148.60,156.32,163.92,169.60,175.91,182.01,189.00
1498,49.84,60.17,75.83,87.90,99.45,109.04,118.03,126.45,133.77,140.74,149.15,156.74,164.01,170.15,176.48,182.69,189.41
1501,49.95,60.27,76.03,88.05,99.67,109.18,118.41,127.22,134.29,140.95,149.14,157.30,164.04,170.67,176.76,182.95,189.82
1504,50.25,60.50,76.26,88.42,99.83,109.47,118.82,126.70,134.65,141.48,149.94,157.61,164.37,170.61,177.03,183.36,190.15
1507,50.55,60.82,75.83,88.43,99.86,109.65,119.22,127.33,135.34,141.43,150.23,157.99,165.04,171.29,177.56,183.72,190.85
1510,50.50,60.89,76.15,88.37,100.59,109.99,119.32,127.37,135.19,142.52,150.24,158.42,165.31,170.72,177.27,184.22,191.17
1513,50.80,60.97,76.22,89.08,100.39,110.07,119.49,127.49,135.53,142.38,150.84,158.44,165.70,171.02,178.50,184.74,191.75
1516,51.03,61.54,76.76,88.93,100.66,110.27,119.63,128.46,135.69,143.16,151.04,159.18,165.63,171.74,178.90,185.01,192.40
1519,51.26,61.69,76.94,89.27,100.93,110.79,119.54,128.11,135.95,142.94,151.73,159.15,165.89,172.48,179.12,185.30,192.71
1522,51.55,61.95,76.70,89.40,101.15,110.76,120.35,128.39,136.01,143.60,151.81,159.50,165.88,172.55,178.92,185.95,192.86
1525,51.61,61.94,76.96,89.67,101.30,111.25,120.54,128.57,136.40,144.19,152.27,159.45,166.15,172.63,179.50,186.19,193.21
1528,52.00,62.35,77.41,89.85,101.39,111.40,120.52,128.54,136.64,143.82,152.09,159.84,166.48,172.96,179.83,186.83,193.64
1531,51.94,62.68,77.50,89.92,101.46,111.71,120.82,129.00,137.30,144.37,152.79,160.20,166.97,173.26,180.26,187.50,194.21
1534,52.12,63.13,77.35,89.81,101.66,111.71,121.12,129.49,137.31,144.86,153.62,160.67,166.98,173.50,180.81,187.55,193.83
1537,52.20,63.05,77.46,90.20,101.99,112.01,121.51,130.06,137.21,144.92,153.67,160.74,167.23,173.98,180.94,187.93,194.31
1540,52.35,63.09,77.77,90.41,102.16,112.12,122.02,130.47,137.64,145.30,153.77,160.91,167.77,174.57,181.01,188.10,195.09
1543,52.98,63.25,78.27,90.65,102.41,112.13,121.46,130.22,137.58,145.88,154.21,161.18,167.99,174.28,182.17,188.68,195.31
1546,52.88,63.75,77.94,90.94,102.39,112.42,121.98,130.27,138.42,146.39,154.30,161.43,167.96,174.79,182.35,189.15,195.71
1549,53.34,63.82,78.09,90.99,102.51,113.08,122.07,130.99,138.80,146.60,154.79,161.81,168.93,175.61,182.49,189.23,196.13
1552,53.55,64.28,78.81,91.27,102.39,113.19,122.36,130.86,138.78,146.21,154.85,162.12,168.91,175.84,183.07,189.67,196.14
1555,53.64,64.12,78.92,91.49,102.90,113.08,122.77,131.23,139.02,147.03,155.45,162.25,169.13,176.30,183.82,189.84,196.16
1558,53.90,64.44,79.13,91.29,103.27,113.15,123.08,131.55,139.44,147.47,155.61,162.76,169.61,177.47,184.16,190.22,196.41
1561,54.25,64.72,79.30,91.54,103.49,113.77,123.25,131.73,139.79,148.11,155.68,162.82,170.16,177.46,184.66,190.70,197.26
1564,54.46,64.68,78.99,91.74,103.66,114.04,123.05,131.97,140.17,148.40,156.23,163.13,170.32,177.59,184.55,190.64,197.29
1567,54.58,64.92,79.62,92.23,104.07,114.06,123.44,132.07,140.39,148.17,155.94,163.56,170.92,177.68,185.12,191.58,197.88
1570,54.57,65.29,79.57,92.29,104.14,114.20,123.86,131.89,141.25,149.33,156.61,163.94,171.10,178.21,185.07,191.44,197.94
1573,54.70,65.52,79.80,92.85,104.22,114.79,123.55,132.72,141.36,149.37,156.98,164.00,171.31,178.24,185.54,191.77,198.38
1576,54.89,65.53,80.08,92.58,104.32,115.03,123.93,133.07,141.23,149.27,157.46,164.09,170.94,179.04,186.02,191.88,198.50
1579,55.26,65.87,80.56,93.14,104.61,115.42,124.46,133.26,141.75,149.28,157.44,164.88,172.06,179.24,186.06,191.97,198.63
1582,55.10,65.82,80.59,93.13,104.70,115.39,124.32,133.80,141.70,149.70,157.80,164.96,172.61,179.67,185.96,192.52,199.21
1585,55.57,65.85,80.45,93.50,105.17,115.88,124.96,133.40,142.37,150.43,158.34,165.31,172.48,180.33,187.17,192.96,199.21
1588,55.49,66.06,81.05,93.81,105.23,115.97,124.72,133.77,142.68,150.77,158.39,166.02,173.26,179.63,187.15,192.99,199.82
1591,55.96,66.32,80.99,93.59,105.64,116.40,125.24,134.81,143.21,150.63,158.67,165.89,174.23,180.96,187.22,193.47,200.47
1594,56.15,66.65,81.36,93.86,105.62,116.16,125.55,134.51,143.76,151.06,159.01,166.71,174.21,181.36,187.49,193.86,200.79
1597,56.26,67.00,81.01,94.11,105.74,116.58,125.93,135.09,144.45,151.00,159.51,167.00,174.34,180.93,187.89,193.98,201.29
1600,56.42,66.69,81.55,94.45,105.96,116.89,125.62,134.87,144.27,151.49,159.72,167.12,174.77,181.45,188.20,194.06,201.60
1603,56.54,67.14,81.67,94.34,106.35,116.29,126.08,135.75,144.30,151.87,159.92,167.42,175.49,181.90,188.13,194.87,202.26
1606,56.89,67.20,81.96,95.42,106.50,117.11,126.57,136.22,144.54,152.57,160.08,167.69,175.46,182.00,188.64,195.22,202.46
1609,56.99,67.38,82.03,95.85,106.62,117.61,126.67,136.23,144.93,152.67,160.40,167.99,175.89,182.56,188.79,195.35,203.07
1612,57.38,67.19,82.21,96.11,106.92,117.70,126.14,136.27,145.08,152.64,160.81,168.84,175.76,183.10,189.22,195.87,203.30
1615,57.41,67.52,82.64,95.73,106.71,117.80,127.32,136.69,144.96,153.49,160.99,169.38,176.60,183.33,189.96,196.27,203.56
1618,57.34,67.81,82.59,95.96,107.25,118.28,127.11,136.87,145.56,153.56,161.58,169.12,176.53,183.43,189.97,196.53,204.67
1621,57.92,67.72,82.81,96.05,107.53,118.56,127.59,137.64,145.75,153.25,162.15,169.43,177.48,184.23,190.18,196.78,205.26
1624,58.20,68.02,83.01,95.98,107.73,118.47,127.29,137.21,146.12,153.78,162.34,170.40,177.31,184.06,190.48,197.61,205.48
1627,58.28,68.45,82.96,96.63,107.67,118.56,128.39,138.05,146.38,154.02,162.18,170.53,177.63,184.50,190.65,198.38,206.03
1630,58.31,68.24,83.16,97.06,108.01,119.18,128.82,138.20,146.75,154.03,163.12,170.78,178.41,185.02,191.15,198.45,206.12
1633,58.45,68.16,83.31,96.88,108.23,118.75,128.65,138.87,147.07,154.44,162.95,171.03,178.33,184.85,191.51,198.69,207.15
1636,58.76,68.53,83.67,97.06,108.45,119.37,129.08,138.86,147.15,154.95,163.37,171.57,178.40,185.41,191.78,199.51,207.13
1639,59.08,68.87,84.23,97.18,108.77,119.02,128.72,139.11,147.32,155.06,163.84,171.27,178.75,185.50,192.78,199.88,208.14
1642,59.00,68.52,83.70,97.32,108.84,119.67,129.06,139.14,147.35,155.35,163.96,171.83,179.46,186.55,192.90,200.09,207.74
1645,59.25,68.74,84.16,97.62,108.71,120.09,129.36,139.58,147.68,155.58,164.63,172.21,179.44,186.21,193.08,200.71,208.69
1648,59.48,68.95,84.34,98.02,108.89,120.22,130.26,140.19,147.77,155.62,164.84,172.75,179.51,186.53,193.55,201.56,208.87
1651,59.46,69.07,84.67,98.14,109.07,119.87,129.91,140.21,148.33,156.38,165.23,172.50,180.07,186.79,194.56,201.76,209.41
1654,59.82,69.01,84.48,97.97,109.60,120.18,130.21,140.46,148.82,156.82,165.44,173.64,180.37,186.92,194.48,202.48,210.15
1657,60.06,69.41,84.87,98.30,110.08,120.34,130.68,141.14,149.10,157.28,165.55,173.78,180.79,187.36,194.31,202.41,210.03
1660,60.28,69.73,85.36,98.68,110.01,120.82,130.66,139.85,148.60,157.42,165.54,173.69,180.85,188.05,195.15,202.96,210.63
1663,60.42,69.89,85.23,98.81,110.43,120.43,130.88,140.47,149.32,157.63,166.02,174.12,181.28,188.43,195.68,203.53,210.71
1666,60.51,69.65,85.88,99.08,110.89,121.10,131.07,141.57,149.64,158.11,166.48,174.34,181.28,188.53,196.51,203.41,210.98
1669,60.59,70.04,85.82,99.34,110.90,121.33,131.47,141.35,150.52,158.62,166.94,174.51,181.76,188.85,196.69,204.31,211.71
1672,60.73,69.98,86.15,98.96,111.04,121.85,132.00,142.04,150.23,158.85,167.12,174.71,182.24,189.33,196.96,204.27,212.00
1675,60.95,70.21,86.09,99.61,111.20,121.80,131.91,142.04,150.72,158.79,167.37,175.02,182.48,189.41,197.43,204.63,212.14
1678,61.17,70.11,86.15,99.71,111.76,121.90,132.11,141.89,150.93,159.24,167.86,174.93,183.03,189.62,197.26,205.44,212.27
1681,61.44,70.58,86.25,100.24,112.16,121.99,132.69,142.39,151.06,159.59,168.17,175.99,183.02,190.32,197.60,205.79,212.98
1684,61.53,70.66,86.63,99.73,112.05,122.29,132.49,142.67,151.28,159.76,168.59,175.95,183.60,190.32,198.46,205.92,213.38
1687,61.71,70.73,87.06,100.38,112.24,122.70,133.08,142.75,151.51,160.02,168.93,176.11,183.66,191.09,198.78,206.17,213.28
1690,61.84,70.81,86.87,100.28,112.25,122.84,133.02,143.04,152.11,160.33,168.70,176.56,184.39,191.49,198.83,206.75,213.48
1693,62.02,70.93,87.32,100.78,112.63,122.76,133.56,143.13,152.20,160.95,169.37,177.08,184.80,192.21,199.71,207.30,214.33
1696,62.14,70.80,87.51,100.92,112.41,122.73,133.64,143.06,152.79,160.85,169.86,177.12,184.65,192.30,199.88,207.16,214.08
1699,62.57,71.40,87.60,101.05,112.48,123.73,134.30,143.59,153.45,161.30,169.69,177.50,185.08,192.75,200.23,207.43,214.35
1702,62.64,71.26,87.90,101.83,113.10,123.44,134.03,144.29,153.38,161.83,170.16,177.54,185.67,192.57,200.50,207.66,214.47
1705,62.67,71.63,88.12,101.69,112.89,124.07,133.59,144.59,153.77,162.67,170.24,177.91,186.06,193.19,200.84,207.88,214.89
1708,62.87,71.60,88.49,101.77,113.39,124.44,134.48,144.32,153.86,162.63,170.90,178.08,185.87,193.84,201.44,207.88,215.68
1711,63.21,71.75,88.42,101.91,113.43,124.13,134.59,144.93,153.95,162.68,171.13,178.75,186.23,194.25,201.87,208.69,215.88
1714,63.17,71.92,88.78,102.14,113.59,124.52,135.23,145.25,154.39,162.96,171.25,178.73,186.08,194.23,201.58,208.73,215.81
1717,63.31,71.44,88.79,102.39,113.88,124.90,135.79,145.46,155.02,163.38,171.98,179.53,186.83,194.70,202.23,209.07,216.36
1720,63.42,72.34,89.11,102.18,114.34,124.98,135.56,145.90,155.10,164.00,171.94,179.45,186.83,195.33,202.51,209.42,217.06
1723,63.44,71.91,89.25,102.72,114.14,124.92,135.51,146.10,155.71,164.16,172.01,180.28,187.61,195.62,202.88,209.87,217.26
1726,63.55,72.27,89.17,102.72,114.43,125.51,136.05,145.86,155.80,164.23,172.31,180.50,187.90,195.33,202.91,209.92,217.81
1729,63.86,72.33,89.75,103.11,114.41,125.59,136.64,146.23,155.85,164.31,172.85,180.55,188.27,196.59,203.34,210.27,218.28
1732,64.03,72.72,89.62,103.44,114.72,125.49,136.62,146.79,156.20,164.65,173.04,180.81,189.07,196.11,203.38,210.89,218.77
1735,64.07,73.23,89.95,103.28,114.90,126.37,136.69,146.60,156.62,164.97,173.36,181.12,189.04,196.77,204.34,211.59,218.39
1738,64.13,73.02,89.87,103.46,115.00,126.55,136.74,147.27,156.57,165.01,173.27,180.86,189.20,197.75,204.25,211.61,219.11
1741,64.34,73.20,90.29,103.50,115.50,126.44,136.95,147.29,157.13,165.42,173.71,181.43,189.84,197.99,204.49,211.79,220.46
1744,64.65,73.32,90.38,103.82,115.71,126.84,137.35,147.51,156.83,166.21,174.22,181.93,190.43,197.61,205.00,211.85,220.64
1747,64.54,73.49,90.23,103.94,115.85,126.99,137.31,148.18,157.55,166.00,174.87,182.77,190.68,198.28,205.11,213.06,221.07
1750,64.55,73.61,90.91,104.00,115.94,127.46,137.08,147.78,157.84,166.47,174.46,183.20,190.74,198.45,205.35,212.94,221.39
1753,64.79,73.90,90.68,104.33,115.92,127.87,137.63,148.72,158.34,166.56,174.91,182.84,190.88,198.31,205.84,213.48,221.84
1756,64.87,73.90,90.58,104.69,116.35,128.10,137.74,148.45,158.42,166.70,175.17,183.76,191.63,198.95,206.04,214.07,221.76
1759,65.00,74.26,90.88,104.84,116.48,128.23,138.33,148.79,158.84,167.04,175.97,184.05,191.25,199.32,205.97,214.01,222.56
1762,65.57,74.23,90.90,105.05,116.48,128.63,138.32,148.58,158.92,167.30,175.82,184.12,192.33,199.24,206.69,214.88,223.03
1765,65.61,74.49,91.28,104.80,116.71,128.71,138.48,149.78,159.43,167.03,176.09,184.67,192.91,199.57,206.83,215.16,224.11
1768,65.52,74.52,91.58,105.24,117.10,128.80,138.88,149.49,159.47,167.57,176.64,184.08,192.50,199.92,207.55,215.19,223.76
1771,65.74,74.42,91.81,105.39,117.10,129.31,139.58,150.19,159.41,167.53,176.62,184.92,192.74,200.01,208.02,215.78,224.88
1774,65.58,74.62,91.70,105.63,117.32,129.34,139.22,150.53,159.86,168.02,177.15,184.86,193.27,200.17,208.22,216.47,225.05
1777,65.88,75.09,91.94,106.03,117.82,129.52,139.44,150.54,160.13,168.69,177.82,185.89,193.61,200.80,209.00,216.59,225.30
1780,66.04,75.12,92.27,105.86,117.68,130.06,139.46,150.56,160.63,168.92,177.86,186.36,193.44,201.21,209.20,217.51,225.76
1783,66.01,75.02,92.08,105.93,117.83,130.04,139.98,151.49,160.65,169.14,178.17,186.29,194.05,201.53,209.60,217.86,226.19
1786,66.13,75.11,92.35,106.14,117.97,129.61,140.29,151.84,160.85,169.04,178.45,186.50,194.77,202.22,210.35,218.23,226.36
1789,66.24,75.29,92.55,106.35,118.26,130.14,140.50,151.80,161.29,169.59,178.67,187.16,194.90,202.34,210.35,218.73,226.59
1792,66.42,75.25,92.49,106.44,118.48,130.38,140.94,151.69,161.82,170.12,178.84,186.95,195.23,202.71,210.97,218.86,227.12
1795,66.24,75.53,92.77,106.91,118.41,130.12,141.04,152.11,162.04,170.10,179.96,187.29,195.58,203.47,211.00,219.73,227.98
1798,66.40,75.46,92.62,107.31,118.97,129.92,141.51,153.06,162.00,170.05,179.63,188.14,195.47,203.53,211.41,219.49,228.09
1801,66.75,75.73,93.09,107.30,119.21,130.55,141.99,152.81,162.37,170.56,179.83,188.25,196.22,203.46,212.10,220.23,228.51
1804,66.48,75.96,93.36,107.49,119.29,131.22,141.57,152.97,162.30,170.71,180.36,188.11,196.33,204.14,212.23,220.49,228.49
1807,66.50,76.04,93.22,107.50,119.51,131.27,142.16,153.30,162.28,171.10,180.91,188.62,196.55,204.58,212.90,220.65,228.81
1810,67.06,76.23,93.56,107.45,119.64,131.53,142.84,153.52,163.07,171.64,181.01,189.01,196.98,204.87,212.65,221.67,229.35
1813,67.23,76.50,93.58,107.75,119.84,132.19,142.35,154.37,163.31,172.25,181.75,189.60,197.12,205.08,212.75,221.74,229.60
1816,66.82,76.62,94.15,107.87,120.38,131.98,143.02,153.86,163.62,172.71,182.11,190.24,198.09,206.04,213.82,222.01,229.52
1819,67.31,76.37,94.05,107.94,120.52,132.05,143.05,154.42,163.46,172.85,182.33,190.43,198.09,206.26,214.11,222.54,230.23
1822,67.23,76.93,94.39,108.51,120.81,132.44,143.21,154.09,164.28,173.02,182.32,190.39,198.67,206.66,214.61,222.50,230.81
1825,67.38,76.97,94.54,108.57,120.82,132.94,143.79,154.96,164.44,173.53,182.38,190.34,199.35,207.47,215.12,223.18,230.37
1828,67.67,77.03,94.72,108.74,120.96,132.83,143.99,154.69,164.69,174.02,182.95,191.11,199.09,207.51,214.97,223.72,230.93
1831,67.75,77.31,94.83,108.99,121.25,133.39,144.28,155.40,164.58,174.11,183.27,191.22,199.05,208.01,215.59,223.68,231.14
1834,67.91,77.46,94.99,109.08,121.24,133.54,144.73,155.75,165.39,174.12,183.16,191.88,199.65,207.95,215.68,224.26,231.65
1837,67.96,77.42,94.89,108.92,121.34,133.56,144.27,155.77,165.07,174.28,184.00,192.04,200.22,208.14,216.10,224.24,231.74
1840,67.97,77.74,95.27,109.09,122.19,133.64,144.89,156.29,165.93,175.06,184.05,191.96,200.38,208.60,216.65,224.79,232.38
1843,67.85,78.13,95.45,109.52,122.39,133.53,145.46,156.53,166.25,174.97,183.59,192.78,200.40,209.40,216.97,224.92,232.32
1846,68.08,78.06,95.48,109.78,122.42,133.78,145.58,156.84,166.54,175.17,184.78,192.22,201.16,209.80,217.30,225.37,232.90
1849,68.27,78.26,95.99,109.83,122.28,134.28,145.87,156.74,166.22,175.68,184.72,192.72,201.21,209.54,217.90,225.65,233.16
1852,68.20,78.48,95.99,109.89,122.88,134.81,145.36,157.26,167.17,176.29,185.17,193.38,202.13,210.08,217.64,225.78,233.76
1855,68.38,78.04,96.12,110.43,123.20,134.94,146.09,156.72,167.07,176.43,185.41,193.70,201.92,210.83,218.71,226.28,234.33
1858,68.63,78.48,96.23,110.55,123.16,135.47,146.05,157.19,167.40,176.26,185.96,193.99,202.09,210.91,218.37,226.39,234.76
1861,68.65,78.77,96.23,110.35,123.40,135.28,146.56,157.96,167.98,177.11,186.05,194.81,202.91,211.35,218.68,226.69,235.23
1864,68.92,78.23,96.47,110.82,123.39,135.28,146.50,157.69,168.03,176.83,186.10,194.27,202.87,211.70,219.25,227.33,235.29
1867,69.15,78.69,96.67,110.88,123.54,135.83,146.80,158.68,168.65,177.69,186.25,194.74,203.17,211.87,219.55,227.28,236.26
1870,68.98,78.90,96.68,111.34,124.02,136.06,146.88,158.61,168.66,177.91,187.18,195.51,203.78,212.48,219.94,228.04,236.36
1873,69.11,78.98,97.03,111.20,124.00,136.10,147.41,158.75,168.75,177.86,187.15,195.82,203.87,212.55,219.84,228.67,237.07
1876,69.54,79.66,97.33,111.45,124.46,136.42,147.61,158.85,168.74,178.39,187.11,195.92,204.44,212.58,220.50,228.71,237.30
1879,69.45,79.54,97.48,111.31,124.61,136.40,147.69,159.64,169.71,178.79,187.63,196.84,204.76,213.27,221.06,229.49,238.53
1882,69.39,79.83,97.83,111.48,124.50,136.82,148.28,159.99,170.10,178.99,187.98,196.74,205.01,214.07,221.38,229.71,238.82
1885,69.86,79.94,97.17,112.13,124.84,137.28,148.45,160.40,170.42,179.43,188.54,197.25,205.86,214.11,221.48,230.17,238.71
1888,70.07,79.54,97.77,112.11,125.36,137.21,148.65,160.10,169.95,179.53,188.36,196.60,206.17,214.42,221.56,229.94,238.81
1891,69.76,80.11,98.11,112.31,125.31,137.75,149.02,160.50,170.74,179.62,188.51,197.91,206.21,214.89,222.41,230.29,240.10
1894,70.00,79.84,97.93,112.19,125.71,137.87,148.56,160.23,170.82,179.81,188.88,198.20,206.54,215.38,222.42,231.13,239.78
1897,70.14,80.51,98.28,112.40,125.85,138.46,149.30,161.30,171.41,179.64,189.70,197.94,207.23,215.18,222.82,231.74,240.50
1900,70.24,80.59,98.57,112.98,126.16,138.13,149.74,161.11,171.74,180.60,189.47,198.37,207.41,215.59,223.10,232.34,240.83
1903,70.40,80.72,98.80,112.95,126.10,138.44,150.04,161.79,171.77,180.64,189.98,199.28,207.42,216.01,223.70,232.31,241.67
1906,70.55,80.66,98.98,113.36,126.55,138.80,150.10,162.17,172.08,180.72,190.03,198.84,207.87,216.04,223.88,232.56,241.49
1909,70.75,80.89,99.27,113.50,126.00,138.59,150.50,162.32,172.11,181.14,190.83,199.77,208.31,215.98,224.22,233.27,241.67
1912,70.75,80.59,99.07,113.55,126.61,138.69,150.86,162.32,172.70,181.49,190.78,200.00,208.42,216.90,225.29,233.86,242.24
1915,70.78,81.18,99.44,113.52,127.15,139.52,150.68,162.63,172.68,181.61,190.80,200.31,208.63,217.10,225.27,233.68,242.29
1918,70.87,81.21,99.30,113.59,127.22,139.43,151.20,163.12,172.80,182.06,191.82,200.48,209.12,217.08,225.62,234.84,243.09
1921,71.31,81.95,99.43,114.38,126.81,140.10,150.91,163.59,173.52,182.62,191.62,201.02,209.53,217.02,225.65,234.95,243.50
1924,71.07,81.61,99.73,114.48,127.97,139.55,151.18,163.65,173.64,182.69,191.64,201.81,210.03,218.00,226.62,235.24,243.48
1927,71.46,81.90,99.91,114.93,127.97,140.21,151.27,163.26,173.67,182.94,192.52,201.72,210.37,217.98,226.90,235.51,244.52
1930,71.28,82.07,100.12,115.06,128.02,140.26,151.71,163.67,174.51,183.13,192.40,201.83,210.04,218.39,227.44,236.18,244.49
1933,71.52,82.15,100.20,114.99,128.17,141.04,152.38,164.35,174.67,183.57,192.85,202.63,210.89,218.93,227.50,236.18,245.12
1936,71.79,82.28,100.78,114.97,128.86,140.60,152.18,163.93,174.91,183.62,192.94,202.67,211.00,219.05,227.83,237.10,245.47
1939,71.67,82.46,100.78,115.38,128.61,141.08,152.50,164.35,175.10,184.06,193.16,203.44,211.35,219.99,228.49,237.43,245.87
1942,71.85,82.34,100.84,115.75,128.63,141.11,153.31,165.01,175.58,184.54,193.93,203.51,211.37,220.11,228.78,238.05,246.20
1945,72.05,82.71,100.96,115.91,129.31,141.74,153.40,164.89,175.48,184.74,193.71,203.16,211.68,220.42,229.47,238.17,246.49
1948,72.25,82.68,101.09,115.83,129.61,141.91,153.28,165.07,175.78,184.93,194.39,203.23,212.59,220.35,229.50,238.52,246.71
1951,72.37,82.62,101.25,115.89,129.44,142.31,154.25,166.02,176.10,185.02,194.92,203.57,212.49,220.88,229.58,238.84,247.08
1954,72.38,83.07,101.33,116.34,129.68,142.27,153.53,166.04,175.97,185.49,194.92,204.43,212.47,221.77,229.90,239.45,247.75
1957,72.61,83.09,101.82,116.26,129.68,142.26,154.58,166.20,176.72,186.06,195.37,204.14,212.91,221.50,230.93,239.95,248.08
1960,72.69,83.39,101.68,116.93,129.98,142.69,154.13,166.51,176.98,185.87,195.97,204.61,213.33,221.63,231.29,240.34,248.39
1963,72.79,83.60,102.05,116.86,130.09,143.22,154.87,167.08,177.43,186.32,195.71,204.49,213.76,222.09,231.39,240.14,248.23
1966,72.90,83.55,102.22,116.75,130.30,142.72,154.70,166.83,177.36,186.83,195.93,204.95,214.14,222.75,232.50,240.38,248.49
1969,72.88,83.99,102.19,117.15,130.55,143.48,155.43,167.19,177.55,187.14,196.85,205.34,214.66,223.51,232.33,240.79,248.92
1972,72.97,83.84,102.28,117.50,130.63,143.16,155.04,167.10,177.93,187.53,196.77,205.54,214.62,223.90,232.51,241.20,249.51
1975,73.07,83.78,102.36,117.52,130.89,143.40,155.32,167.72,178.17,187.72,197.26,206.11,215.28,224.49,232.49,241.11,249.77
1978,73.19,84.39,102.44,117.55,131.27,143.83,155.83,167.90,178.50,187.97,197.46,206.50,215.05,224.35,233.28,242.04,250.17
1981,73.36,84.09,102.80,118.05,131.62,144.24,156.07,168.39,179.13,188.40,197.89,206.31,215.54,224.81,233.67,242.08,250.70
1984,73.51,84.80,102.49,117.99,131.64,144.29,156.45,168.20,178.97,188.69,198.54,206.98,216.05,225.00,233.82,242.30,250.78
1987,73.52,84.60,103.22,118.70,132.00,144.25,156.51,168.52,178.77,188.67,198.23,206.86,216.58,225.85,234.57,242.88,250.99
1990,73.65,85.03,102.97,118.23,132.02,144.45,157.03,169.13,179.48,188.53,198.79,207.34,216.62,226.59,234.57,242.61,251.52
1993,74.03,85.17,103.11,118.70,132.41,145.06,156.80,169.17,179.80,189.50,198.92,207.93,217.13,226.56,235.13,243.25,251.89
1996,73.80,85.00,103.57,118.64,132.19,145.39,157.31,168.89,179.56,189.47,199.32,207.87,217.52,226.47,235.22,243.53,252.50
1999,74.43,85.27,104.11,118.94,132.73,145.35,157.90,169.57,180.39,189.67,199.52,208.59,217.92,227.40,235.36,244.10,253.13
2002,74.03,85.10,103.89,118.92,132.57,145.45,157.40,169.25,180.19,190.15,199.61,208.55,218.38,227.19,235.94,244.67,253.27
2005,74.47,85.19,104.05,119.25,133.01,145.41,158.53,169.86,179.94,190.11,200.07,208.93,218.35,227.79,236.78,244.48,253.56
2008,74.44,85.43,104.09,119.46,133.00,146.04,157.92,170.36,180.78,190.51,200.42,209.28,218.66,228.40,236.44,245.29,254.03
2011,74.60,85.76,104.07,119.52,133.20,146.47,158.83,170.25,181.28,190.55,200.71,209.93,219.25,228.92,236.68,245.57,254.64
2014,74.52,85.53,104.39,119.91,133.66,146.68,158.50,170.74,181.81,191.29,201.07,210.01,219.85,229.30,236.91,245.56,254.86
2017,74.65,86.29,104.70,120.49,134.02,146.91,159.36,171.11,181.89,191.83,201.02,210.00,220.09,229.58,237.13,245.98,255.11
2020,74.74,86.16,104.80,120.12,134.34,147.22,159.48,171.07,182.57,191.87,201.75,210.91,220.08,230.00,237.39,246.30,255.47
2023,74.90,86.41,104.98,120.68,134.40,147.32,159.72,171.82,182.64,192.25,202.18,210.99,220.38,230.42,238.17,246.40,256.56
2026,74.84,86.41,105.34,120.45,134.28,147.60,159.43,172.14,182.98,192.45,202.14,211.29,221.42,230.08,238.57,247.16,256.89
2029,75.19,86.67,105.54,120.91,134.56,147.58,160.36,172.25,182.66,192.44,202.30,211.54,221.46,230.56,238.67,247.76,256.90
2032,75.25,86.92,105.49,121.01,134.97,148.41,160.58,172.57,183.37,193.30,202.80,212.17,221.99,230.93,238.49,248.05,257.17
2035,75.06,87.33,105.64,121.15,134.98,148.93,160.56,172.65,183.43,193.37,203.08,212.82,222.08,231.03,240.04,248.37,257.11
2038,75.49,87.51,105.80,121.57,135.14,148.11,160.40,172.53,183.83,193.51,203.07,212.23,222.18,231.60,239.64,248.70,257.81
2041,75.55,87.53,105.85,121.35,135.34,148.01,161.15,173.04,183.94,193.68,203.51,212.92,222.82,232.12,240.26,249.56,258.68
2044,75.68,87.52,105.90,121.80,135.56,148.79,161.14,173.77,184.53,194.21,203.83,213.02,223.30,232.20,240.82,249.51,258.86
2047,75.74,87.66,106.36,122.09,135.85,149.45,161.51,173.60,185.04,194.10,204.21,213.77,223.99,232.53,241.12,250.25,259.72
2050,75.80,87.58,106.02,122.33,136.07,149.51,161.90,174.05,185.37,194.18,204.66,213.99,224.20,233.13,241.13,250.90,259.24
2053,75.70,87.59,106.44,122.18,136.22,149.99,162.51,174.02,185.57,194.51,204.91,214.72,224.01,233.08,241.39,250.73,259.84
2056,75.99,88.05,106.49,122.35,136.25,149.68,162.88,174.60,186.04,194.76,204.91,214.59,224.28,233.95,241.84,250.95,260.85
2059,76.38,87.82,106.48,122.61,136.41,150.27,162.61,174.66,185.61,195.05,205.36,214.84,224.92,234.00,242.55,251.73,260.76
2062,76.09,87.63,106.69,123.19,136.51,150.60,162.87,174.97,185.90,195.26,205.38,215.73,225.18,234.23,243.54,252.37,261.12
2065,76.50,88.19,106.85,122.88,136.98,150.06,162.84,175.40,186.16,195.54,206.29,216.06,225.41,234.86,243.30,252.07,260.95
2068,76.62,88.43,107.37,123.30,137.18,150.85,163.33,175.78,186.62,196.22,206.63,216.64,226.29,235.02,243.69,253.02,261.39
2071,76.80,88.60,107.17,123.27,137.44,151.07,163.42,175.81,186.44,196.26,206.66,216.75,225.76,235.50,243.62,253.55,261.87
2074,76.84,88.55,107.35,123.49,137.24,151.03,163.62,175.90,187.44,196.64,207.43,217.00,226.90,235.38,244.49,254.29,262.44
2077,76.83,88.92,107.47,123.76,137.66,151.57,163.20,175.98,187.82,197.14,207.59,217.33,227.10,236.11,245.02,254.29,263.19
2080,76.92,88.68,107.93,123.58,138.07,151.35,164.12,176.86,188.14,197.37,207.66,217.76,227.22,235.82,245.19,254.37,262.76
2083,76.94,88.86,108.26,123.94,137.79,152.33,163.87,176.71,187.78,197.30,208.66,218.13,227.74,236.62,245.32,254.90,263.94
2086,77.06,88.75,108.22,124.50,137.87,151.95,164.07,176.85,188.22,197.51,208.64,217.89,227.90,237.15,245.86,255.34,263.95
2089,77.30,88.98,108.73,124.59,138.52,152.23,164.70,177.51,187.97,198.04,208.64,218.17,227.87,237.43,246.14,255.91,264.30
2092,77.11,89.37,108.57,124.55,138.96,152.41,165.29,177.16,188.58,198.75,209.15,218.72,228.60,237.93,246.58,256.21,264.62
2095,77.51,89.15,109.37,125.26,139.27,152.29,165.18,177.57,189.27,198.33,210.07,218.54,228.91,237.60,247.24,256.16,264.68
2098,77.79,89.23,109.15,125.28,139.22,152.28,165.96,178.49,188.92,198.65,209.90,219.10,228.75,237.95,247.26,256.66,265.38
2101,77.86,89.70,109.25,125.29,139.19,153.04,166.04,178.51,189.44,198.77,209.88,219.94,229.30,238.95,247.96,257.16,265.55
2104,78.00,89.43,109.35,125.67,139.80,153.30,166.22,178.56,189.29,199.36,210.01,220.32,229.53,239.21,248.44,257.35,266.09
2107,78.11,89.96,109.28,125.89,139.85,153.98,166.32,179.07,189.80,199.95,211.04,220.13,229.85,239.14,248.54,258.03,266.54
2110,78.12,89.90,109.74,126.18,140.02,153.85,166.71,179.51,190.06,200.15,211.30,220.52,230.37,239.46,249.07,257.98,266.57
2113,78.54,90.06,109.73,126.31,140.28,153.80,167.08,178.93,190.40,200.36,211.42,221.19,230.78,240.31,249.43,258.13,266.50
2116,77.99,90.00,109.95,126.80,140.74,154.49,167.10,179.54,190.74,200.25,211.55,220.44,230.73,240.59,250.21,258.54,267.19
2119,78.33,90.22,109.91,126.53,140.77,154.19,167.20,179.87,190.34,200.59,211.77,221.64,230.87,241.49,249.90,258.38,267.91
2122,78.58,90.33,110.08,126.83,140.87,154.66,167.32,180.44,190.70,200.98,212.36,221.85,231.63,242.20,250.52,259.47,268.22
2125,78.57,90.59,110.58,127.05,141.28,154.76,167.31,180.20,191.33,201.45,212.44,222.08,232.09,242.03,251.23,259.34,268.48
2128,78.65,90.70,110.46,127.39,141.51,155.60,168.40,179.90,191.76,201.93,212.78,222.13,232.78,242.45,251.14,259.56,268.49
2131,79.24,90.91,110.48,127.61,141.85,155.73,168.60,180.83,192.23,202.17,212.94,222.57,232.45,242.55,251.48,260.41,269.48
2134,79.02,90.84,110.47,127.62,141.90,155.44,168.26,181.42,191.86,202.05,213.40,223.02,232.65,242.74,251.95,260.72,269.52
2137,79.44,91.15,110.74,127.72,142.01,155.94,169.01,181.15,192.23,202.42,214.19,223.41,233.64,243.71,251.97,260.92,270.34
2140,79.12,91.11,111.05,128.14,142.01,156.23,168.30,181.07,192.55,202.97,213.20,223.74,233.47,243.35,252.43,260.64,270.57
2143,79.74,91.21,111.34,127.95,142.18,156.53,169.10,181.30,193.21,203.45,213.97,224.57,233.44,244.11,252.94,261.65,270.49
2146,79.17,91.62,110.91,128.41,142.72,156.54,169.23,181.87,193.52,203.33,214.80,224.69,234.62,245.15,252.99,262.06,271.57
2149,79.60,91.50,111.59,128.49,142.85,157.04,169.77,182.13,193.44,203.62,215.34,224.57,234.71,244.90,252.94,262.52,271.43
2152,80.14,91.93,111.74,128.44,142.94,157.16,170.52,182.36,194.10,204.02,214.93,224.97,234.79,244.86,253.45,262.68,271.60
2155,79.94,91.70,111.88,128.80,143.06,157.62,170.71,183.09,193.83,204.85,215.28,225.37,235.11,245.27,254.93,262.91,272.44
2158,80.05,92.18,111.98,128.86,143.75,157.51,170.80,183.28,194.15,204.75,215.24,225.92,235.90,245.51,254.39,263.59,272.56
2161,80.19,92.27,112.28,129.12,143.82,157.97,170.97,183.48,194.39,204.81,215.53,226.05,236.71,246.36,254.55,263.50,273.17
2164,80.28,92.69,112.38,129.53,144.12,158.16,170.99,183.68,194.95,205.45,216.11,226.40,236.57,247.18,254.87,264.45,273.32
2167,80.64,92.88,112.59,129.38,143.92,158.43,170.93,183.90,194.77,205.70,216.39,226.78,237.21,246.95,255.38,264.70,274.15
2170,80.52,93.15,112.76,129.81,144.15,158.73,171.09,184.38,195.14,205.45,216.55,227.23,237.24,246.83,255.49,264.99,274.23
2173,80.83,93.23,112.89,129.94,144.50,158.94,171.58,184.65,195.69,205.38,217.02,227.15,237.23,247.70,255.83,265.34,274.54
2176,80.98,92.75,113.20,130.51,145.04,158.58,171.65,184.87,196.18,205.66,217.35,227.99,237.66,247.97,256.28,266.13,275.25
2179,81.11,93.02,113.36,130.35,144.96,159.13,172.13,184.63,195.84,206.44,217.35,228.34,238.15,247.86,256.58,265.75,275.27
2182,81.29,93.04,113.51,130.14,144.90,159.20,172.84,185.33,196.78,207.39,217.67,228.99,239.17,248.51,256.74,266.18,276.03
2185,81.33,93.12,113.73,130.39,145.20,159.60,172.47,185.08,196.58,207.15,218.09,229.10,239.13,248.45,257.32,266.95,276.00
2188,81.35,93.42,113.76,130.74,145.40,159.69,172.88,185.64,197.01,206.98,218.18,228.55,239.46,249.12,258.13,267.53,276.89
2191,81.60,93.89,114.16,131.13,145.44,160.27,173.43,185.54,196.97,207.64,218.77,229.93,239.73,249.69,257.52,267.47,277.30
2194,81.26,93.27,114.28,131.20,145.49,160.25,173.31,185.44,197.61,208.05,219.02,229.66,239.67,249.63,258.54,267.66,277.56
2197,82.05,93.65,114.30,131.34,146.09,160.28,173.51,186.59,197.92,208.43,219.27,230.27,240.58,250.07,259.44,268.53,278.07
2200,81.84,93.63,114.39,131.60,146.13,160.58,173.64,186.38,197.95,208.22,219.85,231.13,241.13,250.35,259.45,268.63,278.29
2203,81.96,93.96,114.26,131.53,146.67,160.51,173.89,186.51,198.34,208.90,219.82,231.20,241.19,249.79,260.09,269.41,278.68
2206,82.21,94.08,114.38,131.75,146.81,160.67,173.86,186.93,197.77,208.92,219.92,231.13,241.52,249.97,259.88,269.90,279.22
2209,82.31,94.07,114.95,132.11,147.11,160.82,174.30,187.26,198.76,209.12,220.38,231.53,241.51,251.00,260.00,270.15,278.83
2212,82.61,94.32,115.11,132.03,147.67,161.45,174.84,187.40,198.48,209.16,221.30,231.84,241.68,251.64,260.67,270.07,279.44
2215,82.57,94.42,114.97,132.38,147.79,162.10,175.19,187.38,199.09,209.87,221.16,232.26,242.04,251.67,261.64,270.67,280.28
2218,82.86,94.51,114.84,132.13,147.93,161.86,175.42,188.20,199.33,209.73,221.28,232.46,242.60,252.37,261.79,271.24,280.76
2221,82.53,94.86,115.59,133.07,147.94,162.10,175.31,187.91,199.89,209.68,221.53,232.80,242.80,252.16,261.67,271.43,281.55
2224,83.10,94.61,115.26,132.75,147.81,162.71,175.82,188.37,200.38,210.21,221.90,233.50,242.59,252.41,262.46,272.30,281.14
2227,82.86,95.11,115.58,132.94,148.31,162.82,175.94,188.81,199.94,210.75,222.58,233.53,242.53,252.90,263.39,272.02,282.06
2230,83.12,95.25,115.73,133.12,148.18,162.54,175.99,189.05,199.91,210.73,222.77,234.02,243.43,253.39,264.00,272.28,282.00
2233,83.18,95.04,116.20,133.47,148.58,163.26,176.73,189.07,200.74,211.35,222.56,233.98,243.73,253.62,263.46,273.38,282.05
2236,83.71,95.41,116.19,133.55,149.00,163.17,176.84,189.51,200.61,211.12,223.62,233.91,243.76,254.51,264.35,273.77,282.81
2239,83.63,95.10,116.29,133.81,148.68,163.53,177.15,189.95,201.32,211.39,224.01,234.37,244.76,254.71,264.54,273.73,282.81
2242,83.86,95.78,115.87,133.49,149.38,163.18,177.68,190.17,201.58,211.57,223.94,234.96,244.48,254.98,265.19,274.00,283.30
2245,83.62,95.53,116.23,134.47,149.73,164.08,177.04,190.38,201.36,212.70,224.26,235.57,244.91,255.35,265.29,274.62,283.33
2248,84.42,96.16,116.28,134.66,149.62,164.21,177.73,190.38,201.77,212.90,223.93,235.97,245.61,255.41,265.37,274.44,283.99
2251,84.01,95.95,116.57,134.33,149.95,164.18,176.99,190.85,202.13,212.91,224.78,235.77,245.83,255.91,265.38,274.99,285.02
2254,84.08,96.58,117.00,134.55,149.74,164.48,178.41,190.97,202.69,213.25,225.39,236.26,246.39,256.66,266.11,274.91,284.65
2257,84.30,96.18,117.11,135.11,149.87,165.51,178.57,191.40,202.81,213.78,225.46,236.63,246.03,256.43,266.43,275.25,285.41
2260,84.75,96.33,116.97,135.11,150.55,165.29,178.58,191.77,202.77,213.78,225.94,236.58,246.74,257.23,266.62,275.63,285.58
2263,84.40,96.47,117.28,134.89,150.30,165.39,178.74,191.56,203.19,213.84,226.39,237.15,247.74,257.73,266.94,275.90,286.19
2266,84.88,96.87,117.23,135.44,150.71,165.74,178.74,192.11,203.09,214.38,226.74,237.00,247.51,258.25,267.43,276.30,286.43
2269,84.81,96.58,117.42,135.68,150.75,165.81,179.32,192.41,203.09,214.59,226.67,237.68,248.22,258.01,268.21,276.98,287.14
2272,84.85,96.76,117.52,135.97,151.16,165.93,179.88,192.33,204.06,214.90,226.88,237.87,248.31,258.45,268.21,277.27,287.08
2275,84.99,96.61,118.02,135.58,151.43,166.46,179.71,192.58,204.23,215.63,227.26,238.10,248.98,258.86,268.53,277.53,287.31
2278,85.26,97.18,117.53,136.32,151.23,166.75,179.30,192.84,204.85,215.78,227.64,238.87,249.21,259.23,269.04,277.46,287.97
2281,85.15,97.05,118.25,135.96,151.74,167.05,180.41,192.85,204.60,216.48,227.80,239.42,249.48,259.48,269.31,277.74,289.02
2284,85.50,96.94,118.32,136.39,151.71,167.23,180.56,193.11,204.91,216.60,228.23,239.70,249.92,259.88,269.40,277.99,289.07
2287,85.58,97.36,118.28,136.58,152.03,167.68,180.41,193.69,205.44,216.74,228.51,239.86,250.33,260.47,269.58,278.35,289.34
2290,85.51,97.65,119.03,136.81,152.58,167.76,181.19,193.93,205.34,217.21,228.35,239.72,250.77,260.89,270.03,278.72,289.91
2293,85.99,97.65,118.91,137.08,152.79,168.23,181.23,194.69,205.96,217.17,228.57,239.87,250.79,261.35,270.22,279.64,290.34
2296,85.98,97.83,118.98,137.04,152.73,168.19,181.10,194.23,206.52,217.45,229.65,240.19,251.44,261.82,271.07,280.43,290.80
2299,86.04,97.92,119.26,137.28,153.14,167.49,181.95,193.92,205.87,217.83,230.39,241.11,251.66,261.68,270.97,280.52,291.62
2302,86.18,98.26,119.16,137.20,153.12,168.24,181.99,194.50,206.82,218.18,230.31,240.77,252.20,262.05,271.38,280.92,291.93
2305,86.01,98.16,119.08,137.49,153.77,168.13,182.46,195.71,206.92,218.58,229.86,241.38,252.52,262.76,271.34,280.52,291.09
2308,86.14,98.17,119.69,137.46,154.11,168.85,182.91,195.41,207.45,218.95,230.78,242.41,252.55,262.44,272.12,281.52,291.47
2311,86.16,98.54,119.70,137.59,154.01,169.04,182.63,195.31,207.50,218.95,230.85,241.75,253.37,262.76,272.62,282.05,292.72
2314,86.69,98.94,119.78,138.15,154.40,169.17,183.04,195.75,207.92,219.27,231.19,242.27,253.12,263.19,272.87,282.12,293.02
2317,86.78,99.09,119.60,138.45,154.76,169.22,183.36,195.38,207.88,220.02,231.28,242.46,253.37,263.63,272.75,282.69,293.62
2320,86.84,99.13,120.11,138.24,155.00,170.21,183.45,196.25,208.75,219.88,231.62,243.85,253.98,263.82,273.63,283.12,293.61
2323,86.97,99.27,119.97,138.60,155.17,170.09,184.14,196.51,208.41,220.18,232.01,243.79,254.61,264.20,273.59,283.62,294.04
2326,86.90,99.14,120.35,139.10,155.34,170.22,183.79,196.75,208.58,219.97,232.02,243.51,254.43,264.54,274.03,283.47,294.39
2329,87.10,98.93,120.35,138.98,155.30,170.09,183.87,196.69,209.27,220.48,232.79,244.14,255.36,265.07,274.66,283.87,295.07
2332,87.21,98.98,120.68,139.21,155.27,170.36,184.33,196.86,209.32,220.86,232.38,244.35,254.71,265.13,274.97,284.44,295.30
2335,87.70,99.61,120.81,139.82,155.41,171.36,184.58,197.86,209.81,220.71,233.53,244.86,255.68,264.91,275.04,285.27,295.50
2338,87.50,99.73,120.83,139.58,155.84,171.08,184.85,197.53,209.69,221.28,233.87,245.62,255.65,265.72,275.67,285.11,295.93
2341,87.73,99.82,121.33,139.84,155.86,171.45,184.74,197.75,210.28,221.92,233.68,245.90,255.79,266.12,275.82,286.41,296.40
2344,87.44,100.12,120.73,139.98,156.19,171.69,185.05,198.16,210.55,222.12,234.77,246.29,256.23,266.21,276.51,286.35,296.80
2347,87.75,100.03,121.48,140.17,156.47,172.01,185.01,198.83,210.94,222.35,234.87,246.48,256.63,267.11,276.95,286.99,297.27
2350,88.09,100.11,121.12,139.83,156.23,171.88,185.72,198.98,210.97,222.42,234.53,247.01,257.02,266.13,277.30,286.94,297.10
2353,88.01,100.32,121.40,140.22,157.03,172.13,186.16,198.92,211.48,222.55,235.48,246.97,257.41,267.06,277.43,287.66,297.81
2356,88.36,100.25,121.67,140.46,157.31,172.66,186.16,198.27,212.01,223.11,235.57,247.37,257.57,267.52,278.04,287.83,298.14
2359,88.54,100.42,121.83,140.68,156.72,172.86,187.14,199.30,212.33,223.42,235.75,247.09,257.99,268.14,277.81,288.53,298.46
2362,88.54,100.96,121.95,140.88,157.33,173.25,186.73,199.42,212.43,223.66,236.28,247.65,258.19,267.84,278.59,288.79,298.45
2365,89.09,100.96,122.45,141.09,157.72,173.62,187.36,199.81,212.65,223.66,236.90,248.28,258.39,268.67,278.57,289.04,298.75
2368,88.93,100.86,122.24,140.98,157.98,173.40,186.90,200.00,212.99,223.75,236.38,248.23,258.98,269.40,278.97,289.56,299.17
2371,88.80,100.86,122.87,141.17,157.90,173.34,187.64,200.20,213.21,223.86,236.89,249.08,258.83,269.67,279.29,289.67,299.55
2374,88.79,101.55,122.85,141.84,158.03,173.78,187.41,200.95,213.18,223.96,237.07,248.94,259.24,269.58,280.05,289.38,299.59
2377,89.05,101.56,122.95,141.28,158.55,174.03,187.84,200.92,213.75,224.53,237.74,249.21,260.17,270.23,280.44,290.53,300.52
2380,89.15,101.49,123.31,142.03,158.46,174.12,188.17,201.31,213.83,225.17,237.72,249.67,259.57,270.14,280.74,290.62,300.90
2383,89.02,101.99,123.06,141.96,158.72,174.44,187.88,201.49,214.23,225.81,237.86,249.94,259.90,270.89,281.03,291.36,301.26
2386,89.42,102.16,123.31,142.05,159.40,174.65,188.37,201.60,213.69,225.49,238.60,250.55,260.65,271.57,281.68,290.85,301.49
2389,89.45,102.30,123.71,142.60,159.80,175.09,188.78,202.36,214.22,225.91,238.60,250.21,260.79,271.31,281.52,291.34,302.23
2392,89.46,102.21,124.23,142.34,159.84,175.38,189.01,202.16,213.71,225.99,239.36,250.49,261.11,271.97,282.32,292.00,302.54
2395,89.97,102.39,124.11,142.94,159.95,175.21,189.36,202.08,214.68,226.69,239.50,250.73,261.69,271.93,282.70,292.09,301.83
2398,90.10,102.55,124.00,142.94,159.85,175.93,190.12,202.17,214.93,227.54,239.45,251.14,262.11,271.92,282.84,292.27,303.50
2401,90.44,102.47,124.34,142.99,159.94,175.44,189.51,203.10,214.83,227.53,240.57,251.39,262.46,272.78,283.18,293.10,303.87
2404,90.88,102.65,123.95,143.24,160.03,175.78,190.46,203.22,215.47,226.96,240.07,251.88,262.90,273.60,283.66,293.25,303.86
2407,90.50,102.88,124.38,143.69,160.14,176.66,190.54,202.97,215.73,227.74,240.72,252.01,262.48,273.45,283.73,293.58,304.54
2410,90.59,103.01,124.40,143.94,160.51,176.40,190.64,203.85,215.74,227.95,241.01,252.79,263.19,273.50,284.15,294.19,304.12
2413,90.48,103.14,124.51,144.01,161.10,176.30,190.80,204.15,215.91,228.54,240.95,252.77,263.79,274.35,284.49,294.25,304.75
2416,90.56,102.77,125.01,143.91,161.17,176.91,190.80,204.06,215.98,228.24,241.84,253.21,263.58,274.25,284.14,294.82,305.62
2419,90.80,103.10,124.73,144.26,161.52,176.89,191.01,203.82,216.79,228.90,241.91,253.39,264.40,275.14,284.35,294.60,305.79
2422,90.94,103.09,125.18,144.49,161.91,177.07,190.86,204.14,217.10,229.31,242.14,253.25,264.50,275.02,285.04,294.82,306.58
2425,90.58,103.53,125.29,144.82,161.45,178.19,191.49,205.07,217.37,229.41,242.00,253.74,264.95,275.72,285.20,295.16,307.25
2428,90.76,103.31,125.26,145.15,162.17,177.52,191.97,204.90,217.77,229.69,242.53,254.45,265.73,276.03,285.57,296.11,307.11
2431,91.16,103.84,125.34,145.03,162.24,177.82,192.48,205.09,217.90,230.21,242.81,254.34,265.73,276.44,285.60,296.52,307.75
2434,91.18,103.96,125.25,145.50,162.24,178.70,192.96,205.55,218.12,230.20,242.86,255.00,265.91,276.56,285.87,297.45,308.35
2437,91.64,103.92,125.68,145.37,161.98,178.75,192.62,205.68,218.57,230.78,243.63,255.19,266.66,277.17,286.55,297.17,308.81
2440,91.07,104.06,125.93,145.95,162.58,179.02,192.54,205.88,218.53,231.25,244.04,255.88,266.67,276.99,287.50,298.04,309.33
2443,91.42,104.01,126.13,146.17,162.90,178.64,193.00,205.44,218.67,231.43,244.14,255.88,267.02,277.54,287.42,297.52,309.16
2446,91.59,104.19,126.56,145.75,162.82,179.69,193.37,206.51,218.89,231.26,244.89,256.45,267.65,278.08,288.15,298.14,310.30
2449,91.61,104.33,126.44,146.29,163.12,179.84,193.68,206.98,219.13,231.63,244.38,256.57,268.04,278.24,288.30,298.32,310.00
2452,91.73,104.77,126.67,146.08,163.30,180.14,193.81,206.87,219.57,232.11,244.33,256.97,268.40,277.88,288.66,298.90,310.61
2455,91.84,104.96,126.73,146.46,163.64,180.37,193.27,206.59,219.69,232.50,244.92,256.95,269.21,278.22,289.21,300.46,311.33
2458,92.06,105.22,126.79,146.71,164.04,181.05,194.38,207.33,220.43,232.48,245.17,257.61,269.23,278.61,288.47,300.67,310.81
2461,92.25,105.17,127.30,147.19,164.06,180.72,194.44,208.02,220.84,232.73,245.76,257.79,269.59,279.20,289.72,300.85,311.54
2464,92.44,105.43,127.03,147.00,163.78,181.14,194.52,208.36,220.88,232.89,246.09,258.38,269.98,279.46,289.74,300.94,312.45
2467,92.17,105.12,127.32,147.31,164.46,180.96,194.95,208.36,221.18,233.82,246.71,258.15,269.11,280.01,290.81,301.55,312.16
2470,92.40,105.78,127.33,147.48,165.04,181.36,194.92,208.52,221.48,233.96,247.01,258.99,270.37,280.04,291.00,301.57,312.24
2473,92.72,105.76,127.35,147.32,165.09,181.16,195.59,209.08,221.27,234.16,246.93,259.47,269.79,280.76,291.61,301.94,313.08
2476,92.69,105.97,127.88,147.28,165.21,181.88,195.28,209.02,221.72,234.16,246.63,258.91,270.13,280.68,291.31,302.72,313.59
2479,92.92,105.96,127.78,148.00,165.39,181.84,195.89,209.02,222.55,235.21,247.30,260.38,270.40,281.17,291.67,302.69,314.14
2482,92.96,106.25,128.30,147.69,165.58,182.76,195.86,209.48,222.27,235.09,247.80,260.21,270.70,280.99,292.42,303.44,314.46
2485,93.23,106.37,127.99,148.50,165.61,182.68,196.89,209.79,222.70,234.93,248.20,260.48,271.06,281.64,293.75,303.48,315.07
2488,93.29,106.24,128.14,148.02,165.93,182.38,196.88,210.08,223.15,235.85,248.38,260.14,271.47,282.33,293.25,303.95,315.53
2491,93.17,106.35,128.45,148.47,165.90,182.49,197.24,210.44,222.91,236.68,248.50,261.11,272.67,282.00,293.40,304.45,315.35
2494,93.05,106.79,128.51,148.50,166.18,183.13,196.63,210.29,224.11,236.19,248.96,261.35,272.49,283.01,293.80,304.55,315.71
2497,93.32,106.64,128.69,148.66,166.60,183.20,197.25,210.17,223.87,236.16,249.78,261.53,272.90,284.00,294.27,305.45,316.02
2500,93.72,106.63,128.23,148.74,166.28,183.19,197.50,210.73,223.84,236.22,249.22,261.81,272.40,282.74,294.44,305.56,316.30
