,250000,300000,400000,500000,600000,700000,800000,900000,1000000,1100000,1200000,1300000,1400000,1500000,1600000
121,0.00,0.00,0.00,0.01,0.00,0.00,0.00,0.00,0.02,0.00,0.00,0.00,0.00,0.01,0.00
124,0.00,0.00,0.00,0.00,0.00,0.00,0.00,0.01,0.01,0.00,0.01,0.00,0.00,0.00,0.01
127,0.00,0.00,0.02,0.01,0.02,0.00,0.00,0.00,0.00,0.00,0.02,0.00,0.00,0.00,0.00
130,0.00,0.00,0.00,0.00,0.00,0.00,0.00,0.01,0.00,0.00,0.00,0.00,0.00,0.00,0.00
133,0.00,0.00,0.02,0.00,0.00,0.00,0.00,0.00,0.00,0.00,0.00,0.00,0.00,0.01,0.00
136,0.00,0.00,0.02,0.00,0.00,0.02,0.00,0.00,0.00,0.00,0.00,0.00,0.00,0.02,0.00
139,0.00,0.00,0.01,0.00,0.00,0.00,0.00,0.00,0.00,0.00,0.00,0.00,0.00,0.00,0.02
142,0.00,0.01,0.00,0.00,0.00,0.00,0.00,0.00,0.00,0.00,0.00,0.02,0.00,0.00,0.00
145,0.00,0.04,0.00,0.00,0.00,0.00,0.00,0.00,0.00,0.03,0.03,0.03,0.03,0.02,0.00
148,0.00,0.00,0.01,0.00,0.00,0.00,0.00,0.00,0.01,0.08,0.09,0.03,0.00,0.01,0.00
151,0.00,0.00,0.00,0.00,0.00,0.00,0.00,0.00,0.07,0.11,0.04,0.00,0.00,0.02,0.00
154,0.00,0.00,0.00,0.00,0.00,0.00,0.00,0.00,0.12,0.11,0.04,0.02,0.01,0.00,0.00
157,0.00,0.00,0.00,0.00,0.00,0.00,0.00,0.03,0.18,0.10,0.07,0.02,0.02,0.00,0.00
160,0.00,0.00,0.00,0.00,0.00,0.00,0.00,0.06,0.16,0.15,0.06,0.02,0.00,0.00,0.00
163,0.00,0.00,0.00,0.00,0.00,0.00,0.03,0.12,0.15,0.13,0.04,0.00,0.00,0.01,0.02
166,0.00,0.00,0.00,0.00,0.00,0.00,0.06,0.17,0.18,0.12,0.03,0.04,0.00,0.00,0.00
169,0.00,0.00,0.01,0.00,0.00,0.01,0.15,0.17,0.16,0.11,0.09,0.03,0.00,0.00,0.00
172,0.00,0.00,0.00,0.00,0.02,0.05,0.11,0.23,0.13,0.10,0.07,0.00,0.00,0.00,0.00
175,0.00,0.01,0.00,0.00,0.04,0.08,0.17,0.22,0.13,0.12,0.04,0.02,0.00,0.00,0.00
178,0.00,0.00,0.00,0.00,0.04,0.16,0.20,0.20,0.15,0.11,0.04,0.00,0.00,0.00,0.00
181,0.00,0.00,0.03,0.00,0.05,0.17,0.22,0.24,0.19,0.08,0.04,0.01,0.00,0.00,0.00
184,0.00,0.00,0.00,0.00,0.11,0.19,0.29,0.18,0.17,0.07,0.03,0.02,0.00,0.00,0.00
187,0.02,0.01,0.00,0.05,0.18,0.28,0.29,0.17,0.17,0.07,0.03,0.00,0.00,0.00,0.00
190,0.02,0.02,0.00,0.07,0.18,0.21,0.26,0.16,0.13,0.08,0.02,0.02,0.00,0.00,0.01
193,0.02,0.00,0.02,0.12,0.19,0.22,0.26,0.20,0.16,0.11,0.05,0.00,0.00,0.00,0.01
196,0.00,0.00,0.00,0.14,0.23,0.25,0.24,0.19,0.16,0.12,0.06,0.03,0.02,0.00,0.00
199,0.00,0.00,0.01,0.17,0.33,0.27,0.27,0.25,0.19,0.13,0.08,0.03,0.00,0.04,0.00
202,0.00,0.00,0.05,0.27,0.34,0.28,0.28,0.21,0.17,0.19,0.08,0.08,0.00,0.00,0.00
205,0.00,0.00,0.07,0.32,0.31,0.32,0.28,0.25,0.23,0.20,0.10,0.10,0.00,0.02,0.01
208,0.00,0.00,0.10,0.32,0.35,0.30,0.31,0.29,0.30,0.26,0.15,0.15,0.05,0.01,0.05
211,0.00,0.00,0.17,0.31,0.39,0.36,0.30,0.28,0.28,0.29,0.15,0.16,0.03,0.05,0.04
214,0.00,0.01,0.17,0.30,0.38,0.31,0.33,0.31,0.33,0.29,0.20,0.17,0.10,0.12,0.07
217,0.00,0.00,0.17,0.35,0.32,0.37,0.35,0.32,0.30,0.33,0.30,0.29,0.12,0.12,0.09
220,0.00,0.02,0.23,0.34,0.34,0.35,0.36,0.46,0.36,0.34,0.32,0.33,0.13,0.13,0.11
223,0.00,0.05,0.22,0.34,0.35,0.33,0.39,0.43,0.39,0.39,0.33,0.32,0.24,0.25,0.26
226,0.00,0.05,0.23,0.32,0.38,0.35,0.44,0.44,0.51,0.45,0.34,0.41,0.26,0.32,0.29
229,0.00,0.10,0.25,0.34,0.38,0.37,0.42,0.53,0.54,0.53,0.47,0.47,0.33,0.31,0.34
232,0.00,0.09,0.25,0.34,0.43,0.38,0.48,0.57,0.55,0.58,0.54,0.52,0.39,0.46,0.45
235,0.02,0.08,0.24,0.35,0.40,0.40,0.57,0.57,0.59,0.61,0.57,0.57,0.52,0.52,0.57
238,0.04,0.13,0.28,0.36,0.41,0.44,0.57,0.67,0.69,0.71,0.67,0.57,0.57,0.57,0.58
241,0.00,0.10,0.29,0.35,0.44,0.42,0.60,0.70,0.75,0.75,0.73,0.74,0.70,0.73,0.78
244,0.02,0.17,0.29,0.40,0.44,0.49,0.66,0.72,0.79,0.90,0.82,0.89,0.73,0.84,0.86
247,0.04,0.17,0.28,0.37,0.47,0.53,0.68,0.74,0.87,0.96,0.85,0.91,0.92,0.93,0.98
250,0.05,0.11,0.30,0.41,0.54,0.58,0.73,0.77,0.96,1.08,0.96,1.06,1.01,1.12,1.26
253,0.09,0.17,0.31,0.46,0.57,0.60,0.79,0.92,1.04,1.10,1.06,1.12,1.10,1.17,1.44
256,0.09,0.16,0.33,0.52,0.56,0.71,0.82,0.96,1.12,1.21,1.08,1.36,1.22,1.38,1.56
259,0.12,0.16,0.34,0.49,0.60,0.74,0.86,1.05,1.21,1.33,1.29,1.43,1.39,1.47,1.81
262,0.07,0.14,0.32,0.56,0.66,0.79,0.97,1.12,1.35,1.43,1.39,1.53,1.55,1.68,2.05
265,0.11,0.17,0.35,0.53,0.72,0.84,1.04,1.21,1.40,1.60,1.61,1.80,1.73,1.99,2.30
268,0.09,0.17,0.37,0.56,0.71,0.91,1.07,1.32,1.57,1.71,1.67,1.95,1.98,2.08,2.76
271,0.09,0.19,0.35,0.55,0.77,0.96,1.18,1.35,1.64,1.81,1.92,2.12,2.26,2.44,3.07
274,0.12,0.27,0.42,0.57,0.83,0.96,1.24,1.53,1.83,2.06,2.07,2.37,2.50,2.74,3.42
277,0.12,0.21,0.41,0.62,0.87,1.02,1.35,1.68,1.87,2.23,2.30,2.49,2.54,3.00,3.74
280,0.11,0.22,0.47,0.62,0.88,1.12,1.49,1.76,2.05,2.37,2.51,2.83,2.86,3.19,4.13
283,0.12,0.23,0.43,0.69,0.97,1.22,1.53,1.84,2.21,2.53,2.72,2.99,3.14,3.74,4.63
286,0.11,0.22,0.45,0.77,0.98,1.25,1.71,1.97,2.33,2.72,2.97,3.27,3.51,4.06,4.91
289,0.13,0.22,0.50,0.79,1.04,1.35,1.76,2.04,2.46,2.86,3.11,3.61,3.84,4.34,5.07
292,0.15,0.27,0.51,0.85,1.12,1.39,1.83,2.32,2.68,3.01,3.43,3.80,4.09,4.79,5.33
295,0.17,0.27,0.52,0.90,1.18,1.49,2.03,2.44,2.79,3.35,3.54,4.10,4.43,4.99,5.71
298,0.17,0.31,0.56,0.92,1.21,1.63,2.08,2.41,3.13,3.62,3.93,4.40,4.82,5.23,5.87
301,0.17,0.30,0.60,0.95,1.29,1.70,2.22,2.66,3.23,3.74,4.12,4.53,5.04,5.60,6.36
304,0.17,0.30,0.61,1.04,1.39,1.84,2.29,2.90,3.51,3.93,4.42,4.88,5.39,5.79,6.41
307,0.17,0.36,0.68,1.08,1.38,1.86,2.45,3.07,3.58,4.28,4.61,5.04,5.55,5.96,6.63
310,0.20,0.37,0.74,1.11,1.48,2.07,2.62,3.06,3.93,4.44,5.01,5.29,5.77,6.33,7.02
313,0.23,0.41,0.77,1.17,1.61,2.09,2.81,3.46,4.01,4.69,5.12,5.45,6.00,6.47,7.08
316,0.21,0.41,0.81,1.20,1.72,2.28,2.88,3.59,4.31,4.97,5.36,5.78,6.18,6.59,7.36
319,0.26,0.48,0.82,1.24,1.82,2.39,3.07,3.71,4.46,5.20,5.52,5.89,6.46,6.84,7.33
322,0.23,0.48,0.84,1.31,1.96,2.48,3.26,3.93,4.63,5.38,5.70,6.10,6.58,6.98,7.52
325,0.19,0.49,0.88,1.39,2.03,2.60,3.49,4.07,4.74,5.50,5.84,6.26,6.71,7.15,7.76
328,0.29,0.53,0.92,1.41,2.10,2.80,3.54,4.08,4.95,5.79,5.90,6.61,6.93,7.55,7.97
331,0.32,0.52,0.96,1.48,2.25,2.94,3.65,4.31,5.03,5.84,6.07,6.51,7.07,7.65,8.28
334,0.31,0.52,0.99,1.62,2.31,3.07,3.74,4.53,5.17,5.99,6.37,6.82,7.19,7.82,8.24
337,0.31,0.53,1.01,1.73,2.40,3.06,3.95,4.64,5.35,6.02,6.55,7.02,7.36,8.08,8.47
340,0.34,0.54,1.10,1.79,2.54,3.29,4.10,4.66,5.59,6.23,6.64,7.11,7.40,7.88,8.95
343,0.36,0.56,1.12,1.81,2.58,3.45,4.19,4.89,5.55,6.25,6.69,7.32,7.74,8.47,8.77
346,0.34,0.58,1.20,2.00,2.73,3.54,4.26,4.86,5.77,6.51,6.97,7.51,7.82,8.70,8.98
349,0.36,0.63,1.21,2.02,2.78,3.62,4.35,5.05,5.75,6.65,7.09,7.59,7.90,8.89,9.37
352,0.37,0.64,1.33,2.12,2.93,3.71,4.49,5.11,6.03,6.77,7.21,7.84,8.16,8.76,9.64
355,0.41,0.65,1.34,2.21,3.03,3.78,4.55,5.28,6.09,7.01,7.49,7.61,8.23,9.04,9.39
358,0.43,0.73,1.44,2.24,3.07,3.92,4.67,5.50,6.26,7.06,7.37,7.97,8.36,9.23,10.11
361,0.46,0.77,1.44,2.34,3.13,4.10,4.73,5.53,6.33,7.12,7.63,8.09,8.80,9.49,10.37
364,0.48,0.77,1.52,2.44,3.32,4.02,4.81,5.63,6.48,7.47,7.76,8.22,8.93,9.72,10.65
367,0.50,0.78,1.55,2.51,3.40,4.15,4.84,5.69,6.54,7.54,7.92,8.42,8.99,10.03,10.94
370,0.53,0.82,1.62,2.64,3.56,4.28,4.93,5.91,6.66,7.75,8.26,8.85,9.31,10.15,11.12
373,0.54,0.88,1.72,2.69,3.54,4.25,5.11,5.94,6.85,7.92,8.39,8.79,9.71,10.39,11.47
376,0.57,0.87,1.76,2.79,3.53,4.35,5.17,6.12,6.98,7.93,8.20,9.28,9.97,10.85,11.80
379,0.57,0.88,1.80,2.84,3.71,4.45,5.16,6.22,7.06,8.33,8.86,9.37,10.04,10.95,12.05
382,0.58,0.92,1.91,2.93,3.77,4.50,5.26,6.16,7.24,8.27,8.86,9.70,10.35,11.52,12.77
385,0.56,0.96,1.88,3.09,3.88,4.61,5.32,6.44,7.32,8.70,8.82,9.82,10.90,11.62,13.21
388,0.60,1.02,2.03,3.11,3.87,4.73,5.46,6.51,7.64,8.59,9.18,10.24,11.26,12.06,13.02
391,0.62,0.97,2.07,3.18,3.92,4.83,5.63,6.62,7.65,9.04,9.57,10.40,11.35,12.07,13.75
394,0.67,1.08,2.13,3.28,3.95,4.83,5.76,6.72,7.95,9.08,9.91,10.75,11.69,12.55,13.87
397,0.64,1.06,2.13,3.31,3.98,4.84,5.82,6.92,7.96,9.42,9.88,10.86,11.96,13.08,14.31
400,0.72,1.13,2.19,3.36,4.11,4.93,5.92,7.01,8.11,9.37,10.33,11.19,12.14,13.16,14.54
403,0.69,1.17,2.23,3.46,4.30,5.00,5.97,7.14,8.34,9.75,10.17,11.25,12.48,13.74,15.02
406,0.77,1.19,2.30,3.53,4.25,5.20,6.11,7.28,8.58,9.84,10.51,11.82,12.82,13.89,15.25
409,0.75,1.20,2.41,3.58,4.43,5.25,6.27,7.51,8.76,10.08,10.83,12.08,13.12,14.47,15.73
412,0.83,1.27,2.41,3.65,4.41,5.28,6.38,7.66,8.99,10.52,11.10,12.40,13.48,14.64,15.88
415,0.83,1.29,2.48,3.71,4.54,5.41,6.34,7.81,9.23,10.60,11.42,12.81,13.91,14.67,16.13
418,0.83,1.31,2.53,3.76,4.57,5.65,6.57,7.92,9.49,10.92,12.00,12.72,14.11,15.24,16.45
421,0.85,1.39,2.64,3.83,4.75,5.74,6.64,8.06,9.60,10.96,11.89,13.15,14.19,15.14,16.75
424,0.90,1.41,2.66,3.95,4.77,5.72,6.79,8.38,9.88,11.65,12.53,13.68,14.64,15.94,17.20
427,0.92,1.45,2.69,3.95,4.81,5.93,6.90,8.47,10.10,11.69,12.54,13.92,15.09,16.20,17.52
430,0.92,1.47,2.75,4.01,4.80,6.03,7.10,8.63,10.46,12.05,12.82,14.09,15.23,16.24,17.79
433,0.97,1.50,2.77,4.12,5.07,6.20,7.18,8.85,10.47,12.11,13.21,14.63,15.51,16.77,17.90
436,0.98,1.52,2.87,4.14,5.16,6.26,7.25,9.04,10.77,12.41,13.26,15.01,15.89,16.83,18.51
439,1.01,1.57,2.92,4.29,5.20,6.50,7.43,9.31,10.88,12.54,13.55,14.98,16.14,17.11,18.50
442,1.01,1.57,3.02,4.35,5.31,6.41,7.69,9.44,11.23,12.78,13.91,15.23,16.55,17.49,18.87
445,1.09,1.66,3.02,4.39,5.40,6.65,7.98,9.58,11.36,13.06,14.05,15.58,16.47,17.71,18.95
448,1.09,1.64,3.10,4.57,5.41,6.52,7.97,9.90,11.70,13.20,14.22,15.85,17.07,17.96,19.43
451,1.15,1.69,3.09,4.51,5.62,6.93,8.31,9.99,11.96,13.69,14.90,16.09,17.19,18.15,19.66
454,1.18,1.79,3.21,4.64,5.61,7.03,8.41,10.29,12.12,13.92,14.89,16.29,17.50,18.60,20.05
457,1.18,1.78,3.28,4.70,5.83,7.22,8.64,10.60,12.58,14.09,15.40,16.53,17.67,18.67,19.88
460,1.22,1.80,3.34,4.88,5.97,7.31,8.85,10.61,12.79,14.29,15.48,16.76,17.87,18.87,20.53
463,1.24,1.86,3.43,4.99,6.00,7.48,8.92,11.07,12.97,14.66,15.89,17.01,18.27,19.27,20.70
466,1.28,1.89,3.52,4.91,6.11,7.60,9.11,11.08,13.18,14.85,16.08,17.23,18.43,19.54,20.76
469,1.31,1.93,3.52,4.99,6.11,7.76,9.44,11.43,13.47,15.25,16.40,17.44,18.50,19.50,20.85
472,1.32,2.00,3.59,5.15,6.37,8.16,9.60,11.71,13.87,15.19,16.46,17.61,18.80,19.93,21.30
475,1.34,2.05,3.68,5.34,6.48,8.27,9.83,12.03,13.96,15.41,16.76,17.79,19.03,20.15,21.30
478,1.36,2.09,3.80,5.35,6.44,8.39,9.98,12.07,14.33,15.77,16.86,18.09,19.40,20.42,21.47
481,1.43,2.13,3.77,5.42,6.67,8.68,10.12,12.30,14.49,15.85,17.24,18.27,19.53,20.63,21.84
484,1.49,2.22,3.90,5.52,6.87,8.63,10.39,12.51,14.63,16.22,17.49,18.52,19.74,20.80,21.91
487,1.45,2.24,3.88,5.59,6.97,8.83,10.58,12.94,14.94,16.35,17.50,18.55,19.94,21.04,22.32
490,1.47,2.28,3.95,5.70,7.16,9.41,10.90,12.97,15.23,16.53,17.70,18.84,20.23,21.30,22.53
493,1.56,2.32,4.06,5.87,7.11,9.68,11.11,13.24,15.50,16.69,17.85,19.26,20.37,21.62,22.78
496,1.59,2.35,4.16,5.98,7.33,9.70,11.16,13.59,15.54,16.87,18.26,19.42,20.67,21.79,22.83
499,1.63,2.45,4.24,6.11,7.45,10.04,11.51,13.63,15.71,17.19,18.50,19.46,20.78,21.78,23.00
502,1.64,2.47,4.34,6.22,7.65,10.29,11.83,14.13,15.94,17.42,18.55,19.85,20.84,22.16,23.23
505,1.65,2.53,4.43,6.33,8.01,10.26,12.19,14.41,16.06,17.62,18.99,19.94,21.28,22.41,23.53
508,1.72,2.64,4.58,6.43,8.13,10.59,12.42,14.40,16.38,17.96,19.09,20.27,21.59,22.68,24.17
511,1.77,2.66,4.63,6.52,8.19,10.75,12.48,14.75,16.68,18.06,19.35,20.48,21.59,22.90,24.15
514,1.86,2.69,4.81,6.66,8.41,10.86,12.69,15.05,16.86,18.24,19.54,20.63,21.88,23.15,24.29
517,1.86,2.81,4.78,6.77,8.50,11.29,13.06,15.04,16.97,18.42,19.79,20.81,22.05,23.38,24.56
520,1.86,2.85,4.83,6.93,8.71,11.54,13.04,15.20,17.21,18.56,19.90,21.12,22.30,23.49,24.94
523,1.89,2.88,4.92,7.04,8.95,11.73,13.37,15.45,17.31,18.71,20.13,21.19,22.47,23.78,24.93
526,2.00,2.99,5.07,7.15,8.98,11.94,13.45,15.58,17.38,18.98,20.06,21.50,22.67,23.92,25.49
529,1.98,3.00,5.16,7.14,9.24,12.17,13.63,15.92,17.68,19.18,20.43,21.81,22.85,24.32,25.48
532,2.06,3.02,5.26,7.39,9.40,12.23,13.97,16.04,17.91,19.39,20.62,22.10,23.05,24.72,26.23
535,2.05,3.13,5.35,7.49,9.66,12.31,14.26,16.32,18.13,19.60,20.91,22.11,23.36,24.99,26.44
538,2.09,3.21,5.46,7.71,9.98,12.69,14.44,16.38,18.40,19.83,20.80,22.54,23.67,25.06,26.53
541,2.10,3.28,5.45,7.77,9.99,12.92,14.65,16.59,18.51,20.00,21.33,22.75,23.94,25.43,26.90
544,2.20,3.25,5.67,7.96,10.37,13.11,14.78,17.01,18.75,20.19,21.52,22.98,24.22,25.98,27.15
547,2.17,3.32,5.76,7.91,10.18,13.20,14.94,17.20,18.78,20.50,21.69,23.18,24.52,26.18,27.42
550,2.20,3.41,5.88,8.14,10.44,13.23,15.17,17.36,19.08,20.87,21.75,23.53,24.66,26.34,27.75
553,2.25,3.38,5.90,8.29,10.63,13.58,15.29,17.39,19.30,20.89,22.12,23.48,24.87,26.60,28.18
556,2.25,3.46,6.00,8.42,10.61,13.85,15.41,17.62,19.20,21.04,22.31,23.85,25.45,26.76,28.44
559,2.32,3.58,6.02,8.63,11.06,14.17,15.74,17.97,19.66,21.25,22.46,24.12,25.90,27.21,28.70
562,2.38,3.62,6.23,8.80,11.23,14.23,16.02,17.81,19.91,21.74,22.78,24.32,25.90,27.38,29.12
565,2.39,3.68,6.43,8.79,11.44,14.23,16.21,18.30,20.13,21.83,23.01,24.80,26.27,28.02,29.70
568,2.47,3.70,6.50,8.97,11.64,14.29,16.29,18.41,20.18,22.26,23.19,25.05,26.50,28.24,29.85
571,2.48,3.73,6.48,9.25,11.85,14.51,16.53,18.52,20.56,22.40,23.73,25.31,26.91,28.59,30.36
574,2.55,3.80,6.61,9.42,12.12,14.63,16.73,18.87,20.68,22.73,23.99,25.59,27.30,29.09,30.73
577,2.54,3.95,6.77,9.31,12.18,14.87,16.89,18.99,20.95,22.84,24.18,25.98,27.74,29.48,31.00
580,2.55,3.98,6.89,9.46,12.14,14.84,17.11,19.24,21.21,23.29,24.65,26.24,28.09,29.55,31.25
583,2.61,3.95,6.98,9.47,12.34,15.06,17.26,19.50,21.51,23.41,24.96,26.63,28.18,29.80,31.51
586,2.68,4.02,7.12,9.75,12.57,15.41,17.39,19.67,21.49,23.76,25.04,26.80,28.77,30.56,32.03
589,2.77,4.15,7.16,10.04,12.61,15.64,17.64,19.84,21.99,24.07,25.41,27.14,29.05,30.52,32.30
592,2.77,4.19,7.37,10.06,12.97,15.75,17.97,20.04,22.08,24.39,25.95,27.57,29.29,31.00,32.69
595,2.80,4.22,7.37,10.20,13.05,15.80,17.88,20.33,22.48,24.58,26.07,27.98,29.64,31.24,33.18
598,2.84,4.23,7.52,10.28,13.33,16.23,18.46,20.66,22.61,25.12,26.62,28.28,30.04,31.95,33.52
601,2.83,4.31,7.68,10.51,13.38,16.12,18.49,20.74,22.99,25.39,26.96,28.48,30.19,32.36,34.19
604,2.97,4.38,7.75,10.69,13.38,16.47,18.81,21.08,23.27,25.78,27.48,29.03,30.78,32.83,34.78
607,2.94,4.42,7.77,10.83,13.64,16.46,18.92,21.51,23.52,26.12,27.53,29.33,31.11,32.86,34.95
610,3.00,4.60,7.85,10.88,13.64,16.66,19.04,21.50,23.90,26.39,27.82,29.98,31.58,33.46,35.37
613,2.99,4.63,8.06,10.79,13.95,16.83,19.27,21.91,24.24,26.48,28.08,29.95,31.72,33.78,35.23
616,3.08,4.64,8.16,11.14,14.22,17.00,19.33,22.14,24.45,27.02,28.56,30.62,31.97,34.14,35.73
619,3.17,4.79,8.43,11.16,14.14,17.16,19.66,22.31,24.77,27.40,28.56,30.83,32.48,34.08,36.19
622,3.21,4.74,8.58,11.42,14.42,17.51,20.00,22.56,25.16,27.53,29.18,31.02,32.63,34.70,36.70
625,3.24,4.95,8.56,11.55,14.54,17.48,20.29,23.00,25.40,28.12,29.57,31.38,32.97,35.08,36.94
628,3.29,5.00,8.69,11.74,14.87,17.68,20.56,22.99,25.74,28.17,29.89,31.65,33.57,35.75,37.46
631,3.33,5.04,8.83,11.72,14.88,17.95,20.88,23.61,26.16,28.52,30.14,31.98,33.86,36.00,37.83
634,3.35,5.11,8.99,11.99,15.01,18.02,20.99,23.82,26.39,29.05,30.51,31.90,34.02,36.42,38.15
637,3.36,5.13,9.12,12.06,15.13,18.39,21.22,24.08,26.56,29.27,30.67,32.51,34.65,36.76,38.31
640,3.50,5.19,9.19,12.18,15.09,18.38,21.41,24.31,26.84,29.38,31.08,32.81,34.32,36.87,38.71
643,3.55,5.30,9.19,12.29,15.50,18.41,21.75,24.69,27.31,29.62,31.21,32.93,34.95,37.47,38.70
646,3.55,5.31,9.45,12.49,15.35,18.68,21.79,24.72,27.46,29.93,31.39,33.49,35.26,37.71,39.23
649,3.57,5.45,9.66,12.50,15.67,18.74,22.07,25.10,27.87,30.19,31.86,33.67,35.59,37.56,39.20
652,3.62,5.44,9.78,12.69,15.67,19.16,22.37,25.38,27.72,30.54,32.27,33.83,35.91,38.07,39.81
655,3.68,5.56,9.79,12.70,16.03,19.25,22.57,25.65,28.16,30.80,32.29,34.25,36.17,38.73,40.05
658,3.75,5.83,9.91,13.09,16.19,19.52,22.84,25.74,28.30,31.06,32.53,34.60,36.57,38.75,40.50
661,3.79,5.91,10.08,13.13,16.35,19.49,23.06,25.88,28.57,31.11,33.05,34.91,36.80,39.19,40.92
664,3.84,5.88,10.18,13.26,16.70,19.74,23.31,26.24,28.95,31.51,33.34,35.05,37.11,39.19,41.19
667,3.96,5.99,10.33,13.42,16.83,19.83,23.48,26.64,29.10,31.63,33.40,35.29,37.08,39.55,41.18
670,3.97,6.01,10.43,13.45,16.92,19.99,23.79,26.55,29.35,31.92,33.73,35.66,37.49,39.46,41.53
673,4.04,6.20,10.53,13.54,17.06,20.13,24.05,26.80,29.53,32.12,33.77,35.86,37.78,39.96,41.80
676,4.14,6.28,10.59,13.74,17.27,20.40,24.09,27.08,29.64,32.16,33.73,36.01,38.05,40.06,42.23
679,4.18,6.41,10.80,13.96,17.37,20.52,24.28,27.24,29.93,32.57,34.30,36.40,38.30,40.15,42.28
682,4.20,6.40,10.98,13.78,17.72,20.86,24.60,27.37,30.34,32.87,34.55,36.39,38.92,40.53,42.60
685,4.27,6.44,10.99,14.13,17.84,20.89,24.74,27.68,30.46,32.93,34.80,36.60,38.93,40.83,42.89
688,4.37,6.68,11.09,14.25,17.85,21.22,24.93,27.61,30.57,33.38,34.96,37.10,39.26,41.34,43.37
691,4.46,6.64,11.15,14.40,17.97,21.33,25.12,27.93,30.72,33.35,35.34,37.41,39.28,41.28,43.44
694,4.52,6.85,11.29,14.52,18.28,21.60,25.21,28.23,30.86,33.62,35.38,37.59,39.49,41.74,43.78
697,4.52,6.99,11.47,14.48,18.33,21.71,25.43,28.43,31.15,33.85,35.48,37.76,39.97,42.01,43.57
700,4.58,7.04,11.56,14.59,18.44,21.99,25.55,28.55,31.43,34.08,35.77,37.84,40.06,42.25,43.98
703,4.62,7.06,11.59,14.73,18.44,22.02,25.94,28.88,31.45,34.47,35.95,38.00,40.31,42.46,44.44
706,4.71,7.06,11.65,14.88,18.68,22.17,26.14,28.92,31.89,34.43,36.21,38.46,40.34,42.58,44.42
709,4.82,7.16,11.80,15.18,18.99,22.51,26.25,29.19,31.82,34.86,36.35,38.64,40.50,42.80,44.84
712,4.86,7.41,11.97,15.16,19.02,22.79,26.50,29.25,32.09,35.01,36.83,38.92,41.00,43.36,45.37
715,4.93,7.53,12.05,15.34,19.12,22.86,26.58,29.57,32.30,35.17,36.99,38.94,41.27,43.53,45.54
718,5.05,7.58,12.09,15.40,18.98,23.01,26.84,29.69,32.55,35.34,37.32,39.23,41.42,43.69,45.79
721,5.05,7.59,12.17,15.37,19.00,23.08,26.94,29.97,32.75,35.64,37.21,39.57,41.90,43.91,46.20
724,5.16,7.65,12.25,15.66,19.46,23.45,26.97,30.17,32.97,35.93,37.58,39.74,41.93,44.22,46.39
727,5.28,7.81,12.32,15.75,19.61,23.62,27.27,30.36,33.09,36.10,37.86,39.97,42.38,44.53,46.60
730,5.36,7.94,12.42,15.92,19.63,23.90,27.38,30.48,33.50,36.24,38.19,40.34,42.40,44.62,46.80
733,5.38,8.05,12.66,15.86,20.30,23.98,27.56,30.75,33.68,36.35,38.19,40.16,42.53,44.93,46.91
736,5.32,8.09,12.74,15.97,20.35,24.05,27.72,30.99,33.72,36.67,38.67,40.37,42.87,45.10,47.36
739,5.43,8.15,12.78,16.18,20.58,24.34,27.85,30.95,33.88,37.00,38.62,40.68,43.06,45.30,47.55
742,5.55,8.35,12.87,16.43,20.54,24.58,28.19,31.32,34.33,37.12,39.14,40.97,43.43,45.77,48.00
745,5.66,8.39,12.89,16.38,20.85,24.80,28.26,31.45,34.53,37.40,39.09,41.32,43.43,46.01,48.47
748,5.70,8.52,13.11,16.60,21.09,24.92,28.47,31.78,34.69,37.62,39.15,41.48,43.97,46.46,48.89
751,5.74,8.59,13.30,16.68,21.30,25.01,28.59,31.81,34.98,37.82,39.83,41.75,44.42,46.69,48.95
754,5.80,8.61,13.22,16.78,21.32,25.29,28.92,32.27,35.13,38.07,39.99,42.02,44.54,46.91,49.55
757,5.90,8.73,13.26,16.93,21.12,25.23,29.10,32.42,35.37,38.25,40.28,42.22,44.66,47.14,49.76
760,6.03,8.79,13.33,16.97,21.30,25.53,29.19,32.53,35.64,38.47,40.18,42.25,45.00,47.39,50.18
763,6.06,8.89,13.60,17.33,21.94,25.76,29.55,32.87,35.92,38.70,40.45,42.68,45.21,47.56,50.25
766,6.08,9.08,13.74,17.58,21.94,25.89,29.58,32.96,35.92,38.74,40.76,43.05,45.61,48.01,50.77
769,6.11,9.06,13.88,17.43,22.33,26.12,29.68,33.32,36.20,39.22,41.06,43.32,45.76,48.37,50.74
772,6.27,9.16,13.81,17.50,22.46,26.33,30.21,33.46,36.52,39.59,41.22,43.54,45.90,48.56,51.38
775,6.26,9.27,13.81,17.63,22.13,26.54,30.46,33.61,36.59,39.61,41.55,43.83,46.40,48.82,51.64
778,6.42,9.36,14.07,17.87,22.53,26.80,30.52,33.70,37.01,39.92,41.65,44.04,46.55,49.23,52.13
781,6.51,9.63,14.24,18.14,22.66,27.09,30.70,33.91,37.25,40.20,42.18,44.22,46.93,49.49,52.32
784,6.41,9.57,14.34,18.14,22.78,27.20,30.85,34.37,37.59,40.44,42.35,44.80,47.20,49.77,52.71
787,6.58,9.73,14.33,18.22,23.27,27.25,31.17,34.39,37.67,40.65,42.61,44.74,47.45,50.02,53.10
790,6.63,9.70,14.31,18.55,23.27,27.48,31.47,34.86,37.91,40.74,42.81,45.16,47.63,50.19,53.10
793,6.71,9.72,14.48,18.53,23.52,27.71,31.59,34.86,38.11,40.98,43.11,45.39,47.91,50.73,53.54
796,6.81,9.82,14.62,18.85,23.66,27.79,31.57,35.02,38.32,41.17,43.00,45.59,48.06,50.88,53.81
799,6.89,9.96,14.64,18.97,23.55,28.14,31.86,35.18,38.67,41.57,43.52,45.93,48.51,51.11,54.29
802,6.90,10.18,14.90,19.16,24.15,28.24,32.10,35.43,38.90,41.64,43.73,46.28,48.64,51.69,54.53
805,6.96,10.15,14.99,19.30,24.49,28.43,32.42,35.90,39.01,42.17,44.02,46.48,48.94,51.91,54.81
808,7.06,10.22,15.10,19.33,24.22,28.60,32.73,35.99,39.21,42.23,44.12,46.66,49.33,52.21,55.39
811,7.25,10.33,15.25,19.56,24.42,29.05,32.91,36.04,39.65,42.67,44.38,46.93,49.69,52.72,55.51
814,7.33,10.43,15.35,19.77,24.64,29.09,33.16,36.46,39.67,42.78,44.62,47.52,50.07,53.01,55.78
817,7.41,10.53,15.62,19.90,24.95,29.37,33.27,36.64,40.05,43.06,44.84,47.67,50.42,53.08,55.89
820,7.36,10.62,15.66,19.94,25.19,29.48,33.61,36.89,40.36,43.21,45.03,47.78,50.65,53.42,56.22
823,7.41,10.70,15.77,20.06,25.22,29.63,33.56,37.29,40.54,43.56,45.36,48.02,50.87,53.79,56.73
826,7.56,10.71,15.82,20.26,25.39,29.90,33.90,37.23,40.76,43.85,45.63,48.21,51.11,53.89,56.91
829,7.64,10.92,15.95,20.49,25.68,30.27,33.98,37.46,41.03,43.98,46.00,48.49,51.34,54.03,57.36
832,7.77,11.06,16.14,20.70,25.99,30.42,34.36,37.57,41.30,44.34,46.17,48.49,51.45,54.56,57.32
835,7.78,11.08,16.34,20.84,26.16,30.62,34.44,37.76,41.51,44.69,46.55,49.06,51.89,54.71,57.91
838,7.83,11.19,16.49,21.04,26.25,30.69,34.70,38.01,41.90,44.85,46.77,49.46,52.04,55.09,58.25
841,7.98,11.20,16.57,21.27,26.37,30.85,34.80,38.34,41.96,45.26,47.15,49.80,52.44,55.31,58.62
844,8.03,11.17,16.50,21.36,26.69,31.06,35.09,38.70,42.51,45.40,47.34,49.82,52.81,55.70,58.62
847,8.13,11.46,16.74,21.71,26.88,31.24,35.24,38.76,42.51,45.85,47.52,50.06,53.12,55.91,58.67
850,8.15,11.58,16.90,21.75,26.97,31.50,35.35,38.91,42.59,45.92,47.77,50.36,53.34,56.35,59.01
853,8.18,11.66,17.03,22.13,27.14,31.58,35.60,39.26,42.89,46.20,47.82,50.68,53.62,56.50,59.61
856,8.28,11.68,17.21,22.16,27.48,31.83,35.86,39.44,43.17,46.28,48.00,50.91,54.04,56.85,59.78
859,8.34,11.75,17.21,22.40,27.66,32.10,35.91,39.63,43.33,46.92,48.40,51.14,54.13,56.75,60.23
862,8.43,11.89,17.41,22.56,27.75,32.22,36.19,39.71,43.55,47.05,48.89,51.39,54.42,57.50,60.44
865,8.55,11.94,17.43,22.67,27.73,32.37,36.43,40.13,43.78,47.26,49.13,51.72,54.86,57.35,60.86
868,8.69,12.17,17.64,23.05,28.16,32.68,36.65,40.36,44.09,47.36,49.05,51.86,55.03,57.79,61.08
871,8.77,12.19,17.84,23.11,28.35,32.80,36.99,40.43,44.49,47.64,49.53,52.20,55.32,58.43,61.14
874,8.66,12.26,17.86,23.20,28.47,32.84,37.05,40.85,44.82,47.75,49.82,52.54,55.57,58.54,61.74
877,8.82,12.37,17.96,23.46,28.55,33.07,37.53,40.88,44.92,48.19,49.82,52.70,55.88,58.68,61.72
880,9.00,12.51,18.04,23.57,28.72,33.32,37.43,41.21,45.04,48.24,50.36,53.01,55.90,58.89,62.00
883,9.05,12.51,18.15,23.89,28.97,33.42,37.52,41.31,45.18,48.31,50.48,53.49,56.19,59.19,62.26
886,9.08,12.60,18.32,23.99,29.20,33.57,37.79,41.56,45.40,48.72,50.69,53.63,56.20,59.86,62.49
889,9.06,12.75,18.54,24.17,29.31,33.70,37.83,41.64,45.59,49.02,50.97,53.90,56.83,59.51,62.88
892,9.16,12.80,18.53,24.31,29.37,34.00,38.35,41.88,45.94,49.34,51.41,54.08,57.25,60.00,63.12
895,9.41,12.79,18.62,24.40,29.69,34.12,38.45,42.10,46.00,49.55,51.58,54.45,57.42,60.14,63.31
898,9.50,13.00,18.66,24.69,29.68,34.45,38.65,42.30,46.36,49.91,51.82,54.79,57.80,60.53,63.73
901,9.53,13.05,18.89,24.79,30.03,34.61,38.83,42.52,46.77,50.09,52.21,55.02,57.88,60.81,63.73
904,9.58,13.10,19.03,24.97,30.05,34.74,38.91,42.84,46.92,50.16,52.16,55.09,57.96,61.35,64.26
907,9.59,13.25,19.09,25.20,30.20,34.71,39.33,43.01,46.89,50.43,52.57,55.48,58.56,61.45,64.36
910,9.72,13.17,19.19,25.22,30.28,34.87,39.32,43.19,47.26,50.82,52.87,55.69,58.67,61.57,64.61
913,9.76,13.39,19.31,25.41,30.57,35.03,39.42,43.53,47.52,50.80,53.22,55.68,59.06,61.82,65.17
916,9.89,13.56,19.41,25.57,30.71,35.38,39.70,43.68,47.66,51.35,53.35,55.96,59.17,62.14,65.39
919,9.97,13.58,19.47,25.77,30.90,35.49,39.81,43.60,48.08,51.50,53.56,56.53,59.44,62.43,65.62
922,10.08,13.79,19.73,26.13,31.17,35.75,40.19,43.87,48.22,52.04,53.95,56.67,59.71,62.65,65.77
925,10.12,13.78,19.77,26.16,31.21,35.90,40.26,44.46,48.41,52.04,53.93,56.87,60.06,63.11,66.11
928,10.17,13.84,19.91,26.20,31.33,36.16,40.48,44.74,48.85,52.55,54.36,57.36,60.52,63.25,66.51
931,10.29,14.00,19.88,26.32,31.48,36.27,40.84,44.77,49.06,52.52,54.77,57.40,60.41,63.30,66.71
934,10.39,13.98,20.04,26.38,31.60,36.53,40.90,44.95,49.07,53.09,54.93,57.89,60.75,63.67,66.83
937,10.44,14.11,20.11,26.73,31.74,36.61,41.00,45.15,49.54,53.19,55.12,57.98,61.03,64.02,67.25
940,10.51,14.16,20.35,26.74,31.93,36.76,41.31,45.31,49.71,53.16,55.43,58.06,61.27,64.13,67.57
943,10.47,14.31,20.41,26.87,32.13,36.93,41.43,45.76,49.79,53.41,55.71,58.59,61.62,64.31,67.87
946,10.53,14.27,20.49,26.99,32.21,37.12,41.59,45.79,49.87,54.06,55.71,58.74,61.78,64.77,68.16
949,10.72,14.40,20.60,27.27,32.28,37.36,41.84,46.04,50.27,54.11,56.16,59.00,62.13,64.95,68.54
952,10.77,14.48,20.64,27.51,32.60,37.58,42.20,46.26,50.46,54.25,56.32,59.29,62.40,65.40,69.02
955,10.87,14.66,20.76,27.71,32.74,37.72,42.13,46.65,50.82,54.44,56.69,59.54,62.58,65.53,69.11
958,10.86,14.70,20.93,27.70,32.88,37.77,42.51,46.94,51.02,54.57,56.93,59.80,62.96,65.95,69.08
961,10.98,14.80,21.07,27.90,32.96,38.10,42.56,46.98,51.11,55.17,57.09,60.15,63.34,66.12,69.71
964,11.14,14.70,21.10,27.98,33.01,38.12,42.78,47.08,51.19,55.23,57.47,60.45,63.66,66.41,69.58
967,11.23,15.02,21.18,28.09,33.35,38.49,42.94,47.27,51.66,55.45,57.71,60.52,63.68,66.75,70.03
970,11.25,15.13,21.36,28.38,33.40,38.46,43.32,47.50,51.79,55.82,57.88,60.81,63.79,66.91,70.57
973,11.24,15.13,21.44,28.39,33.54,38.70,43.35,47.70,52.15,55.82,58.04,60.96,64.24,67.39,71.01
976,11.31,15.25,21.64,28.61,33.75,39.00,43.58,48.05,52.40,56.07,58.29,61.31,64.50,67.64,71.26
979,11.46,15.32,21.86,28.84,33.98,39.14,43.80,48.19,52.67,56.58,58.60,61.70,64.94,67.75,71.78
982,11.59,15.41,21.87,28.86,33.96,39.45,44.10,48.53,52.93,56.68,58.89,61.97,64.98,68.21,71.94
985,11.70,15.64,21.89,29.04,34.31,39.51,44.30,48.75,53.00,57.00,59.27,62.15,65.29,68.64,72.14
988,11.77,15.58,22.14,29.20,34.38,39.78,44.52,48.92,53.32,57.19,59.38,62.28,65.63,68.93,72.90
991,11.81,15.69,22.25,29.25,34.67,39.77,44.78,48.75,53.58,57.29,59.72,62.69,65.87,69.14,72.83
994,11.90,15.60,22.36,29.29,34.71,39.92,45.00,49.24,53.67,57.61,59.95,62.76,65.87,69.61,73.08
997,11.88,15.85,22.43,29.49,34.78,40.32,45.09,49.47,53.91,57.73,60.05,63.15,66.57,69.64,73.28
1000,11.98,16.04,22.59,29.64,34.97,40.46,45.32,49.72,54.01,58.12,60.38,63.72,66.89,69.67,73.65
1003,12.14,15.92,22.64,29.90,35.30,40.50,45.31,49.91,54.23,58.32,60.68,63.71,67.04,70.43,74.01
1006,12.22,16.09,22.74,30.17,35.32,40.78,45.63,49.96,54.66,58.55,61.03,64.08,67.47,70.70,74.49
1009,12.27,16.19,22.92,30.14,35.52,40.89,45.73,50.39,54.91,58.66,61.18,64.49,67.71,70.78,74.61
1012,12.28,16.32,23.10,30.37,35.75,41.29,46.12,50.49,55.24,59.17,61.47,64.74,68.01,71.25,75.14
1015,12.38,16.46,23.12,30.56,35.80,41.30,46.28,50.85,55.53,59.38,62.00,65.02,68.39,71.69,75.53
1018,12.56,16.38,23.22,30.70,35.97,41.66,46.52,51.15,55.74,59.50,61.80,65.20,68.44,72.11,75.38
1021,12.68,16.64,23.34,30.76,36.12,41.73,46.69,51.08,55.97,59.73,62.23,65.39,68.80,72.16,76.24
1024,12.66,16.63,23.61,30.87,36.33,41.96,46.89,51.32,56.10,60.07,62.52,65.99,68.99,72.76,76.33
1027,12.62,16.74,23.76,31.05,36.56,42.04,47.13,51.66,56.41,60.12,62.49,65.98,69.55,73.04,76.66
1030,12.75,16.81,23.86,31.05,36.69,42.24,47.51,52.02,56.43,60.42,63.00,66.39,69.58,73.40,77.43
1033,12.91,16.77,23.89,31.25,36.91,42.30,47.65,52.27,56.71,60.79,63.28,66.78,70.02,73.44,77.57
1036,13.00,16.96,23.98,31.46,37.13,42.64,47.65,52.25,56.95,60.84,63.65,67.02,70.52,73.97,77.92
1039,13.12,17.20,24.14,31.63,37.31,42.82,47.91,52.49,57.19,61.15,63.96,66.99,71.00,74.63,78.15
1042,13.18,17.11,24.29,31.85,37.48,43.12,48.04,52.83,57.55,61.40,64.11,67.61,71.46,74.83,78.21
1045,13.22,17.26,24.38,31.98,37.80,43.20,48.25,53.02,57.45,61.89,64.41,67.77,71.34,74.90,78.65
1048,13.28,17.23,24.59,31.94,37.92,43.30,48.40,53.35,58.05,62.18,64.87,68.21,71.90,75.42,79.33
1051,13.36,17.48,24.62,32.24,37.88,43.58,48.58,53.29,58.31,62.24,65.00,68.38,71.74,75.38,79.30
1054,13.49,17.60,24.74,32.31,38.10,43.77,49.06,53.62,58.33,62.69,65.44,68.43,72.25,75.91,79.70
1057,13.49,17.54,24.84,32.48,38.30,43.88,49.30,53.76,58.57,62.93,65.44,69.04,72.57,76.28,80.34
1060,13.63,17.75,25.18,32.70,38.44,44.12,49.34,53.97,58.65,63.09,65.95,69.54,72.82,76.24,80.28
1063,13.73,17.71,25.33,32.94,38.86,44.26,49.51,54.43,59.09,63.57,66.03,69.76,73.32,76.83,80.39
1066,13.77,17.83,25.37,32.94,38.89,44.52,49.76,54.53,59.39,63.87,66.26,70.06,73.49,77.03,80.89
1069,13.96,18.08,25.48,33.16,38.97,44.74,49.73,54.78,59.53,63.94,66.76,70.14,73.91,77.46,81.19
1072,14.09,18.10,25.46,33.36,39.21,44.98,50.10,55.00,59.81,64.44,66.97,70.66,73.93,77.88,81.66
1075,14.08,18.22,25.71,33.54,39.45,44.99,50.32,55.22,59.99,64.45,67.14,70.87,74.30,78.41,81.90
1078,14.09,18.32,25.84,33.48,39.56,45.28,50.52,55.45,60.19,64.90,67.70,70.97,74.52,78.45,82.23
1081,14.07,18.32,26.07,33.64,39.65,45.36,50.71,55.77,60.54,64.92,67.70,71.17,74.98,78.49,82.48
1084,14.26,18.39,26.18,33.82,39.93,45.72,50.88,56.02,60.67,65.30,68.08,71.57,75.16,78.99,82.75
1087,14.33,18.47,26.25,34.07,39.97,45.84,51.23,56.15,60.89,65.48,68.32,71.90,75.46,79.33,82.72
1090,14.46,18.62,26.33,34.37,40.37,46.02,51.41,56.29,61.19,65.66,68.61,71.86,75.92,79.32,83.15
1093,14.49,18.72,26.61,34.51,40.55,46.31,51.64,56.51,61.38,65.78,68.66,72.24,76.17,79.89,83.70
1096,14.57,18.85,26.79,34.56,40.68,46.41,51.62,56.76,61.63,66.25,69.13,72.51,76.53,79.95,83.67
1099,14.60,18.93,26.86,34.70,40.86,46.61,51.98,56.97,61.87,66.68,69.31,72.88,76.84,79.85,84.12
1102,14.75,18.89,27.04,34.78,41.08,46.91,52.15,57.08,62.08,66.64,69.65,73.13,76.71,80.49,84.52
1105,14.84,19.10,27.06,34.99,41.16,47.05,52.46,57.36,62.33,66.80,69.79,73.21,77.01,80.72,84.93
1108,14.92,19.27,27.19,35.16,41.43,47.13,52.43,57.61,62.54,67.18,69.76,73.53,77.13,81.01,84.89
1111,14.95,19.28,27.40,35.34,41.50,47.36,52.76,57.65,62.80,67.31,70.35,73.63,77.55,81.41,85.39
1114,15.02,19.31,27.54,35.43,41.64,47.61,52.90,57.95,63.13,67.40,70.65,74.23,77.67,81.59,85.46
1117,15.16,19.40,27.71,35.54,41.98,47.51,53.14,58.27,63.34,67.76,70.68,74.06,77.82,81.58,85.59
1120,15.21,19.54,27.71,35.70,42.00,48.04,53.45,58.23,63.53,68.13,70.96,74.49,78.02,81.62,85.75
1123,15.34,19.75,27.98,36.00,42.33,48.15,53.67,58.64,63.75,68.50,71.21,74.55,78.72,82.31,85.92
1126,15.41,19.76,28.01,36.29,42.42,48.27,53.90,58.92,64.01,68.59,71.31,74.95,78.85,82.46,86.09
1129,15.49,19.93,28.28,36.38,42.70,48.55,54.05,59.11,64.10,68.74,71.79,75.39,78.94,82.84,86.35
1132,15.48,19.92,28.43,36.40,42.90,48.62,54.18,59.38,64.50,68.98,72.09,75.67,79.28,82.77,86.76
1135,15.50,20.06,28.35,36.53,43.07,48.70,54.48,59.61,64.65,69.41,71.98,75.53,79.66,83.03,87.36
1138,15.74,20.17,28.51,36.66,43.02,48.96,54.58,59.63,64.74,69.70,72.31,76.03,79.86,83.52,87.13
1141,15.79,20.28,28.62,37.04,43.28,49.15,54.74,59.89,65.13,69.89,72.54,76.02,80.03,83.80,87.73
1144,15.85,20.33,28.83,37.09,43.58,49.32,55.13,59.98,65.07,70.04,72.75,76.49,80.21,84.07,88.05
1147,15.85,20.40,28.94,37.22,43.81,49.38,55.19,60.43,65.53,70.23,72.89,76.69,80.72,84.12,88.30
1150,15.96,20.43,29.11,37.41,43.99,49.69,55.40,60.38,65.67,70.58,73.30,77.14,80.86,84.59,88.84
1153,16.14,20.62,29.09,37.51,44.01,50.02,55.47,60.75,65.96,70.74,73.57,77.11,81.34,84.93,88.58
1156,16.19,20.70,29.22,37.78,44.32,50.24,55.79,61.20,66.25,71.08,73.88,77.40,81.72,85.07,89.28
1159,16.25,20.81,29.50,37.87,44.50,50.41,56.00,61.15,66.36,71.18,74.08,77.77,81.79,85.37,89.44
1162,16.18,20.90,29.56,37.91,44.66,50.49,56.15,61.40,66.73,71.42,74.38,78.05,82.05,85.75,89.67
1165,16.35,20.99,29.59,38.22,44.76,50.62,56.35,61.76,66.72,71.55,74.58,78.33,82.40,85.99,90.18
1168,16.54,21.12,29.87,38.42,44.99,50.84,56.47,61.96,67.21,72.18,74.58,78.35,82.56,86.61,90.01
1171,16.50,21.10,30.02,38.34,45.16,50.98,56.84,62.31,67.19,72.15,75.18,78.63,82.71,86.64,90.83
1174,16.60,21.33,30.04,38.62,45.35,51.16,56.89,62.26,67.68,72.34,75.23,78.94,82.94,86.85,91.14
1177,16.66,21.56,30.16,38.84,45.56,51.42,57.27,62.76,67.97,72.80,75.44,79.35,83.41,87.32,91.44
1180,16.84,21.46,30.36,38.91,45.46,51.56,57.56,62.80,68.04,73.07,75.74,79.78,83.86,87.37,91.93
1183,16.91,21.59,30.64,39.04,45.80,51.84,57.69,63.25,68.30,73.20,75.98,79.78,83.95,87.86,91.85
1186,16.87,21.56,30.79,39.16,45.98,51.94,57.87,63.45,68.43,73.40,76.46,80.24,84.39,88.46,92.39
1189,17.00,21.75,30.81,39.23,46.06,52.15,58.15,63.69,68.72,73.83,76.73,80.39,84.71,88.35,92.69
1192,17.19,21.85,30.87,39.48,46.31,52.41,58.46,63.82,69.19,73.95,77.03,80.73,85.02,88.86,93.15
1195,17.18,21.91,30.97,39.68,46.62,52.53,58.52,64.04,69.28,74.34,77.15,80.99,85.10,89.31,93.68
1198,17.28,21.99,31.29,39.71,46.76,52.56,58.61,64.38,69.50,74.64,77.50,81.15,85.61,89.34,93.80
1201,17.23,22.02,31.52,39.87,46.91,52.56,58.96,64.59,69.82,74.60,77.81,81.41,85.74,89.76,94.20
1204,17.41,22.14,31.43,39.93,46.99,52.89,59.16,64.96,70.10,74.94,78.21,82.08,85.95,89.93,94.69
1207,17.53,22.33,31.64,40.16,47.15,53.22,59.28,65.15,70.24,75.26,78.50,82.19,86.53,90.29,94.92
1210,17.59,22.48,31.74,40.52,47.28,53.50,59.52,65.27,70.56,75.66,78.71,82.58,86.77,90.45,95.13
1213,17.66,22.55,32.02,40.50,47.52,53.59,60.02,65.61,70.90,75.91,79.11,82.89,87.06,91.01,95.42
1216,17.59,22.56,32.19,40.57,47.76,53.78,60.25,66.07,71.21,76.32,79.37,83.35,87.50,91.32,95.56
1219,17.68,22.73,32.16,40.80,47.70,53.96,60.38,66.16,71.62,76.37,79.34,83.47,87.73,91.55,96.28
1222,17.91,22.81,32.38,40.77,48.03,54.23,60.50,66.60,71.79,76.66,79.92,83.62,88.33,91.77,96.30
1225,17.95,22.88,32.40,41.11,48.15,54.43,60.75,66.62,71.89,77.11,80.18,83.96,88.55,92.06,96.93
1228,18.02,23.13,32.57,41.19,48.26,54.64,60.97,66.86,72.19,77.09,79.86,84.33,88.74,92.66,97.25
1231,18.09,23.16,32.78,41.35,48.39,54.53,61.18,67.04,72.38,77.51,80.81,84.57,88.81,93.36,97.42
1234,18.09,23.12,33.04,41.54,48.58,54.95,61.46,67.55,72.57,77.96,80.85,85.29,89.19,93.37,97.80
1237,18.29,23.30,33.13,41.70,48.73,55.08,61.74,67.64,72.96,78.14,81.49,85.19,89.52,93.53,98.08
1240,18.32,23.35,33.17,41.93,48.87,55.44,61.94,68.06,73.28,78.39,81.63,85.66,90.14,93.82,98.32
1243,18.39,23.52,33.24,41.88,49.04,55.53,62.16,68.01,73.64,78.69,81.99,85.95,89.86,94.46,98.61
1246,18.38,23.63,33.38,42.14,49.24,55.79,62.35,68.41,73.74,78.76,82.16,86.47,90.15,94.69,99.19
1249,18.48,23.71,33.66,42.31,49.25,56.04,62.73,68.68,74.16,79.21,82.43,86.41,90.63,94.81,99.48
1252,18.56,23.75,33.80,42.27,49.40,56.29,63.09,68.89,74.45,79.40,82.67,86.50,90.86,95.11,99.88
1255,18.58,23.76,33.97,42.45,49.62,56.26,63.25,69.18,74.61,79.85,83.10,86.68,91.13,95.91,99.78
1258,18.74,23.97,33.97,42.63,49.82,56.47,63.25,69.04,74.84,79.94,83.14,87.38,91.59,95.65,100.32
1261,18.88,24.17,34.04,42.84,50.09,56.72,63.62,69.59,75.31,80.22,83.42,87.24,91.44,96.04,100.42
1264,18.94,24.21,34.32,43.16,50.17,56.96,63.91,69.80,75.39,80.75,83.85,88.11,92.44,96.39,100.64
1267,19.02,24.31,34.49,43.12,50.23,57.31,63.97,70.30,75.66,80.84,84.11,88.14,92.41,96.81,100.90
1270,18.99,24.36,34.60,43.22,50.36,57.50,64.31,70.59,75.92,81.26,84.56,88.43,92.75,96.85,101.49
1273,19.15,24.45,34.64,43.48,50.75,57.47,64.13,70.55,76.03,81.53,84.60,88.58,93.23,97.30,101.73
1276,19.35,24.53,34.61,43.44,50.74,57.87,64.63,70.73,76.27,81.56,85.04,88.73,93.19,97.76,101.43
1279,19.34,24.65,34.87,43.68,51.01,57.84,64.64,70.92,76.50,81.95,85.28,89.09,93.46,97.63,102.05
1282,19.44,24.75,35.08,43.81,51.13,58.17,64.87,71.15,76.75,82.14,85.49,89.33,93.88,97.85,102.18
1285,19.34,24.73,35.36,43.80,50.97,58.25,65.19,71.40,76.99,82.41,85.71,89.60,94.06,98.35,102.61
1288,19.48,24.96,35.31,44.09,51.28,58.24,65.39,71.52,77.21,82.37,85.93,89.68,94.39,98.23,102.87
1291,19.69,24.97,35.39,44.03,51.40,58.73,65.44,71.57,77.33,82.70,86.13,89.98,94.41,99.02,103.23
1294,19.65,25.05,35.55,44.31,51.63,58.74,66.03,72.13,77.76,83.03,86.25,90.36,95.13,98.90,103.66
1297,19.67,25.20,35.53,44.56,51.88,59.03,65.84,72.02,77.94,83.12,86.39,90.58,94.80,99.47,103.59
1300,19.74,25.24,35.66,44.36,51.79,58.76,65.73,72.26,77.85,83.24,86.57,90.61,94.89,99.41,104.06
