3injectors,13,794,,Injector:0 445 B29 05F,,,,,,,,,,,,
,,250000,300000,400000,500000,600000,700000,800000,900000,1000000,1100000,1200000,1300000,1400000,1500000,1600000
,120,0,0,0,0,0,0,0,0,0,0,0,0,0,0,0
,123,0,0,0,0,0,0,0,0,0,0,0,0,0,0,0
,126,0,0,0,0,0,0,0,0,0,0,0,0,0,0,0
,129,0,0,0,0,0,0,0,0,0,0,0,0,0,0,0
,132,0,0,0,0,0,0,0,0,0,0,0,0,0,0,0
,135,0,0,0,0,0,0,0,0,0,0,0,0,0,0,0
,138,0,0,0,0,0,0,0,0,0,0,0,0,0,0,0
,141,0,0,0,0,0,0,0,0,0,0,0,0,0,0,0
,144,0,0,0,0,0,0,0,0,0,0,0,0,0,0,0
,147,0,0,0,0,0,0,0,0,0,0,0,0,0,0,0
,150,0,0,0,0,0,0,0,0,0,0,0,0,0,0,0
,153,0,0,0,0,0,0,0,0,0,0,0,0,0,0,0
,156,0,0,0,0,0,0,0,0,0,0,0,0,0,0,0
,159,0,0,0,0,0,0,0,0,0,0,0,0,0,0,0
,162,0,0,0,0,0,0,0,0,0,0,0,0,0,0,0
,165,0,0,0,0,0,0,0,0,0,0,0,0,0,0,0
,168,0,0,0,0,0,0,0,0,0,0,0,0,0,0,0
,171,0,0,0,0,0,0,0,0,0,0,0,0,0,0,0
,174,0,0,0,0,0,0,0,0,0,0,0,0,0,0,0
,177,0,0,0,0,0,0,0,0,0,0,0,0,0,0,0
,180,0,0,0,0,0,0,0,0,0,0,0,0,0,0,0
,183,0,0,0,0,0,0,0,0,0,0,0,0,0,0,0
,186,0,0,0,0,0,0,0,0,0,0,0,0,0,0,0
,189,0,0,0,0,0,0,0,0,0,0,0,0,0,0,0
,192,0,0,0,0,0,0,0,0,0,0,0,0,0,0,0
,195,0,0,0,0,0,0,0,0,0,0,0,0,0,0,0
,198,0,0,0,0,0,0,0,0,0,0,0,0,0,0,0
,201,0,0,0,0,0,0,0,0,0,0,0,0,0,0,0
,204,0,0,0,0,0,0,0,0,0,0,0,0,0,0,0
,207,0,0,0,0,0,0,0,0,0,0,0,0,0,0,0
,210,0,0,0,0,0,0,0,0,0,0,0,0,0,0,0
,213,0,0,0,0,0,0,0,0,0,0,0,0,0,0,0
,216,0,0,0,0,0,0,0,0,0,0,0,0,0,0,0
,219,0,0,0,0,0,0,0,0,0,0,0,0,0.0367,0,0.12
,222,0,0,0,0,0,0.08,0.07,0,0,0,0.0567,0,0.0433,0.0567,0.15
,225,0,0,0,0,0,0,0.1467,0.1333,0,0.07,0.06,0.12,0.1233,0.1567,0.1867
,228,0,0,0,0.0867,0,0.0867,0.09,0.1567,0.0867,0.21,0.2,0.2133,0.1767,0.2333,0.2467
,231,0,0,0,0.1167,0.09,0.1833,0.28,0.2733,0.2467,0.29,0.2667,0.3267,0.2233,0.2433,0.4033
,234,0,0,0,0,0.1033,0.2767,0.2933,0.27,0.26,0.3367,0.2933,0.2767,0.33,0.3633,0.61
,237,0,0,0,0,0.1933,0.3033,0.3367,0.3667,0.3133,0.3767,0.3867,0.3767,0.3233,0.45,0.5767
,240,0,0,0,0,0.1033,0.3267,0.38,0.4033,0.42,0.39,0.41,0.44,0.5133,0.5767,0.7533
,243,0,0,0,0,0.2967,0.3267,0.4,0.4433,0.4033,0.4767,0.48,0.5533,0.5667,0.6633,0.9567
,246,0,0,0,0.1067,0.34,0.4,0.45,0.5567,0.4633,0.5567,0.5533,0.59,0.6733,0.7933,1.1967
,249,0,0,0,0.2067,0.3467,0.43,0.5,0.52,0.5,0.6367,0.64,0.6967,0.74,0.91,1.37
,252,0,0,0,0.22,0.41,0.4567,0.5167,0.61,0.5367,0.7233,0.69,0.8267,0.88,1.0233,1.47
,255,0,0,0,0.3533,0.44,0.54,0.5667,0.6767,0.62,0.7833,0.8833,1.03,1.0267,1.3033,1.6767
,258,0,0,0,0.2533,0.4767,0.5467,0.6533,0.7667,0.7667,0.8467,0.94,1.1433,1.1233,1.48,2.0133
,261,0,0,0.1167,0.4167,0.4667,0.61,0.69,0.7533,0.82,1.0067,1.04,1.2267,1.3333,1.65,2.07
,264,0,0,0.1267,0.4767,0.5133,0.6267,0.8,0.8933,0.9367,1.0967,1.08,1.36,1.53,1.8267,2.35
,267,0,0,0.2667,0.4567,0.62,0.7433,0.8733,0.95,1.0533,1.27,1.2733,1.6333,1.75,2.1467,2.5833
,270,0,0,0.2633,0.5567,0.6233,0.7933,0.9067,1.0367,1.1933,1.3633,1.4333,1.6733,1.93,2.3,2.6433
,273,0,0,0.39,0.5633,0.6967,0.8767,0.9867,1.2467,1.26,1.5333,1.59,1.8367,1.9967,2.4,2.83
,276,0,0,0.4467,0.57,0.78,0.91,1.0333,1.2867,1.39,1.5833,1.69,1.95,2.2833,2.6533,2.7933
,279,0,0,0.4633,0.61,0.8,0.97,1.1833,1.2633,1.55,1.67,1.8333,2.1133,2.3767,2.7067,3.0667
,282,0,0,0.5133,0.7033,0.81,1.0667,1.22,1.4,1.5667,1.89,2.03,2.2267,2.4633,2.78,3.19
,285,0,0,0.5033,0.7133,0.95,1.1133,1.31,1.52,1.6933,1.94,2.0933,2.3367,2.5733,2.8067,3.2467
,288,0,0,0.5667,0.7567,0.9733,1.2533,1.3933,1.6233,1.82,2.01,2.29,2.44,2.6733,3,3.2467
,291,0,0,0.5667,0.86,1,1.28,1.45,1.7067,1.9433,2.1733,2.3033,2.66,2.81,3.1533,3.3833
,294,0,0,0.6167,0.88,1.13,1.4067,1.5367,1.76,1.92,2.2233,2.4167,2.7367,2.9,3.1833,3.41
,297,0,0,0.6867,0.8833,1.1867,1.4467,1.6767,1.8167,2.0733,2.37,2.54,2.7467,2.9667,3.3233,3.6333
,300,0,0,0.7233,0.9433,1.22,1.52,1.71,1.8867,2.19,2.3433,2.58,2.86,3.13,3.4133,3.7533
,303,0,0,0.7133,1.0367,1.3067,1.5467,1.8667,1.9633,2.2267,2.44,2.7,2.8967,3.2533,3.53,3.8433
,306,0,0,0.7533,1.03,1.3067,1.65,1.9433,1.97,2.3133,2.61,2.7233,3.05,3.33,3.6667,3.9267
,309,0,0,0.8067,1.1167,1.4333,1.65,1.9733,2.0633,2.3333,2.62,2.9,3.09,3.43,3.7267,4
,312,0,0,0.8533,1.1933,1.45,1.6967,2.0033,2.2067,2.4533,2.73,3.0667,3.19,3.4533,3.76,4.1867
,315,0,0.16,0.8767,1.1367,1.4867,1.7967,2.02,2.1967,2.5067,2.8267,3.0767,3.2967,3.67,3.9833,4.3433
,318,0,0.2967,0.9333,1.2133,1.5433,1.84,2.0667,2.2467,2.5567,2.7967,3.19,3.3833,3.6933,4.1333,4.4067
,321,0,0.3367,1.04,1.3467,1.59,1.8833,2.1467,2.2933,2.65,2.9467,3.1933,3.49,3.9533,4.1533,4.7067
,324,0,0.16,0.9967,1.3533,1.63,1.91,2.1467,2.42,2.62,2.9833,3.3233,3.5533,4.0033,4.4867,4.8233
,327,0,0.5433,1.01,1.3967,1.68,1.9,2.18,2.42,2.7367,3.0867,3.4267,3.78,4.13,4.5433,4.8967
,330,0,0.3833,1.0867,1.4633,1.71,2.0033,2.27,2.47,2.7733,3.1067,3.41,3.8033,4.2233,4.61,4.8667
,333,0,0.5767,1.0867,1.4767,1.74,2.0133,2.2733,2.5067,2.83,3.1567,3.5733,4.0267,4.4167,4.7967,5.2133
,336,0,0.61,1.09,1.52,1.7733,2.07,2.3267,2.6433,2.9567,3.27,3.6967,4.02,4.5667,5,5.38
,339,0,0.6233,1.1267,1.5333,1.76,2.1333,2.3833,2.6333,3.0067,3.3767,3.75,4.2267,4.6933,5.2867,5.6367
,342,0,0.61,1.11,1.4667,1.8667,2.16,2.4,2.6767,3.0933,3.5533,3.96,4.36,4.8033,5.3133,5.7033
,345,0,0.6333,1.1767,1.56,1.8433,2.1567,2.4567,2.75,3.1233,3.73,3.9933,4.5167,4.9767,5.4533,5.8633
,348,0,0.6833,1.1667,1.5533,1.8667,2.1833,2.5433,2.8233,3.3133,3.7133,4.24,4.6467,5.16,5.6067,6.0667
,351,0,0.6433,1.2033,1.6067,1.8833,2.2867,2.5067,2.8567,3.34,3.8433,4.2233,4.7167,5.24,5.7167,6.2367
,354,0,0.6967,1.2133,1.6267,1.9333,2.3133,2.6133,2.95,3.4833,3.88,4.51,4.9833,5.37,5.9867,6.5067
,357,0,0.6633,1.2267,1.66,2.0167,2.34,2.68,3.04,3.5267,4.05,4.5533,5.1,5.5267,6.18,6.8467
,360,0,0.76,1.25,1.7067,2.05,2.39,2.7633,3.2133,3.5867,4.13,4.71,5.24,5.76,6.4967,6.96
,363,0,0.76,1.25,1.7667,2.07,2.48,2.7733,3.2,3.8133,4.2933,4.9067,5.46,5.9533,6.5633,7.2433
,366,0,0.76,1.3167,1.7067,2.08,2.56,2.83,3.27,3.8267,4.4433,4.95,5.45,6.17,6.8467,7.44
,369,0,0.79,1.31,1.84,2.1533,2.5467,2.8933,3.3333,3.9833,4.6033,5.1833,5.84,6.33,6.9867,7.7133
,372,0,0.78,1.3467,1.8633,2.16,2.5767,3.02,3.4667,3.94,4.63,5.3367,5.8967,6.5167,7.3733,7.8967
,375,0,0.8467,1.3567,1.7933,2.1633,2.65,3.19,3.5233,4.2967,4.8333,5.5833,6.1833,6.9067,7.54,8.09
,378,0,0.8067,1.4067,1.87,2.21,2.7533,3.2233,3.63,4.3633,5.07,5.6367,6.2933,7.0633,7.94,8.3833
,381,0,0.8233,1.4667,1.94,2.3433,2.7433,3.3067,3.72,4.4767,5.2167,5.8733,6.5933,7.3333,8.0633,8.63
,384,0,0.8533,1.44,1.94,2.2867,2.8367,3.29,3.83,4.48,5.2533,6.0533,6.5733,7.52,8.3033,8.83
,387,0,0.8667,1.4867,1.9767,2.42,2.95,3.39,3.9533,4.4967,5.5467,6.1633,7.0033,7.5867,8.5033,9.0867
,390,0,0.8467,1.4833,2.0667,2.4633,2.9433,3.5133,4.0867,4.8333,5.8067,6.3633,6.99,7.7933,8.7733,9.3667
,393,0,0.9333,1.5467,2.0233,2.5367,2.9933,3.48,4.2067,5.05,5.76,6.4833,7.3033,8.1933,9.05,10.0067
,396,0.1933,0.88,1.6433,2.14,2.55,3.1233,3.5733,4.39,5.18,6.0767,6.7,7.49,8.3867,9.4233,9.9533
,399,0,0.9167,1.57,2.1733,2.5733,3.1867,3.6633,4.51,5.2333,6.2167,6.8367,7.72,8.6267,9.4967,10.28
,402,0,0.98,1.6233,2.1867,2.7333,3.18,3.7533,4.68,5.3767,6.2967,7.1,7.84,8.71,9.6033,10.52
,405,0,0.9767,1.64,2.2367,2.6767,3.37,3.8967,4.74,5.62,6.5933,7.2433,8.1233,8.9933,10.1,10.76
,408,0,1,1.6433,2.3367,2.8067,3.3967,3.9667,5.0433,5.6033,6.6033,7.3667,8.09,9.28,10.1633,11.1367
,411,0,0.97,1.7,2.3367,2.82,3.5467,4.1967,5.1167,5.8633,7.01,7.78,8.4033,9.5,10.37,11.2267
,414,0.4,1.0033,1.7,2.3867,2.9733,3.5667,4.2933,5.26,6.0433,6.9967,7.7133,8.74,9.7667,10.63,11.5433
,417,0,1.0667,1.73,2.5067,2.98,3.64,4.2967,5.3567,6.2267,7.32,8.09,8.76,9.9,11.0633,11.8433
,420,0.6233,1.0767,1.78,2.5433,3.0367,3.7867,4.4733,5.2967,6.4,7.44,8.1167,9.0567,10.15,11.3733,12.1267
,423,0.22,1.08,1.7967,2.5533,3.15,3.9,4.4833,5.4,6.5033,7.7567,8.3667,9.1533,10.5067,11.4,12.36
,426,0.2133,1.1333,1.85,2.6667,3.2133,3.9267,4.7133,5.75,6.8167,7.82,8.5433,9.4367,10.6867,11.8,12.62
,429,0.4233,1.13,1.91,2.6333,3.2467,4.08,4.76,5.8,6.8767,7.96,8.7833,9.58,10.7033,12.23,12.95
,432,0.6733,1.16,1.9733,2.76,3.3767,4.09,4.94,6.1033,7.0167,8.18,9.0967,9.9233,11.1733,12.3667,13.3467
,435,0.73,1.1967,1.94,2.79,3.4467,4.33,5.1067,6.1333,7.14,8.4,9.19,10.1933,11.4067,12.54,13.6367
,438,0.7167,1.2,2.0333,2.8633,3.5067,4.38,5.1467,6.4,7.5733,8.6067,9.29,10.22,11.5133,12.99,14.0233
,441,0.74,1.2567,2.1267,2.9167,3.5967,4.5733,5.34,6.4033,7.6867,8.91,9.4967,10.6167,11.7933,13.1667,14.2133
,444,0.75,1.2367,2.0833,3.0167,3.6833,4.56,5.43,6.6667,7.8433,8.98,9.6433,10.5933,12.09,13.4433,14.5267
,447,0.77,1.2467,2.24,3.06,3.8333,4.6867,5.58,6.8233,7.8433,9.1067,10.0833,10.9067,12.5333,13.6433,14.5767
,450,0.8167,1.2633,2.2333,3.1433,3.8533,4.8833,5.66,6.9367,8.1967,9.09,10.13,11.2933,12.44,13.86,15.01
,453,0.8067,1.3433,2.25,3.19,3.8767,4.9133,5.93,7.2433,8.3833,9.4833,10.51,11.0833,12.6933,14.0333,15.3067
,456,0.8133,1.3533,2.3467,3.2833,4.0733,5.1733,5.9367,7.16,8.4367,9.7067,10.58,11.59,12.8333,14.3567,15.6
,459,0.9,1.3833,2.36,3.35,4.2267,5.2,6.3567,7.5267,8.6367,9.89,10.7867,11.8467,13.1433,14.7,15.9633
,462,0.86,1.4067,2.36,3.3233,4.3033,5.25,6.23,7.74,8.81,10.02,10.9267,11.8367,13.3733,14.7833,16.24
,465,0.8633,1.4367,2.45,3.47,4.28,5.5,6.64,7.7267,8.94,10.25,11.1933,12.3233,13.49,15.45,16.52
,468,0.8967,1.4633,2.5133,3.4967,4.4733,5.5833,6.5467,7.7867,9.24,10.5267,11.4167,12.46,13.8333,15.4867,16.6967
,471,0.94,1.49,2.61,3.66,4.58,5.6767,6.8467,8.1,9.3633,10.6967,11.54,12.65,14.32,15.9467,17.1233
,474,0.9233,1.5667,2.5667,3.7733,4.5833,5.73,6.77,8.2733,9.5833,10.68,11.8667,12.81,14.2567,15.9233,17.5467
,477,0.9733,1.5267,2.6667,3.7967,4.6967,5.9533,6.9633,8.3333,9.7733,10.91,11.8167,13.2667,14.6067,16.2033,17.8567
,480,0.9867,1.5733,2.69,3.87,4.7133,6.1133,7.28,8.6133,9.95,11.1133,12.1767,13.2267,15.1367,16.6867,18.53
,483,1.01,1.5833,2.7267,3.9667,4.99,6.2,7.2733,8.6933,10.0433,11.3633,12.3867,13.3167,15.29,17.2567,18.87
,486,1.0433,1.6267,2.79,4.0767,4.9767,6.2933,7.4667,9.0533,10.2933,11.5533,12.7567,13.56,15.4833,17.5033,18.9633
,489,1,1.6767,3.0033,4.1367,5.14,6.29,7.6733,9.1,10.49,11.7733,12.7233,13.9133,15.88,17.6567,19.8233
,492,1.0567,1.7,3.0367,4.16,5.26,6.49,7.79,9.3733,10.52,11.8367,13.0833,14.1833,16.1867,18.1333,19.9033
,495,1.0333,1.79,3.0467,4.21,5.5267,6.6567,7.9833,9.3533,10.8233,12.0533,13.2367,14.5833,16.57,18.14,20.3067
,498,1.0967,1.7733,3.0433,4.2567,5.55,6.66,7.9733,9.6167,10.83,12.51,13.5133,14.9,16.6333,18.94,20.72
,501,1.1067,1.7933,3.1133,4.4367,5.6167,6.8667,8.27,9.7033,11.13,12.5267,13.7467,14.9167,17.2,19.1467,21.2
,504,1.1733,1.8367,3.13,4.4633,5.72,7.1033,8.23,9.8,11.4333,12.63,14.0767,15.5067,17.4067,19.91,21.4333
,507,1.1567,1.87,3.29,4.5867,5.8867,7.14,8.6,10.3133,11.5933,12.9433,14.2567,15.87,18.0867,20.3867,22.03
,510,1.16,1.8767,3.32,4.7133,5.9467,7.3033,8.8267,10.4167,12.0133,13.2367,14.6833,16.6767,19.0967,20.4767,22.91
,513,1.2333,1.9467,3.4267,5,6.2133,7.6167,8.98,10.6467,12.3167,13.58,15.0667,16.4167,19.0367,21.0433,23.1533
,516,1.2833,1.9667,3.5367,4.9433,6.2633,7.63,9.09,10.8433,12.4533,13.8833,15.1833,16.71,19.24,21.7367,23.6533
,519,1.2367,2.0133,3.56,4.97,6.3733,7.8233,9.2333,11.0167,12.6167,13.9233,15.7433,17.53,19.68,21.8033,24.4167
,522,1.23,2.06,3.5967,5.05,6.5233,7.8567,9.4267,11.3233,12.8567,14.1967,16.16,17.5967,19.8867,22.51,24.8567
,525,1.37,2.1067,3.6733,5.2233,6.61,7.9533,9.61,11.38,12.9067,14.7333,16.07,18.1267,20.4267,22.82,24.8633
,528,1.3367,2.1633,3.7733,5.26,6.74,8.1267,9.6967,11.61,13.32,14.7067,16.4133,18.23,20.84,23.0533,25.3167
,531,1.28,2.1467,3.78,5.3333,6.8933,8.3933,9.7667,11.8,13.52,15.35,16.6133,18.75,21.2667,23.5333,25.7167
,534,1.38,2.18,3.89,5.3933,6.91,8.4933,10.0933,11.87,13.6567,15.28,16.9133,18.8733,21.6733,23.6367,26.1567
,537,1.38,2.2133,3.8767,5.5,6.95,8.6767,10.25,12.1933,14.02,15.9533,17.1733,19.4433,21.7933,24.3467,26.3133
,540,1.4,2.2833,4.0233,5.6733,7.1733,8.65,10.4267,12.4233,14.2133,15.8333,17.5133,19.7667,22.0067,24.4067,26.91
,543,1.41,2.33,4.06,5.7933,7.24,8.7867,10.74,12.6533,14.4033,16.4233,17.8433,20.7233,22.77,25.1633,27.97
,546,1.4133,2.38,4.3067,5.8733,7.39,9.0967,10.85,12.92,14.8967,16.5867,18.33,20.76,23.3967,25.77,28.3767
,549,1.4767,2.41,4.37,6.0833,7.6833,9.2,11.3267,13.2567,15.3733,17.1,18.7167,21.4567,24.1,26.1933,28.62
,552,1.5067,2.4733,4.3533,6.1333,7.8133,9.43,10.9333,13.3967,15.42,17.6067,19.2833,21.49,23.99,26.4967,28.8933
,555,1.5067,2.52,4.5367,6.2167,7.8033,9.3833,11.7767,13.5967,15.66,17.6233,19.4333,21.86,24.2433,26.7533,29.1967
,558,1.5233,2.52,4.68,6.34,7.95,9.67,11.39,13.7167,16.0167,17.9,19.9,22.17,24.8933,27.11,29.53
,561,1.56,2.54,4.71,6.3267,8.0867,9.68,11.7367,14.07,16.1767,17.9933,20.43,22.51,24.9067,27.72,30
,564,1.5467,2.5933,4.8133,6.4833,8.24,9.75,12.02,14.3067,16.44,18.5367,20.52,22.7633,25.2,28.1733,30.2633
,567,1.5733,2.7233,4.8033,6.5867,8.4133,10.0567,12.1567,14.5367,16.67,18.6267,20.85,23.6533,25.79,28.3367,30.93
,570,1.5967,2.6967,4.8333,6.6533,8.58,10.1233,12.6067,14.63,16.8233,18.9167,21.64,23.65,26.29,28.7033,31.3467
,573,1.6733,2.7333,4.98,6.6933,8.6033,10.29,12.5467,15.3267,17.36,19.4267,21.81,23.8967,26.4467,28.9767,31.8
,576,1.69,2.7967,4.9733,6.76,8.5867,10.5,12.7567,15.2733,17.51,19.82,22.16,24.3867,26.78,29.4667,32.1433
,579,1.6533,2.82,5.1,6.8633,8.8167,10.69,13.0767,15.5167,17.8267,20.0733,22.9133,24.8433,27.79,30.15,33.03
,582,1.73,2.88,5.2367,7.13,9.0467,10.8133,13.0233,15.8767,18.0833,20.35,23.0967,25.82,28.03,30.5333,33.53
,585,1.8133,2.9967,5.2833,7.1833,9.1433,11.1333,13.5367,16.0433,18.59,20.7367,23.61,25.9,28.7767,31.3067,34.3567
,588,1.84,3.0667,5.48,7.3667,9.2933,11.1233,13.7067,16.4733,18.5533,21.15,23.8333,26.3,28.8733,31.6233,34.6233
,591,1.7933,3.0833,5.51,7.4933,9.4667,11.4433,13.7367,16.7333,19.13,21.4,24.12,26.6433,29.3233,32.06,34.9867
,594,1.8733,3.07,5.54,7.56,9.46,11.5833,14.0067,16.9133,19.1333,21.5433,24.9067,27.1067,29.6033,32.3933,35.3667
,597,1.9133,3.17,5.6533,7.47,9.7133,11.4933,14.3367,17.28,19.63,22.3533,25.4467,27.36,29.8167,32.8133,35.9833
,600,1.9133,3.2067,5.6333,7.5667,9.9067,11.81,14.4733,17.4067,19.9767,22.3767,25.33,27.6367,30.4367,33.2833,36.3867
,603,1.9467,3.2467,5.8067,7.6633,9.93,12.1367,14.78,17.5533,20.18,22.74,25.78,27.8467,30.5067,33.6667,36.3767
,606,2.01,3.19,5.7567,7.8233,10,12.21,14.9167,17.91,20.4633,23.14,26.03,28.5467,30.91,34.02,36.7267
,609,1.99,3.3433,5.7133,8.0967,10.12,12.4667,15.0433,17.89,20.7467,23.3967,26.7567,28.5733,31.3667,34.32,37.27
,612,2,3.3667,5.8467,8.0667,10.19,12.56,15.1667,18.4867,20.9033,23.9433,26.6967,29.11,31.86,34.6767,37.52
,615,2.0867,3.4733,5.93,8.08,10.4933,12.75,15.57,18.5767,21.1433,24.06,27.4967,29.5,32.4,35.23,38.6533
,618,2.0533,3.4867,6.06,8.3633,10.3967,12.8967,15.8467,18.68,21.6567,24.34,28.1167,30.0433,33.11,35.69,39.06
,621,2.0967,3.5633,6.1367,8.3833,10.7167,13.1767,15.97,19.23,21.9667,24.9133,28.24,30.3033,33.5367,36.14,39.06
,624,2.16,3.62,6.1433,8.5367,10.8133,13.4033,16.3633,19.5333,22.4333,25.41,28.7167,30.4567,33.6,36.4567,39.3033
,627,2.2167,3.65,6.2033,8.7233,10.96,13.39,16.7033,19.62,22.54,25.19,28.77,31.1433,34.28,36.7833,39.7133
,630,2.2967,3.8133,6.2867,8.6767,10.9233,13.6533,16.3833,19.84,22.7333,25.6367,29.2367,31.3067,34.0967,37.3533,40.03
,633,2.25,3.73,6.3533,8.75,11.14,13.6833,16.89,20.1133,22.9167,25.8633,29.18,31.59,34.79,37.4933,40.4967
,636,2.27,3.8,6.3933,8.88,11.4667,13.7433,16.9433,20.4133,23.09,25.9033,29.7367,32.2133,34.73,38.12,40.9933
,639,2.3833,3.8233,6.4833,9.04,11.4967,13.9767,17.1933,20.5233,23.6967,26.1667,30.1233,32.63,35.3367,38.07,41.2433
,642,2.4067,3.8033,6.5967,9.11,11.6233,14.1867,17.5567,20.6633,23.76,26.3867,30.3533,32.69,35.4433,38.5567,41.8067
,645,2.28,3.96,6.6033,9.17,11.68,14.4033,17.6533,21.1033,23.85,26.7433,30.5633,33.02,35.8967,38.9033,42.11
,648,2.52,3.9267,6.7167,9.2133,11.86,14.45,18,21.1967,24.3733,26.9467,31.1567,33.71,36.2433,39.38,42.33
,651,2.5,4.0133,6.7267,9.3667,11.9833,14.8,18.4633,21.3933,24.7333,27.7433,31.4,33.7233,36.86,40.32,43.0967
,654,2.4033,4.0467,6.9167,9.5767,12.15,14.8733,18.7367,21.7267,24.8133,27.9033,31.62,34.2933,37.1433,40.5967,43.88
,657,2.5933,4.0867,6.97,9.6267,12.6667,15.4233,19.07,22.4367,25.0833,28.1633,31.79,34.61,37.6333,41.16,44.2467
,660,2.6833,4.25,7.0367,9.74,12.59,15.7467,19.01,22.57,25.09,28.4167,32.2267,34.7067,37.63,41.2467,44.5833
,663,2.6733,4.2967,6.97,9.9033,12.7,15.6733,19.5633,22.6367,25.5467,28.82,32.5167,35.42,38.2233,41.66,45.1133
,666,2.68,4.2433,7.3,9.85,12.88,15.8333,19.38,22.78,25.8567,28.8767,32.7533,35.3233,38.1567,41.85,45.1967
,669,2.7867,4.4,7.2333,10.0567,12.9067,15.9733,19.93,23.08,25.9767,29.44,33.3367,35.6833,38.81,42.09,45.6867
,672,2.7167,4.37,7.3333,10.16,12.9533,16.1233,19.81,23.31,26.2167,29.6133,33.3833,35.7,39.2067,42.7233,46.3467
,675,2.7733,4.3767,7.2833,10.2,13.14,16.35,20.4333,23.3667,26.2433,29.8267,33.84,36.34,39.29,43.0133,46.0833
,678,2.8767,4.4067,7.4533,10.52,13.45,16.4467,20.2967,23.8933,26.5833,29.93,33.9033,36.9767,39.7433,43.43,46.4667
,681,2.8967,4.6033,7.3967,10.5167,13.5367,16.4667,20.6267,23.9233,26.8133,30.3267,34.4367,37.2067,40.2667,43.7433,46.9067
,684,2.9833,4.59,7.5533,10.72,13.8033,16.9,20.9633,23.9633,27.21,30.9333,34.79,37.67,41.0033,44.3067,47.9367
,687,2.9567,4.5333,7.6167,10.87,13.8633,17.1967,20.9567,24.7667,27.5933,31.15,35.1,38.17,41.1667,45.13,48.0367
,690,3.08,4.7833,7.9,10.97,14.37,17.4967,21.6,24.98,27.67,31.5367,35.44,38.0667,41.5733,45.0833,48.3533
,693,2.99,4.69,7.94,11.1033,14.4033,17.7767,21.7233,25.3167,28.1333,31.78,36.1133,39.18,42.29,45.79,49.2533
,696,3.1067,4.7267,8.0567,11.2567,14.7,18.11,21.8467,25.38,28.1433,32.1633,36.1533,39.12,42.24,45.8067,49.1833
,699,3.1,4.7533,8.12,11.5167,14.7767,18.19,21.8567,25.7967,28.5567,32.1667,36.5033,39.2733,42.7933,45.94,49.9533
,702,3.1367,4.88,8.21,11.5267,14.8567,18.3567,22.4567,26.1033,28.8167,32.3333,36.8267,39.7933,43.15,46.6667,50.03
,705,3.2933,4.8667,8.28,11.69,15.13,18.6967,22.2167,26.1067,28.7867,32.9067,36.72,40.3367,43.5733,46.88,50.4133
,708,3.2233,4.87,8.3567,11.89,15.27,18.8133,22.4667,26.3767,29.3267,33.1967,37.2067,40.4533,43.7133,47.2767,50.81
,711,3.2367,4.9233,8.54,12.0033,15.4767,19.23,23,26.71,29.34,33.7633,37.7367,40.1633,43.8067,47.4,51.19
,714,3.28,5.0567,8.53,11.9933,15.6933,19.2567,23.09,26.6633,29.56,33.51,37.9267,40.5767,44.7,48.0467,51.39
,717,3.41,5.1233,8.7233,12.16,15.9433,19.2767,23.3233,27.0967,30.0267,34.6267,38.1867,41.5833,45.1767,48.7133,51.74
,720,3.47,5.0933,8.78,12.37,16.1967,19.8667,23.5867,27.4533,30.2167,35.0733,38.9533,41.9,45.24,49.0167,52.0767
,723,3.3633,5.22,8.73,12.4367,16.3133,19.87,23.8733,27.4567,30.53,35.2167,39.6367,42.1033,46.09,49.66,52.9767
,726,3.49,5.3567,9.0467,12.6767,16.53,20.3367,24.15,27.9267,31.0133,35.6867,39.1767,43.0933,46.3633,49.6933,53.3433
,729,3.57,5.43,9.0067,12.85,16.81,21.1033,24.66,28.4167,31.5,36.08,40.0167,43.13,46.6633,50.5133,53.59
,732,3.5067,5.3967,9.2,13.08,17.2267,20.7,24.6667,28.5267,31.4933,36.0633,40.09,43.5733,47.2267,50.6933,54.02
,735,3.6267,5.5033,9.31,13.0733,17.3033,21.15,24.8067,28.8933,31.8267,36.5467,40.6033,43.5633,47.0933,50.8267,54.52
,738,3.6067,5.54,9.3867,13.4067,17.3767,21.52,24.9367,28.9867,32.31,36.8333,40.8133,44.0133,47.91,50.9767,54.63
,741,3.6967,5.69,9.6133,13.4267,17.4767,21.5533,25.35,29.1167,32.2367,37.18,41.1167,44.4967,47.96,51.49,54.7267
,744,3.8267,5.5533,9.5667,13.4567,17.7133,21.8933,25.4367,29.3567,32.6967,37.4233,41.7867,44.4333,48.1433,51.7833,55.3933
,747,3.68,5.7533,9.6167,13.8133,17.9533,22.2,25.6233,29.6967,33.0933,37.9267,41.61,44.9867,48.61,52.49,55.7767
,750,3.8867,5.97,9.82,13.9033,18.13,22.2033,25.81,29.7133,33.36,38.0867,41.93,45.3533,49.3267,52.5767,55.85
,753,3.91,5.86,10.1367,13.8967,18.1,22.45,26.1967,30.16,34.1067,38.77,42.9633,45.8567,49.59,53.1567,56.61
,756,3.8433,5.88,10.19,14.1867,18.2333,22.6233,26.3433,30.3067,34.04,39.0967,43.0267,46.9067,50.2333,53.8567,57.1733
,759,3.9,5.9833,10.2767,14.4067,18.5267,23.13,26.66,30.87,34.6333,39.4467,43.6633,47.1867,50.51,54.1867,57.92
,762,4.0167,6.1233,10.4267,14.4567,18.7267,23.2633,26.8533,31.1967,35.1667,39.7467,43.6967,46.9967,50.9233,54.51,57.9
,765,4.1467,6.2533,10.66,14.8667,19.2067,23.7167,27.3567,31.3267,35.1833,40.17,44.0833,47.67,51.0867,54.7133,58.2733
,768,4.03,6.1333,10.8133,15.0233,19.2833,24.17,27.4967,31.4633,35.5733,40.8267,44.31,47.9233,51.6267,55.3233,58.84
,771,4.18,6.3933,10.8633,15.1267,19.4367,24.21,27.87,31.8033,35.5233,40.9033,44.6433,47.73,51.7433,55.83,59.3867
,774,4.22,6.3233,10.9833,15.29,19.66,24.4567,27.94,32.2,36.22,40.88,44.9367,48.4067,52.0433,55.91,59.6767
,777,4.2333,6.4167,10.9633,15.43,19.9967,24.7067,28.41,32.3433,36.6433,41.46,45.3367,48.9067,52.5867,56.5467,59.8033
,780,4.1667,6.64,11.4467,15.6367,20.12,24.8433,28.4167,32.4667,36.8733,41.8133,45.36,49.2933,52.71,56.6367,60.5633
,783,4.3033,6.6933,11.34,15.78,20.29,24.8833,28.62,32.8267,37.1,41.9767,45.8,49.56,52.92,57.03,60.5733
,786,4.2533,6.8333,11.5367,15.8533,20.62,25.16,28.7733,32.9667,37.2567,42.81,46.3567,49.4767,53.9867,57.3333,61.3
,789,4.3067,6.75,11.5633,16.14,20.68,25.2733,29.23,33.3133,38.1867,43.3467,46.78,50.4733,54.0267,58.4067,61.44
,792,4.35,6.8733,11.7333,16.4267,21.0167,25.62,29.5,33.7,38.74,43.4033,47.0167,50.52,54.6667,58.5267,62.14
,795,4.4533,6.96,11.9967,16.3467,21.2233,25.9867,29.9233,34.06,39.0967,43.6167,47.53,50.73,54.7433,59.1767,62.5233
,798,4.57,7.0867,11.97,16.9667,21.7,26.0567,30.3167,34.3833,39.7067,44.07,47.9933,50.7133,55.35,59.17,63.37
,801,4.56,7.15,12.1967,17.2233,21.5933,26.4633,30.5067,34.6967,39.7333,44.4033,48.3267,51.49,55.8633,59.7033,63.5067
,804,4.7033,7.31,12.39,17.2667,21.9833,26.66,30.69,34.9433,39.8433,44.6167,48.13,51.99,56.04,59.84,64.0467
,807,4.7167,7.2633,12.5267,17.5767,22.1367,26.88,31.1367,35.0733,40.3667,44.8067,48.7433,52.03,56.11,60.36,64.61
,810,4.7967,7.5333,12.6133,17.6267,22.18,27.1533,31.1933,35.5967,40.5467,44.97,48.8233,52.6367,56.4433,60.69,64.76
,813,4.87,7.4967,12.69,17.64,22.4767,27.2067,31.53,35.6333,40.7667,45.4467,49.07,52.57,57.0133,61.2033,65.2967
,816,4.9433,7.5267,12.8433,17.9367,22.5567,27.4767,31.4833,35.9967,40.9633,45.6967,49.2767,53.3933,57.3567,61.67,65.7167
,819,4.9133,7.72,12.88,18.0933,22.7333,27.86,32.01,36.4267,41.2,46.0633,49.4767,53.4867,57.6633,62.0167,66.1133
,822,4.8267,7.76,12.9533,18.22,22.8967,27.9433,32.2067,36.5067,41.5967,46.6267,50.5567,53.68,58.0867,62.3967,66.4933
,825,4.9633,7.85,13.0967,18.3767,23.1867,28.1867,32.4633,36.78,42.12,46.5467,50.7267,54.44,58.7867,63.3267,66.7567
,828,5.0167,7.8733,13.2633,18.6467,23.32,28.7733,32.7633,37.4533,42.6233,47.5867,50.7167,54.9367,59.3,63.5767,67.7167
,831,5.14,8.08,13.4333,18.78,23.6233,28.9167,32.9967,37.7133,42.7367,47.5533,51.1267,55.0633,59.5567,63.8133,67.8367
,834,5.2333,8.17,13.6033,19.1067,23.9833,29.11,33.6367,38.2167,43.3567,47.8267,51.49,55.44,60.1867,64.59,68.53
,837,5.2333,8.2867,13.7467,19.2133,24.1367,29.2733,33.71,38.4767,43.6133,48.1733,52.15,55.4533,60.52,65.0467,68.6733
,840,5.3633,8.4267,13.8767,19.69,24.3567,29.66,33.97,38.4967,43.7833,48.56,51.6467,56.3133,60.6733,65.22,69.2733
,843,5.4367,8.51,13.98,19.2867,24.5633,29.8467,34.0567,39.1567,44.3867,48.8233,52.4667,56.5933,61.3167,65.5133,69.5033
,846,5.4167,8.59,14.0767,19.5933,24.6333,29.7733,34.17,38.98,44.3833,49.3667,52.2633,56.5667,61.0767,65.7733,69.7133
,849,5.3733,8.63,14.1233,19.9533,24.8433,30.13,34.45,39.52,45.0233,49.38,52.8167,57.2,61.5667,66.2867,70.3233
,852,5.48,8.6867,14.3233,20.2267,25.2,30.4533,34.7033,39.7433,45.06,49.5667,53.01,57.39,62.3433,66.85,70.7733
,855,5.49,8.72,14.46,20.2767,25.1167,30.66,34.94,40.2333,45.3433,49.8567,53.4867,57.9467,62.76,67.5933,71.0267
,858,5.7033,8.8867,14.5433,20.4167,25.3333,30.7267,35.08,40.43,45.7233,50.08,54.1567,58.31,63.08,67.6867,71.3733
,861,5.7833,8.97,14.6033,20.6433,25.5833,30.9467,35.3667,40.69,45.9433,50.7133,54.8267,58.8833,63.9833,68.6333,71.93
,864,5.87,9.0067,14.9333,20.8333,25.77,31.1867,36.16,40.87,46.3333,51.24,55.05,59.2733,64.0567,68.6067,72.73
,867,5.7167,9.15,14.82,20.9033,26.2133,31.79,36.2333,41.5167,46.8133,51.44,54.98,59.44,64.3067,69.0867,72.98
,870,5.96,9.3167,15.1633,21.1933,26.2167,32.0167,36.58,41.56,46.93,51.3267,55.5333,59.8733,64.6733,69.5133,73.4667
,873,6.06,9.3967,15.1233,21.3833,26.7467,31.9567,36.85,42.0967,47.1767,51.7867,55.8533,60.14,64.9667,69.5433,73.8667
,876,5.9967,9.3567,15.3433,21.5667,26.5533,32.38,37.3233,42.2167,47.62,52.12,56.1267,60.87,65.2533,69.9567,74.2233
,879,6.0433,9.5633,15.5033,21.81,26.9933,32.5233,37.5433,42.5667,47.7433,52.6433,56.4833,60.9067,65.7033,70.8333,74.7633
,882,6.14,9.5567,15.6133,21.8767,27.2933,33.0667,37.8267,42.8533,48.1067,52.4367,56.5667,61.0733,66.1733,70.7967,74.6933
,885,6.1633,9.58,15.73,21.9667,27.3567,33.2833,38.0933,42.8067,48.41,53.13,56.84,61.4467,66.3767,71.0333,75.0967
,888,6.2333,9.8267,15.7233,22.2733,27.6667,33.2567,38.02,43.4733,48.5167,53.14,57.2067,61.8867,66.7267,71.4067,75.4267
,891,6.2967,9.7767,15.8,22.1933,27.7767,33.5367,38.2633,43.4667,49.1167,53.3467,57.87,62.6333,67.3033,72.4033,75.57
,894,6.3333,9.88,15.9667,22.47,27.9133,33.5867,38.49,43.8633,49.5767,54.2333,58.3033,63.3767,67.95,72.33,76.6367
,897,6.3633,10.0067,16.1533,22.67,27.8867,33.7333,39.1733,44.41,49.6933,54.6733,58.8333,63.3767,68.46,72.84,77.0533
,900,6.4033,9.8867,16.1667,22.6933,28.3,34.0567,39.3533,45.1767,50.01,54.8867,59.1133,63.7133,68.7667,73.2433,77.4467
,903,6.57,10.09,16.22,22.8433,28.4833,34.4533,39.4867,45.17,50.7467,55.1467,59.2633,64.1533,68.99,73.7533,78.0033
,906,6.6967,10.3733,16.4967,23.0767,28.7633,35.0733,39.94,45.3633,50.6133,55.3433,59.46,64.7033,69.56,73.9533,78.15
,909,6.8233,10.21,16.5433,23.15,29.0567,35.21,40.0933,45.55,51.1,55.69,60.24,65.0367,69.9267,74.62,78.99
,912,6.9433,10.21,16.63,23.4433,29.14,35.1867,40.1167,45.9333,51.09,56.1433,60.09,64.6133,70.0867,74.91,79.15
,915,6.9967,10.4667,16.9133,23.7,29.3133,35.5767,40.21,46.2267,51.8067,56.4033,60.6267,65.5667,70.22,75.04,79.3067
,918,7.0733,10.4733,17.01,23.72,29.5233,35.96,40.4867,46.5833,52.0233,56.55,61.06,65.7433,70.95,75.4933,79.73
,921,7.2767,10.5367,17.0967,24.0233,29.5833,36.0067,40.9667,46.7933,52.2333,56.7967,61.04,66.2533,70.9733,75.79,80.1933
,924,7.31,10.4933,17.17,24.13,29.85,36.2067,41.2167,46.9167,52.5867,56.7233,61.41,66.7267,71.9233,76.2,80.67
,927,7.3933,10.5767,17.3433,24.35,30.2667,36.4767,41.7367,47.2867,52.8433,57.32,61.9133,67.29,72.2533,76.86,81.24
,930,7.37,10.8833,17.4733,24.4333,30.4033,36.5667,41.7633,47.9433,53.5067,57.7233,62.4667,67.54,72.6167,77.42,81.5067
,933,7.35,10.7267,17.56,24.4433,30.4533,36.4033,41.89,47.88,53.48,58.3033,62.8367,68.2233,73.1333,77.8167,82.2867
,936,7.3233,10.9067,17.67,24.6833,30.73,37.25,42.41,48.4767,54.0367,58.8667,63.2067,67.8633,73.19,78.14,82.6633
,939,7.38,11.11,17.87,24.9233,31.09,37.3333,42.49,48.68,54.13,58.8933,63.41,68.5733,73.6867,78.4367,83.0867
,942,7.5633,11.1767,18.1567,25.08,31.3333,38.02,43.08,49.25,54.69,59.1467,63.5633,68.83,74.3867,78.58,83.59
,945,7.6133,11.2633,18.2,25.3267,31.4067,38.2467,43.2833,49.5133,54.9333,59.38,64.33,69.2933,74.3367,79.1767,83.66
,948,7.6267,11.4367,18.1967,25.5,31.96,38.48,43.6567,49.68,55.2867,59.9133,64.8133,69.5067,74.2733,79.61,84.4767
,951,7.6367,11.5133,18.5033,25.6467,32.0233,38.5467,44.0067,50.07,55.42,59.9267,64.67,69.6633,75.0867,80.3267,84.73
,954,7.75,11.54,18.6333,25.7667,32.1967,38.7033,44.21,50.3433,55.5133,60.5133,65.2567,70.3467,75.33,80.3733,85.2433
,957,7.8033,11.71,18.5967,26.0133,32.69,38.8533,44.2133,50.44,56.14,60.7033,65.3133,70.9833,76.0533,80.8267,84.9867
,960,7.88,11.6467,18.7833,26.0933,32.5367,39.36,44.4133,50.75,56.11,61.0567,66.21,71.2333,76.5567,81.4767,86.0333
,963,7.9833,11.7133,18.77,26.17,33.0733,39.2833,44.7467,51.22,56.4867,61.6233,66.51,71.6933,76.62,82.12,86.4567
,966,8.2233,11.8933,19.0233,26.3733,32.9867,39.5667,45.0433,51.2467,57.21,61.8833,67.1967,71.7067,77.09,82.4767,86.83
,969,8.1667,11.8533,19.0967,26.6767,33.37,39.7533,45.4567,51.63,57.4533,62.61,67.17,72.6567,77.76,83.1333,87.73
,972,8.41,11.9467,19.04,26.8833,33.55,40.11,45.7833,52.2433,57.5933,62.5733,67.3867,72.64,77.59,82.88,88.0167
,975,8.5833,12.0033,19.56,27.1433,33.8533,40.4633,45.9633,52.2367,58.0367,63.0933,67.8233,73.2767,78.24,83.2633,88.5633
,978,8.56,12.0733,19.5667,27.2833,33.81,40.7633,46.7367,52.65,58.54,63.1933,68.0333,73.4667,78.2067,84.0267,88.7
,981,8.4967,12.3167,19.6367,27.46,34.41,40.9967,46.8367,53.13,59.0267,63.4967,68.7433,74.14,79.01,84.5067,88.8433
,984,8.7333,12.2433,19.9933,27.6233,34.2667,41.1867,47.01,53.3867,58.91,63.5,68.7433,74.19,79.2633,84.34,89.61
,987,8.77,12.4167,20.1333,27.6133,34.9467,41.35,47.44,53.52,58.8933,63.9833,69.25,74.4667,79.61,84.9167,89.51
,990,8.7167,12.5033,20.0433,27.94,34.6633,41.7633,47.5833,53.6967,59.3833,64.1,69.44,74.6533,79.86,85.44,90.49
,993,8.84,12.6533,20.2933,28.1333,35.3667,41.6433,47.9267,54.0367,59.6033,64.2033,69.67,75.0167,80.7633,85.8,90.9367
,996,8.88,12.72,20.5533,28.4,35.2567,41.92,48.0167,54.18,59.8867,64.79,70.0033,75.51,81.1033,86.3033,91.0633
,999,8.9167,12.8733,20.45,28.7033,35.4067,42.16,48.4067,54.5967,60.3,65.3767,71.17,76.4233,81.87,86.9233,91.5767
,1002,8.9967,12.8433,20.92,28.56,35.76,42.3733,48.66,55.0967,60.83,65.5733,70.77,76.3233,81.71,87.0267,91.9167
,1005,9.16,12.8633,20.9,28.7433,36.1433,42.61,48.9533,55.5567,61.0433,66.31,71.4433,77.1067,82.59,87.8633,92.9567
,1008,8.9933,12.79,21.0067,29.3467,36.2433,43.16,49.2067,55.81,61.1133,66.67,71.6267,77.3067,82.3533,87.9633,93.2467
,1011,9.1433,13.26,21.1333,29.4433,36.3367,43.12,49.56,56.4233,61.6633,67.0367,72.2467,77.8267,83.0133,88.6833,93.9367
,1014,9.2867,13.2133,21.5233,29.42,36.8567,43.4733,49.6933,56.4433,61.8067,67.2767,72.2567,77.97,83.4567,89.0367,94.2567
,1017,9.4967,13.4933,21.6533,29.8367,37.04,43.63,50.0867,56.73,62.22,67.24,73.1433,78.2333,83.5533,89.5333,94.6167
,1020,9.4767,13.5233,21.9933,30.1033,37.3133,43.79,50.2333,57.07,62.3733,67.5367,72.8767,78.6067,83.9267,89.6267,95.1167
,1023,9.6967,13.59,22.04,30.0533,37.4767,44.1767,50.7367,57.4133,62.5533,67.9567,73.5367,79.35,84.73,89.9967,95.4667
,1026,9.84,13.5967,22.3733,30.3467,38.0567,44.19,50.94,57.4467,62.93,68.3167,73.67,79.24,85.4267,90.51,95.66
,1029,9.8567,13.6433,22.48,30.37,37.8933,44.7333,51.1533,57.8833,63.05,68.6533,74.43,79.8333,85.0733,90.97,96.26
,1032,9.9567,13.7167,22.5567,30.7667,38.2067,44.7733,51.4467,58.3967,63.48,69.36,74.5967,80.67,86.2767,91.5267,96.4267
,1035,10.0867,13.9167,22.5767,30.7167,38.2133,45.0233,51.5567,58.5733,63.9433,69.8933,75.6267,81.2267,87.0633,91.8833,97.0933
,1038,10.1033,13.98,22.7967,31.0333,38.6667,45.2,52.31,59.4233,64.3267,69.9967,75.92,81.1867,87.0233,92.4333,97.8933
,1041,10.14,14.0133,23.1033,31.4133,39.2367,45.5067,52.3433,59.36,64.7433,70.2667,76.4733,81.83,87.5167,93.0233,98.16
,1044,10.21,14.11,23.1467,31.7233,39.3167,45.5,52.45,59.6267,65.1267,70.5433,76.55,82.04,87.74,93.4933,98.7867
,1047,10.34,14.56,23.3467,31.8367,39.7133,45.82,52.9767,59.7767,65.3767,70.9367,76.6467,82.1967,88.27,93.8033,99.1567
,1050,10.31,14.3467,23.54,32.2633,39.8667,46.6,53.63,60.3033,65.5467,71.07,76.8933,82.67,88.66,94.0567,99.2567
,1053,10.5067,14.6967,23.6467,32.38,39.89,46.2733,53.5833,60.5467,66.4167,71.48,77.2867,83.1133,88.8233,94.61,100.5633
,1056,10.53,15.0267,23.9767,32.6067,40.1267,46.85,53.76,61.0133,66.2033,71.83,77.67,83.7833,89.1467,94.81,100.6533
,1059,10.5833,14.84,24.1067,33.1033,40.4433,46.6867,54.3133,60.8967,66.41,72.26,78.2267,84.13,90.2067,95.44,101.5033
,1062,10.6267,15.0433,24.24,33.31,40.6733,47.3967,54.43,61.67,66.7433,72.8033,78.15,84.2033,90.1067,95.5967,101.36
,1065,10.8133,15.1833,24.2267,33.3967,40.8533,47.4133,54.74,61.5967,67.0033,72.8367,79.26,85.1033,90.9167,96.53,102.08
,1068,10.8767,15.2133,24.2133,33.3367,41.1533,47.5233,55.0467,62.1133,67.3033,73.4133,79.7433,85.4067,91.4033,96.9667,102.1733
,1071,10.98,15.3233,24.7,33.6467,41.1567,48.0133,55.2767,62.1833,67.8667,73.9467,80.46,86.2167,91.5867,97.6233,102.8767
,1074,10.9833,15.4367,24.7167,33.67,41.27,48.0967,55.87,63.01,68.2267,74.2333,80.93,86.17,92.0667,97.89,103.0467
,1077,11.02,15.54,24.93,33.7333,41.7733,48.22,55.84,63.1333,68.6933,74.46,80.66,86.3433,92.1867,98.0367,103.9567
,1080,11.06,15.7,25.3033,33.8967,41.9733,49.0833,56.35,63.6633,69.41,74.8167,81.6233,86.9733,93.22,98.9533,104.59
,1083,11.1867,15.72,25.4667,34.3267,42.1733,49.2233,56.97,63.82,69.35,75.13,81.6067,87.67,93.1933,98.9967,104.55
,1086,11.3567,15.9467,25.7,34.68,42.1733,49.5433,56.94,64.15,69.6167,75.9433,82.1867,87.31,93.5467,99.3167,105.0267
,1089,11.2667,16.0533,26.1167,34.6567,42.5867,49.9933,57.1567,64.24,69.9,75.8333,82.1867,88.5,94.0533,99.9867,105.63
,1092,11.6833,15.96,25.9433,35.1233,42.8967,50.0567,57.6467,64.5333,70.0533,76.1,82.77,87.8567,94.2733,100.2167,105.9733
,1095,11.6,16.22,26.2933,35.2367,43.0367,50.3533,57.86,64.2833,70.4,76.14,83.0467,89.2733,94.9733,100.83,106
,1098,11.67,16.2933,26.3967,35.5067,43.33,50.39,58.1233,64.88,70.7167,76.7433,83.9267,89.24,95.3733,101.0567,106.52
,1101,11.74,16.4167,26.56,35.5767,43.26,50.7,58.11,64.84,71.12,77.41,83.8767,90.07,96.27,102.3533,106.5867
,1104,11.9167,16.45,26.54,35.5667,43.61,51.02,58.93,65.5467,71.7167,77.8767,84.6767,90.5533,96.7333,102.2433,107.54
,1107,11.7633,16.5467,26.89,36.0167,44.0333,50.81,58.76,65.8433,71.9267,78.08,84.7267,90.56,96.5533,102.98,108.0367
,1110,12.0933,16.79,26.96,35.8367,43.9233,51.3333,59.47,66.44,72.3067,78.4667,85.7567,91.0733,96.8967,103.18,108.68
,1113,11.9767,16.7367,27.2533,36.1867,44.16,51.43,59.7467,66.4733,72.7867,79.19,85.2,91.5667,97.4533,103.6333,109.36
,1116,12.0467,17.02,27.3633,36.3867,44.4067,52.1533,59.9,67.2167,72.7,79.1267,85.84,92.1033,98.4433,103.9433,109.8133
,1119,12.1933,17.2367,27.52,36.6533,44.83,52.2833,60.4367,66.9733,73.1767,79.43,86.3533,92.25,98.2467,103.89,109.95
,1122,12.5167,17.17,27.87,36.71,45.0333,52.39,60.6267,67.57,73.4133,80.0833,86.9233,92.49,98.53,104.1367,110.2767
,1125,12.4367,17.25,27.9133,36.9933,45.1367,52.4433,60.85,67.44,73.5,80.5433,86.9267,92.7233,98.67,104.86,110.6867
,1128,12.5533,17.46,28.1233,37.2667,45.2733,53.0733,61.1433,67.64,73.96,80.5833,87.22,93.2233,98.9733,104.7633,111.03
,1131,12.6767,17.5167,28.16,37.0367,45.6733,53.0733,61.3033,68.0067,74.3,81.5733,87.83,93.9467,99.6533,105.85,111.2533
,1134,12.7,17.6133,28.27,37.2967,45.81,53.58,61.4733,68.14,74.5,81.5633,88.1733,94.1833,99.9867,106.0067,111.6633
,1137,12.7267,17.82,28.5733,37.44,46.06,53.6767,61.8233,68.68,74.77,82.3067,88.8033,94.76,101.1967,106.9233,112.0867
,1140,12.73,17.86,28.39,37.7067,46.2267,54.01,61.8233,68.6167,75.0667,82.4733,89.1633,95.3467,101.2367,107.1333,112.8333
,1143,12.7433,17.96,28.8033,37.7933,46.5133,54.06,62.54,69.2467,76.0733,83.0167,89.6067,95.3033,101.4267,107.7,113.24
,1146,12.6967,17.99,28.8933,37.8033,46.5233,54.65,63.1767,69.4133,76.02,82.8433,90.0433,95.7733,101.5933,107.7667,113.74
,1149,12.9833,18.01,29.0767,38.35,47.0067,54.9333,63.5,70.2333,76.5067,83.44,90.1533,96.3467,102.0667,108.2067,114.0967
,1152,12.82,18.0967,29.11,38.47,47.31,55.6967,63.3067,70.0533,76.3033,83.1967,90.4667,96.63,102.2933,108.6733,114.39
,1155,12.9967,18.2233,29.2733,38.55,47.42,55.7867,63.57,70.42,77.0633,84.1967,90.5967,96.6233,102.6667,109.08,114.76
,1158,13.1867,18.4967,29.6767,38.85,47.8533,56.0033,63.6767,70.6567,76.9233,84.3,91.1233,97.3133,103.1267,109.6233,114.81
,1161,13.2167,18.5533,29.64,38.8833,47.9567,55.9767,63.9167,70.7767,77.4567,84.62,91.84,97.1467,102.95,109.9667,115.7067
,1164,13.43,18.73,29.8133,39.1467,48.1733,56.13,64.2133,70.9667,77.7233,84.7267,91.8667,97.9033,103.7667,110.21,116.1267
,1167,13.4433,18.84,30.14,39.26,48.3233,56.1967,64.5733,71.32,77.93,85.6767,92.1667,98.27,104.6467,110.9067,116.7633
,1170,13.66,18.8867,30.39,39.45,48.1667,57.11,64.73,71.48,78.14,85.9533,92.6067,98.98,104.75,111.5,116.8567
,1173,13.7033,19.0167,30.1767,39.6967,48.2967,56.9667,64.91,71.4,78.1667,86.53,93.1967,99.35,105.4133,111.7667,117.2767
,1176,13.7367,19.1167,30.4333,39.7333,48.5767,57.21,65.4,72.2567,78.7433,87.0667,93.0767,99.4767,105.44,112.3833,117.96
,1179,13.8033,19.11,30.5,39.7,49.1533,57.4533,65.5367,72.3833,79.21,87,93.6867,99.6567,106.0667,112.3,118.5033
,1182,14.0267,19.36,30.8133,39.8633,49.37,57.6,66.04,72.6933,79.7667,87.0567,93.9933,100.0233,106.2333,113.3,119.15
,1185,13.9467,19.4933,30.7533,40.23,49.4867,57.7733,66.36,72.7,80.1867,87.5333,94.3367,100.6233,107.0633,113.08,119.05
,1188,13.7767,19.5933,30.87,40.4667,49.6033,58.2633,66.36,73.2933,80.0633,87.7633,94.98,100.67,106.8533,113.7433,119.92
,1191,14.1767,19.7167,30.86,40.5767,50.1033,58.3533,66.4833,73.44,80.7933,88.33,95.3033,101.19,107.3167,114.0033,120.3
,1194,14.0067,19.91,31.3133,40.9833,50.2233,58.65,66.59,73.77,80.9133,88.82,95.6633,101.78,107.7533,114.5233,120.44
,1197,14.16,19.8567,31.5467,41.1167,50.3733,58.8233,67.2167,73.7,81.05,88.5333,96.2567,101.4133,108.3067,114.5767,121.1367
,1200,14.32,20.04,31.8133,41.1033,50.8967,59.2867,67.3333,74.35,81.6333,89.0967,96.1033,101.83,108.9433,115.5,121.5233
,1203,14.3367,20.2033,32.1467,41.63,50.8633,59.4333,67.58,74.2933,81.8467,89.49,96.7167,102.4333,109.01,116.0833,121.7267
,1206,14.34,20.3033,32.11,41.6667,51.3667,59.79,67.99,74.5367,81.89,90.14,97.0533,103.2367,109.9133,116.6,122.3133
,1209,14.51,20.3033,32.36,42.0267,51.2067,59.82,67.9267,75.0467,82.4767,90.61,97.2133,103.7567,109.9767,117.1267,122.6933
,1212,14.6733,20.4333,32.1467,42.1333,51.6,60.18,68.1067,75.2333,82.6433,91.18,97.8767,104.2433,110.2567,117.3767,123.28
,1215,14.5,20.63,32.3567,42.0867,51.8033,60.4767,68.2233,75.5567,83.33,90.7533,98.23,104.4567,111.2267,117.82,123.6933
,1218,14.7767,20.6267,32.8633,42.3067,51.8633,60.3933,68.8967,76.0033,83.3067,91.3733,98.5033,104.44,110.94,118.4133,124
,1221,14.7433,20.8633,33.0567,42.2967,52.4633,61.04,69.1867,76.19,83.75,91.48,98.82,104.7233,111.5467,118.85,124.64
,1224,14.74,21.0033,33.07,42.6833,52.0833,61.2867,69.36,76.4633,84.1333,92.29,99.26,105.5367,112.2433,118.7233,125.3867
,1227,15.1767,21.0967,33.44,42.87,52.6167,61.3033,69.8667,77.04,84.5033,92.82,99.4,105.8833,111.9967,119.7133,125.6667
,1230,15.0067,21.31,33.3767,42.8533,52.6533,61.7267,70.26,77.05,84.56,92.54,99.86,106.09,112.7067,119.5067,125.7167
,1233,15.12,21.4067,33.9867,43.7067,53.01,61.9467,69.8933,77.5433,85.19,93.0433,99.8333,106.5633,113.0233,120.2433,125.9067
,1236,15.28,21.5267,33.92,43.87,53.26,62.1633,70.5967,77.97,85.1933,93.4633,100.3433,107.4167,113.2033,120.4533,126.8067
,1239,15.4467,21.4267,34.17,43.9167,53.2467,62.4733,70.4267,78.0633,85.91,93.5433,100.86,107.7333,114.5167,121.3767,127.1033
,1242,15.62,21.58,34.1467,44.2567,53.2867,62.3933,71.08,77.9967,86.08,94,101.03,107.41,114.8567,121.2533,128.0833
,1245,15.44,21.9267,34.31,44.4967,53.81,62.4533,71.1933,78.4667,86.6433,94.4,102,108.76,114.98,122.17,128.3067
,1248,15.5967,22.0967,34.36,44.19,53.9667,63.3567,71.4833,78.9633,87.05,95.15,102.0367,108.4533,115.34,122.0233,128.7833
,1251,15.7133,22,34.68,44.4633,54.2367,63.1967,71.7433,79.5433,87.32,95.5433,102.3667,109.1867,115.9733,122.91,129.7333
,1254,15.4633,22.1233,34.89,44.6133,54.42,63.2767,72.2167,79.4733,87.46,95.15,102.97,109.4633,116.2933,123.5067,130.0667
,1257,15.5533,22.1867,35.2733,45.0267,54.7467,63.8567,72.4567,79.9667,87.9367,95.9267,103.08,109.4767,116.5667,124.04,129.7933
,1260,15.77,22.22,35.5467,44.9267,55.1767,64.2,72.56,79.96,88.3833,96.0633,103.3233,109.9467,116.9867,123.7667,130.3533
,1263,15.8733,22.5167,35.6233,45.87,55.2967,64.58,72.85,80.5833,88.48,96.5633,103.6733,110.24,117.4633,124.6133,131.0067
,1266,15.6833,22.48,35.54,45.8033,55.62,64.92,73.08,80.6533,89.33,96.9133,104.4467,110.6967,117.7733,124.62,131.0367
,1269,16.0067,22.6533,35.9833,46.0467,55.9567,65.03,73.3633,80.8067,89.4667,97.21,103.9267,111.2967,117.9533,125.1967,131.3433
,1272,16.2167,22.78,36.15,46.3433,56.05,65.46,73.4667,81.63,89.5233,97.3033,104.7133,112.5867,118.85,125.4233,131.6033
,1275,16.2267,22.9333,36.5,46.3933,56.1767,65.5633,73.85,81.8367,89.8167,98.11,105.4167,112.3667,119.26,126.4667,132.52
,1278,16.18,23.2833,36.3,46.4733,56.3867,65.9367,74.3567,82.0867,90.0333,98.31,105.52,112.7467,119.6167,126.3933,132.73
,1281,16.2933,23.15,36.6167,46.8133,56.7033,65.65,74.83,82.6833,90.9933,99.0567,106.37,113.5667,120.1767,126.9867,133.11
,1284,16.4967,23.35,36.7,47.0033,56.8,66.14,74.8733,82.78,91.2567,99.0667,106.34,113.8067,120.3167,127.77,133.5767
,1287,16.4,23.58,37.02,47.1,56.9633,66.2833,74.9333,83.7,91.5167,99.3667,107.2467,114.05,120.8567,128.0767,134.2033
,1290,16.6867,23.5167,37.09,47.26,57.3033,66.7633,75.42,83.2033,91.6333,99.7933,107.2867,113.9533,121.1733,128.4933,134.6533
,1293,16.7967,23.79,37.34,47.6167,57.3467,66.8033,75.89,83.84,92.1533,99.87,107.3833,114.67,121.62,128.7867,134.9533
,1296,16.7267,23.8267,37.4067,47.9433,57.77,67.3033,76.19,84.23,91.8567,100.4033,107.6867,114.6267,121.4967,129.7467,135.5333
,1299,17.0033,23.7433,37.35,48.4967,58.04,67.73,76.4233,84.1533,92.4233,100.28,108.2733,114.9933,121.8433,128.8167,135.58
,1302,17.1233,24.0433,37.53,48.48,58.17,67.7767,76.8167,84.2067,92.78,100.61,108.3733,115.2867,122.24,129.9033,136.36
,1305,16.8033,24.3533,37.9733,48.6133,58.3767,68.2,76.79,85.0633,93.4733,101.7067,109.19,115.62,123.23,130.3033,136.9167
,1308,17.1567,24.4567,38.0067,48.84,58.5167,68.0267,76.9767,84.9633,93.82,102.1,109.59,116.1233,123.5933,130.7,136.94
,1311,17.22,24.6,38.2867,48.7767,58.7167,68.53,76.8933,85.71,93.7367,102.6867,109.7333,116.5767,124.1533,131.1967,137.6333
,1314,17.0233,24.76,38.3033,49.0967,58.9033,68.53,77.1867,85.9733,94.27,102.8467,109.9233,116.5033,124.2867,131.82,137.8467
,1317,17.2033,24.7233,38.53,49.42,59.43,68.98,77.6667,86.14,94.46,102.85,110.7033,116.9867,125.08,131.8933,138.77
,1320,17.3367,24.8867,38.6833,49.5567,59.5067,69.16,78.3633,86.6567,95.1033,103.2667,110.7733,117.65,124.9233,132.71,138.87
,1323,17.25,25.24,38.7567,49.6333,59.6567,69.62,78.7467,86.88,95.37,103.53,111,117.9567,125.39,132.8167,139.7833
,1326,17.4833,24.95,38.9933,50,59.93,69.9133,79.4967,87.05,95.55,103.54,111.3467,118.37,126.29,133.2367,139.7167
,1329,17.64,25.3067,39.3467,49.9633,60.3033,70.3433,79.3067,87.47,96.15,103.8033,111.4233,118.5633,126.2133,133.4267,140.3467
,1332,17.55,25.2667,39.3,50.2867,60.7067,70.55,79.4067,87.7267,96.3067,104.5833,112.0133,118.91,126.07,134.58,140.2767
,1335,17.9333,25.51,39.7067,50.4,60.6467,70.9833,79.5967,88.0933,96.38,104.2167,112.51,119.01,127.1867,134.42,141.5
,1338,17.88,25.89,39.6933,50.79,61.1067,70.86,79.7633,88.58,97.0767,104.9367,112.69,119.3467,127.2133,134.6867,141.9133
,1341,18.01,25.7967,39.98,50.89,61.4233,71.4667,80.1667,88.1933,97.1633,105.36,112.9367,120.24,127.7267,135.1133,141.9767
,1344,18.0267,26.0167,40.1333,51.06,61.1567,71.4067,80.6333,88.6133,97.3133,105.9167,113.4433,120.52,127.9267,135.7833,142.2167
,1347,18.19,26.0633,40.1967,51.2433,61.5467,71.8167,80.84,89.0767,97.8567,106.5133,113.5933,121.1733,128.5433,136.52,142.81
,1350,18.2033,25.94,40.4033,51.5033,61.6533,72.0067,81.2433,89.48,98.4,106.7933,114.02,121.5733,129.1667,136.7167,143.0667
,1353,18.32,26.1967,40.5033,51.5,61.84,72.1867,81.4833,89.6667,98.84,106.8133,113.8967,121.6967,129.69,136.9333,142.8767
,1356,18.3833,26.1233,40.6867,51.39,62.1033,72,81.47,90.32,99.1433,107.3333,114.7133,122.1333,129.7767,137.7533,144.3067
,1359,18.31,25.9767,40.68,51.81,62.4033,72.6167,82.28,90.8367,99.43,107.6633,115.1367,122.1767,130.2567,137.9667,144.9567
,1362,18.44,26.4233,40.74,52.1767,62.39,73.0267,82.38,91.13,99.54,108.0733,115.5733,122.3733,130.2167,137.9533,145.4
,1365,18.3767,26.4867,40.8333,52.4867,63.08,73.0667,82.5067,90.95,99.86,108.11,115.66,123.0833,130.5533,138.6167,145.5867
,1368,18.5833,26.71,41.2267,52.7533,63.1633,73.4,82.8133,91.5,100.19,108.3867,115.5333,122.9133,131.0033,138.77,145.8433
,1371,18.7367,26.93,41.4133,52.8567,63.72,73.4633,82.9967,91.62,100.43,108.59,116.27,123.69,131.0667,139.1533,146.53
,1374,18.55,27.2433,41.66,52.85,63.51,74.1367,83.3733,91.86,100.9867,109.3433,117.0333,123.73,131.8733,139.5333,146.92
,1377,19.0133,27.05,42.0233,53.4567,63.8033,74.1467,83.4733,92.15,100.8233,109.2,117.3167,124.4833,132.65,140.28,147.1633
,1380,19.02,27.3367,42.2233,53.2367,63.9567,74.7167,83.57,92.2367,101.3,110.03,117.5033,124.68,133.13,140.3233,148.03
,1383,18.95,27.3933,41.83,53.28,64.2267,74.7633,84.1267,93.02,101.91,110.56,117.6533,125.1633,133.0267,141.4733,147.58
,1386,19.1267,27.4767,42.36,53.56,64.2933,74.98,84.4,93.0033,102.19,110.48,118.1567,125.3833,133.9733,141.27,148.11
,1389,19.1267,27.28,42.4067,53.9667,64.7667,75.0933,85.0567,94.07,102.3767,110.9367,118.6667,125.8,133.84,142.1867,148.3433
,1392,19.1633,27.5867,42.45,54.2367,64.97,75.5,85.0067,93.5667,102.8967,111.39,119.1467,126.4133,134.2233,142.1233,149.6667
,1395,19.3033,27.7167,42.5867,54.2733,65.11,75.4133,85.2367,94.4833,102.9067,111.2833,119.27,126.4733,134.1867,142.71,149.96
,1398,19.45,27.6767,42.8667,54.2667,65.5933,76.0067,85.35,94.5733,103.5733,112.1833,119.8733,126.3133,135.2333,142.75,150.25
,1401,19.4367,27.92,42.84,54.7067,65.96,76.13,85.9967,94.5233,103.6233,111.9833,119.9333,127.25,134.9467,143.71,150.46
,1404,19.6067,27.8367,42.9433,54.79,66.1733,76.3633,86.2233,95.25,103.6867,112.17,120.18,127.3,135.63,143.5033,151.07
,1407,19.7467,28.3967,43.4667,54.93,66.5767,76.4367,86.4333,94.8667,104.34,112.9333,119.9333,127.9267,136.09,144.1833,151.7267
,1410,19.84,28.3967,43.4367,54.98,66.4633,76.84,86.4733,95.6433,104.8433,113.0267,120.0467,128.3667,136.9233,144.6733,151.91
,1413,19.96,28.5,43.64,55.1867,66.2233,76.91,87.0367,96.2567,105.3233,113.0667,120.7367,128.7233,137.2133,144.9267,151.8233
,1416,20.0167,28.6667,43.73,55.3467,66.7733,77.1233,86.87,95.9633,104.9767,113.6667,121.2933,129.3333,137.25,145.3867,152.5933
,1419,19.9833,28.8167,43.9333,55.7633,66.9267,77.24,87.39,96.1533,105.5,114.6667,121.7033,129.3267,137.8033,145.9233,152.8567
,1422,20.1367,28.9,43.9267,55.7267,67.07,77.7867,87.6,96.6967,106.1533,114.6833,122.1833,130.1267,138.1567,145.7533,152.82
,1425,20.13,29.25,44.16,55.7867,67.4767,77.44,87.7833,97.2367,106.4,115.06,122.3633,130.1367,137.74,146.4833,153.5067
,1428,20.2367,29.4767,44.39,56.0967,67.7133,78.1533,87.6967,97.4267,106.3067,115.0567,122.1433,129.8567,139.0867,146.62,154.4367
,1431,20.3167,29.27,44.4267,56.2167,68.02,78.72,88.24,97.88,106.6767,115.5233,122.2467,130.68,139.03,147.22,154.9367
,1434,20.31,29.4867,44.5533,56.35,68.2733,79.1933,88.5867,97.9133,106.9633,115.7433,122.9033,131.5,139.1133,147.9933,155.9933
,1437,20.4,29.4167,44.72,56.3167,68.5867,79,88.8567,98.3567,107.1933,116.16,123.6367,131.07,139.7733,147.8433,156.1933
,1440,20.2667,29.6933,44.5567,57.12,69.03,79.1533,89.4333,98.0667,107.5467,115.87,123.78,131.7767,139.9833,148.4367,155.71
,1443,20.7267,29.6167,44.8767,56.91,68.9433,79.7233,89.61,98.6933,107.8733,116.05,123.9667,132.4867,141.2367,149.6,156.5767
,1446,20.6733,29.7733,45.3667,57.35,69.2267,79.7467,89.6833,99.5333,107.78,116.92,124.2633,133.5833,141.4267,149.2267,156.5067
,1449,20.65,29.7833,45.4467,57.6867,69.2633,79.89,90.2733,99.1967,108.4667,117.4533,125.42,133.36,141.8067,149.6567,157.5767
,1452,20.87,29.9733,45.4867,57.9833,69.4667,80.0967,89.95,99.4033,109.04,117.2067,125.2067,134.0433,141.93,150.2733,157.6133
,1455,20.87,30.07,45.68,57.9433,69.6433,80.1433,89.9267,99.8633,109.0233,117.9833,125.63,134.3367,142.8567,150.2267,157.76
,1458,20.8933,30.1867,45.8033,57.9667,70.0967,80.4067,90.77,100.32,109.65,117.9667,125.8567,134.5633,142.5767,150.9567,158.07
,1461,21.0733,30.22,45.8033,58.1767,70.1,80.5033,90.4833,100.54,109.8767,118.6767,126.4533,134.42,143.05,151.62,159.3867
,1464,21.04,30.4533,45.92,58.3567,70.2833,80.9767,91.0767,101.2033,109.9333,118.4567,126.5633,134.88,143.0733,152.02,159.29
,1467,21.1533,30.4133,46.15,58.48,70.69,81.2333,91.3167,100.94,110.2033,118.76,126.7933,135.8233,144.0933,152.2833,160.3567
,1470,21.1533,30.8,46.1667,58.9467,70.96,81.5333,91.7167,101.8133,110.7433,119.1133,127.04,135.62,144.4167,152.5433,160.85
,1473,21.52,30.8767,46.0267,58.7567,71.03,81.91,92.2433,102.08,110.7367,120.02,127.0867,136.0567,144.7733,152.33,160.6933
,1476,21.4933,30.8533,46.46,59.3833,71.6367,82.02,92.2,102.1233,111.3567,120.27,127.5467,136.9033,145.05,153.2933,161.7367
,1479,21.52,31.2,46.4867,59.7167,71.5433,82.3067,92.47,102.15,111.3033,120.8667,128.53,136.92,145.4633,154.56,161.65
,1482,21.7633,31.3,46.8367,59.8333,71.8867,82.3733,92.8133,102.8467,111.73,120.5567,128.9233,137.61,145.5367,153.8233,162.0133
,1485,21.6367,31.5167,46.9,60.1367,71.8967,82.6433,92.5933,102.84,112.6333,121.8767,129.6733,137.8767,146.6367,154.58,163.3
,1488,21.82,31.6733,47.26,60.1933,72.11,82.9167,92.9933,103.0033,112.4133,121.61,129.8567,138.3467,146.4633,155.9,163.46
,1491,21.67,31.6267,47.1133,60.23,72.26,82.6967,93.4467,103.5933,113.4867,122.1667,129.6733,138.7433,147.2433,155.56,164.03
,1494,21.9633,31.5467,47.25,60.3733,72.68,83.3767,93.7533,103.8833,113.4267,121.9633,130.5433,138.4767,147.4233,156.6033,164.0733
,1497,21.9833,31.5167,47.4,60.64,72.6367,83.2967,94.15,104.26,113.8367,122.6167,130.7067,139.6967,147.74,156.6233,164.8833
,1500,22.2767,31.5767,47.4533,60.57,72.8233,83.6167,94.11,104.07,113.9833,122.36,131.5133,139.7633,148.34,156.53,164.9367
