3injectors,17,794,,Injector:O445B29993_00,,,,,,,,,,,,
,,250000,300000,400000,500000,600000,700000,800000,900000,1000000,1100000,1200000,1300000,1400000,1500000,1600000
,121,0,0,0,0,0,0,0,0,0,0,0,0,0,0.51,0.72
,124,0,0,0,0,0,0,0,0,0,0,0,0,0.223333333,0.79,1.1333
,127,0,0,0,0,0,0,0,0,0,0,0,0,0.513333333,1.09,1.4933
,130,0,0,0,0,0,0,0,0,0,0,0,0.1967,1.176666667,1.6433,2.38
,133,0,0,0,0,0,0,0,0,0,0,0.0667,0.75,1.536666667,2.2,2.45
,136,0,0,0,0,0,0,0,0,0,0,0.47,1.2433,2.06,2.49,2.6267
,139,0,0,0,0,0,0,0,0,0,0.2633,0.7633,1.6467,2.35,2.68,2.6967
,142,0,0,0,0,0,0,0,0,0,0.4433,1.1067,1.9233,2.583333333,2.5567,2.5167
,145,0,0,0,0,0,0,0,0,0.1233,0.83,1.41,2.17,2.713333333,2.5167,2.1833
,148,0,0,0,0,0,0,0,0,0.36,1.0633,1.7267,2.4767,2.71,2.2133,2.1167
,151,0,0,0,0,0,0,0,0.0267,0.5667,1.2733,1.9233,2.5433,2.376666667,2.1167,1.84
,154,0,0,0,0,0,0,0,0.3033,0.9667,1.7,2.2933,2.5567,2.213333333,1.8,1.6033
,157,0,0,0,0,0,0,0.0267,0.6667,1.3533,1.99,2.49,2.32,1.963333333,1.6733,1.5233
,160,0,0,0,0,0,0,0.21,0.9133,1.73,2.2133,2.4633,2.0867,1.796666667,1.5767,1.4367
,163,0,0,0,0,0,0.0133,0.5133,1.2033,1.8633,2.2933,2.3067,1.9367,1.713333333,1.4767,1.34
,166,0,0,0,0,0,0.1633,0.79,1.4667,2.0733,2.4633,2.1867,1.8267,1.633333333,1.37,1.3133
,169,0,0,0,0,0,0.4,0.8967,1.6033,2.2567,2.4067,1.99,1.77,1.563333333,1.3267,1.1733
,172,0,0,0,0,0.0133,0.6667,1.2433,1.88,2.35,2.2133,1.8967,1.5733,1.436666667,1.3433,1.16
,175,0,0,0,0,0.2367,0.8967,1.4533,2.0733,2.31,2.0567,1.7533,1.56,1.396666667,1.2,1.09
,178,0,0,0,0,0.43,1.16,1.6733,2.16,2.1433,1.8933,1.62,1.4767,1.33,1.16,1.0267
,181,0,0,0,0.04,0.62,1.2267,1.8667,2.2133,1.9633,1.77,1.55,1.37,1.286666667,1.16,1.0633
,184,0,0,0,0.08,0.8033,1.4667,1.8833,2.03,1.92,1.7133,1.4767,1.37,1.243333333,1.1333,1.0067
,187,0,0,0,0.25,1,1.5333,2.0033,1.99,1.7967,1.6333,1.4233,1.33,1.2,1.1467,0.9967
,190,0,0,0.0133,0.43,1.0933,1.6467,1.99,1.8367,1.7267,1.5933,1.3833,1.2833,1.186666667,1.0667,0.9933
,193,0,0,0.0533,0.5267,1.2567,1.77,1.8967,1.7667,1.58,1.51,1.2967,1.3,1.186666667,1.0767,0.9833
,196,0,0,0.1233,0.72,1.45,1.7967,1.7133,1.5933,1.58,1.4367,1.33,1.2567,1.173333333,1.0933,0.9533
,199,0,0,0.3167,0.8867,1.5767,1.7433,1.6033,1.58,1.5233,1.4767,1.2867,1.1733,1.186666667,1.05,0.97
,202,0,0,0.3867,1.0267,1.6067,1.7267,1.4933,1.5367,1.45,1.41,1.3567,1.2,1.146666667,1.1467,1.0633
,205,0,0.0133,0.5267,1.0933,1.6333,1.58,1.4633,1.4367,1.41,1.3967,1.2133,1.2133,1.213333333,1.1067,1.05
,208,0,0.0133,0.5533,1.1867,1.6067,1.5933,1.41,1.4367,1.4933,1.4233,1.3267,1.2133,1.23,1.1467,0.9667
,211,0,0.0933,0.7067,1.2433,1.5633,1.4367,1.41,1.41,1.4633,1.3833,1.27,1.1867,1.23,1.1733,1.1333
,214,0,0.14,0.75,1.37,1.5467,1.41,1.3833,1.4233,1.4233,1.41,1.3,1.27,1.3,1.2167,1.1733
,217,0,0.1633,0.79,1.3133,1.41,1.37,1.3833,1.41,1.41,1.3833,1.2567,1.2267,1.286666667,1.2867,1.2433
,220,0.0533,0.2633,0.87,1.3567,1.3567,1.34,1.37,1.3833,1.4233,1.3967,1.3433,1.2567,1.366666667,1.3433,1.3433
,223,0.0933,0.3167,0.95,1.2267,1.37,1.3133,1.37,1.37,1.3967,1.45,1.37,1.3967,1.356666667,1.3567,1.4233
,226,0.08,0.33,0.91,1.1867,1.2567,1.2267,1.3133,1.3967,1.37,1.4633,1.3533,1.3567,1.423333333,1.4233,1.4367
,229,0.14,0.3167,0.8167,1.2867,1.2267,1.2567,1.34,1.3267,1.45,1.5033,1.3967,1.5033,1.493333333,1.49,1.53
,232,0.1533,0.4,0.8567,1.1733,1.27,1.3567,1.37,1.3967,1.4233,1.49,1.4767,1.5233,1.53,1.5467,1.7133
,235,0.1667,0.4,0.75,1.0667,1.24,1.27,1.3267,1.3967,1.41,1.4933,1.5033,1.6067,1.62,1.6433,1.7833
,238,0.21,0.37,0.7233,1.1467,1.2433,1.2267,1.3567,1.37,1.5467,1.5633,1.5767,1.6033,1.673333333,1.8267,1.9767
,241,0.2633,0.3433,0.7633,1.1067,1.2433,1.3433,1.37,1.4367,1.5467,1.58,1.6867,1.7533,1.883333333,1.95,2.2133
,244,0.17,0.37,0.7333,1.08,1.2133,1.2133,1.3967,1.4767,1.5467,1.66,1.7267,1.9633,2.043333333,2.0567,2.2933
,247,0.2233,0.3567,0.7633,1.0267,1.2133,1.2133,1.3133,1.4367,1.62,1.7133,1.8133,1.9633,2.13,2.24,2.53
,250,0.2233,0.29,0.7367,1.04,1.3,1.34,1.3833,1.4633,1.7,1.78,1.84,2.0733,2.24,2.39,2.6567
,253,0.1967,0.3433,0.72,1.04,1.2,1.27,1.41,1.5633,1.7267,1.8833,1.95,2.2267,2.38,2.5433,2.8633
,256,0.22,0.3433,0.75,1,1.2567,1.3433,1.3833,1.5933,1.8133,1.8967,2.0167,2.28,2.623333333,2.7533,3.1267
,259,0.14,0.3033,0.7067,1.01,1.2133,1.3133,1.4633,1.58,1.8267,1.99,2.2567,2.42,2.653333333,2.82,3.3767
,262,0.1533,0.33,0.6933,1.0533,1.2,1.3133,1.5633,1.7133,2.0167,2.1733,2.3767,2.6167,2.92,3.18,3.7633
,265,0.1533,0.33,0.69,1.0533,1.3567,1.4233,1.5933,1.8433,2.1433,2.2267,2.6167,2.9167,3.166666667,3.4833,4.1067
,268,0.14,0.3167,0.7367,1.0533,1.24,1.3833,1.58,1.87,2.2533,2.4333,2.6533,3.0967,3.486666667,3.65,4.4533
,271,0.1367,0.33,0.6767,1.04,1.3133,1.4367,1.7133,2.03,2.3067,2.5033,2.78,3.26,3.55,3.8833,4.85
,274,0.18,0.3167,0.71,1.1333,1.37,1.48,1.6867,2.1733,2.4767,2.6833,3.0267,3.47,3.856666667,4.19,5.2267
,277,0.1533,0.3167,0.72,1.1067,1.3967,1.5333,1.7267,2.1433,2.6233,2.8367,3.11,3.5933,3.87,4.2733,5.7667
,280,0.1367,0.3167,0.7067,1.04,1.3967,1.5767,1.9367,2.31,2.8633,2.9733,3.3733,3.8433,4.186666667,4.7033,6.4833
,283,0.17,0.3033,0.7367,1.1467,1.41,1.62,1.95,2.42,2.97,3,3.4733,4.08,4.45,5.2667,7.48
,286,0.1367,0.3033,0.7467,1.1867,1.5233,1.7267,2.1133,2.6667,3.1667,3.32,3.94,4.51,4.923333333,5.78,8.85
,289,0.14,0.3567,0.7633,1.1733,1.59,1.8133,2.2133,2.9433,3.1933,3.2667,4.31,5.27,5.53,6.75,9.28
,292,0.1533,0.3167,0.7767,1.2,1.62,1.8433,2.34,3.0133,3.2933,3.47,4.69,5.7267,6.196666667,7.3967,10.48
,295,0.17,0.3433,0.8033,1.27,1.69,1.9633,2.4733,3.0833,3.4033,3.61,4.9367,6.0867,6.886666667,8.2967,11.0733
,298,0.18,0.37,0.8167,1.2,1.7433,2.03,2.57,3.1267,3.4567,3.8833,5.5433,6.8033,7.33,9.36,11.5733
,301,0.1367,0.33,0.83,1.3,1.7733,2.0867,2.68,3.14,3.6367,4.4133,6.2467,7.3133,8.27,9.9533,12.14
,304,0.1533,0.3433,0.83,1.3833,1.81,2.31,2.7367,3.35,3.8967,4.9767,6.5967,7.8967,8.92,10.7,12.5167
,307,0.18,0.37,0.8567,1.3967,1.95,2.3533,2.7933,3.4833,4.1733,5.6567,7.1367,8.5167,9.803333333,11.2,12.7633
,310,0.2367,0.43,0.9533,1.4233,2.0167,2.4633,3.1,3.9267,4.95,6.57,8.0067,9.2233,10.20333333,11.9333,12.64
,313,0.17,0.4267,0.94,1.5767,2.0867,2.6133,3.3067,4.5767,5.6167,7.1633,8.5467,9.69,11.02,12.2233,12.8867
,316,0.2367,0.4133,1.0233,1.66,2.1833,2.8333,3.6233,4.8833,6.1933,7.8667,9.1,10.2733,11.38,12.3467,12.7467
,319,0.2233,0.4433,1.0533,1.66,2.2533,2.92,3.8567,5.2967,6.5667,8.1733,9.4433,10.5533,11.74,12.14,12.8867
,322,0.25,0.5,1.0533,1.7,2.38,3.14,4.3133,5.8467,7,8.3633,9.69,10.73,11.63,12.18,12.9167
,325,0.2767,0.4833,1.1333,1.7567,2.5167,3.4867,4.5767,6.39,7.3033,8.5467,9.8433,10.8867,11.57333333,12.0433,13.04
,328,0.2767,0.54,1.1733,1.7967,2.67,3.8,5.1467,6.4567,7.6167,8.7533,9.9,10.9533,11.53333333,12.32,13.15
,331,0.29,0.5967,1.2567,1.87,3.0433,4.1333,5.5467,6.6933,7.7567,8.8067,9.9567,10.94,11.44666667,12.32,13.4533
,334,0.3167,0.5533,1.34,2.0733,3.3167,4.6,6.0167,7.18,7.8133,8.92,10.1633,10.73,11.49,12.43,13.65
,337,0.3167,0.6333,1.3267,2.13,3.5933,4.84,6.1933,7.2467,7.9367,8.99,10.1067,11.05,11.84,12.7067,13.8133
,340,0.3167,0.72,1.5067,2.38,3.9267,5.06,6.43,7.2467,7.9767,9.06,10.1467,11.06,11.83666667,12.86,14.2567
,343,0.3433,0.7767,1.5767,2.5867,4.11,5.23,6.4967,7.3,8.1167,9.1133,10.2767,10.9633,11.78,12.9567,14.3667
,346,0.4167,0.7333,1.6333,2.89,4.3267,5.35,6.6533,7.3567,8.1733,9.31,10.3967,11.31,11.99,13.2033,14.5633
,349,0.4167,0.75,1.8267,3.1267,4.36,5.43,6.65,7.4133,8.2867,9.3467,10.51,11.3933,12.16666667,13.44,14.88
,352,0.4,0.8967,2.0433,3.39,4.52,5.56,6.6933,7.4833,8.3,9.3767,10.66,11.3133,12.19666667,13.6867,15.3933
,355,0.4433,0.9667,2.2133,3.5833,4.59,5.5867,6.7333,7.5767,8.3933,9.5967,10.7433,11.45,12.4,13.9633,15.71
,358,0.58,1.0267,2.4067,3.7733,4.7,5.6933,6.7067,7.6867,8.7133,9.76,11.0067,11.8233,12.82,14.45,16.3033
,361,0.58,1.2,2.57,3.8567,4.73,5.7667,6.8833,7.7967,8.78,10.01,11.1467,12.1133,13.09333333,14.9167,16.8033
,364,0.6333,1.1867,2.6367,3.9533,4.77,5.78,6.9267,7.8667,8.8933,10.1467,11.53,12.2533,13.52,15.4467,17.3833
,367,0.7333,1.3567,2.6533,3.94,4.73,5.8767,6.97,7.98,9.0967,10.43,11.6167,12.64,13.95,15.6833,17.89
,370,0.8167,1.4233,2.8333,4.01,4.8533,5.89,7.0233,8.0767,9.21,10.6333,11.7267,12.9567,14.24333333,16.2367,18.24
,373,0.79,1.4633,2.7933,4.0233,4.8833,5.96,7.1933,8.2967,9.2367,10.83,12.0433,12.9267,14.56,16.44,18.7067
,376,0.8833,1.52,2.82,4.08,4.9367,6.1,7.2467,8.34,9.5533,11.0767,12.1833,13.26,15.1,17.0767,19.3333
,379,1,1.6067,2.8867,4.12,4.98,6.1,7.2867,8.5167,9.7633,11.2,12.4033,13.65,15.32,17.5233,19.83
,382,0.9233,1.66,2.96,4.19,5.0867,6.28,7.4567,8.6567,10.11,11.7967,12.8867,14.0067,16.32,18.5833,21.0867
,385,1,1.6867,2.97,4.2033,5.16,6.4167,7.6033,8.9067,10.3133,12.0033,13.2333,14.5733,16.77,19.07,21.4867
,388,1.0267,1.6733,2.8867,4.23,5.23,6.47,7.7567,9.0267,10.6333,12.3167,13.6867,15.1967,17.31333333,19.6767,22.1533
,391,1.0267,1.6333,3.0167,4.36,5.2833,6.51,7.8267,9.21,10.7867,12.5833,13.9133,15.6267,17.67333333,19.98,22.61
,394,1.0533,1.7133,3.0567,4.3733,5.4633,6.6533,8.0633,9.3767,11.1333,13.0267,14.2533,15.79,18.47666667,20.88,23.2433
,397,1.0267,1.78,3.0567,4.4,5.43,6.7633,8.1033,9.5267,11.42,13.37,14.63,16.3333,18.77666667,21.1,23.9933
,400,1.0267,1.7133,3.0967,4.44,5.5733,6.83,8.2733,9.68,11.81,13.58,15.1533,17.05,19.27333333,21.7367,24.2267
,403,1.1467,1.7833,3.18,4.56,5.64,7.0233,8.4467,9.93,11.9467,13.9267,15.3767,17.2433,19.52333333,22.4833,24.9033
,406,1.1067,1.8133,3.21,4.6,5.8767,7.1933,8.6967,10.2867,12.5,14.56,15.8333,17.8667,20.81,23.1333,25.97
,409,1.1333,1.8433,3.2933,4.7433,5.85,7.37,8.9067,10.7033,12.93,15.17,16.65,18.75,21.42,24.0733,26.73
,412,1.1733,1.8433,3.3333,4.81,6.0733,7.5233,9.1267,10.9667,13.3967,15.4733,17.2467,19.4967,22.11,24.56,27.1533
,415,1.1467,1.8967,3.3333,4.8533,6.0967,7.5767,9.3867,11.24,13.5933,15.9167,17.7,20.1733,22.69,25.0833,27.71
,418,1.1733,1.8567,3.47,4.98,6.2767,7.76,9.54,11.6833,13.9933,16.26,18.24,20.6067,23.13333333,25.6067,28.2767
,421,1.1867,1.95,3.43,4.98,6.3333,7.88,9.8167,11.9367,14.3933,16.54,18.6533,21.17,23.52,26.1067,28.3067
,424,1.1867,1.9767,3.5267,5.1567,6.53,8.1033,10.04,12.1233,14.77,17.01,19.39,21.89,24.06,26.3967,28.8167
,427,1.2267,2.0033,3.5833,5.2267,6.6633,8.37,10.3167,12.5833,15.21,17.4367,19.7733,22.25,24.36333333,26.66,29.2733
,430,1.24,2.0567,3.6767,5.31,6.8433,8.8767,10.7433,13.3567,15.8067,18.1167,20.26,22.69,25.14,27.3533,29.6567
,433,1.3267,2.0167,3.7567,5.42,7.0667,8.9067,11.17,13.7033,16.4833,18.4033,20.99,23.3133,25.61333333,27.8367,29.81
,436,1.3267,2.0867,3.87,5.5333,7.29,9.17,11.35,14.3667,17.01,18.8867,21.3667,23.7133,25.98,28.1533,30.24
,439,1.3433,2.1,3.9267,5.5867,7.2867,9.4733,11.7,14.5767,17.44,19.3867,21.7367,24.0467,26.41333333,28.22,30.4067
,442,1.3967,2.2,3.9533,5.78,7.6067,9.6933,12.02,15.07,17.8767,19.9933,21.9167,24.2567,26.64666667,28.72,30.52
,445,1.3833,2.1433,4.0667,5.9167,7.7567,9.9733,12.36,15.3233,18.1433,20.16,22.2633,24.39,26.66,28.68,30.77
,448,1.4367,2.24,4.1367,6,8.01,10.3433,12.78,15.68,18.46,20.7567,22.5667,24.64,27.03333333,28.8567,31.29
,451,1.4233,2.28,4.26,6.1667,8.1733,10.4967,13.0933,15.9867,18.7233,20.7533,22.5633,24.9167,27.10333333,29.19,31.57
,454,1.56,2.31,4.4,6.5267,8.6267,10.95,13.58,16.58,19.3567,20.9067,22.9833,25.69,27.53333333,30.02,31.9
,457,1.5067,2.38,4.52,6.64,8.92,11.4367,14.01,16.8433,19.5367,21.2,23.3667,25.65,28.01666667,30.0467,32.3033
,460,1.6067,2.4633,4.6167,6.8267,9.2367,11.6867,14.23,17.1033,19.7167,21.5167,23.4767,26.0667,28.08666667,30.3767,32.5933
,463,1.6467,2.5033,4.6633,6.9967,9.4867,11.9467,14.2967,17.3267,19.8167,21.5733,23.6167,26.33,28.30333333,30.53,32.73
,466,1.6033,2.61,4.8833,7.2733,9.68,12.1233,14.5467,17.49,20.05,21.7367,23.95,26.26,28.52666667,31.0333,32.9233
,469,1.7133,2.67,5.02,7.4267,9.98,12.2367,14.7267,17.5767,20.1867,22.2067,24.1833,26.7267,28.72333333,31.1933,33.2433
,472,1.7733,2.6967,5.06,7.63,10.08,12.3067,14.85,17.9067,20.3433,22.2067,24.35,26.66,29.02666667,31.24,33.3367
,475,1.7267,2.74,5.3533,7.8533,10.1367,12.3767,15.0867,18.2,20.48,22.51,24.6433,26.9933,29.27333333,31.9267,33.75
,478,1.8967,2.9167,5.52,8.1433,10.3833,12.64,15.2233,18.4867,20.44,22.7167,24.9033,27.5467,29.78333333,31.8033,34.1533
,481,1.9333,3.0967,5.6567,8.1867,10.55,12.8467,15.5133,18.4867,20.7,23.0667,24.9433,27.42,30.00666667,31.8833,34.5567
,484,1.9767,3.1967,5.8233,8.3133,10.62,12.9833,15.7633,18.7767,21.0033,23.27,25.4033,27.78,30.21333333,32.6467,35.15
,487,2.0433,3.32,5.9867,8.4067,10.7733,13.08,15.8367,18.7333,21.0867,23.5633,25.7233,28.4433,30.28,32.8533,35.2767
,490,2.13,3.2767,6.0433,8.46,10.9,13.19,16.0667,19.01,21.4333,23.77,25.6933,28.3333,30.6,33.09,35.4833
,493,2.1,3.4733,6.0867,8.4867,10.87,13.3567,16.29,19.3033,21.42,23.9233,26.1333,28.54,31.05666667,33.4067,35.83
,496,2.24,3.47,6.1133,8.6567,11.06,13.4533,16.3467,19.4567,21.6967,23.9333,26.3167,28.7233,31.58333333,33.7267,36.1333
,499,2.2667,3.5833,6.2233,8.6267,11.12,13.65,16.4967,19.5933,21.82,24.1133,26.6033,28.97,31.62666667,33.9433,36.5033
,502,2.3367,3.7167,6.3033,8.78,11.2133,13.7433,16.6367,19.7733,22.03,24.3633,26.95,29.5633,31.74666667,34.3333,36.8667
,505,2.45,3.77,6.3467,8.9467,11.3933,13.8567,16.9933,19.95,22.2633,24.4767,27.0333,29.69,32.24666667,34.7467,37.32
,508,2.49,3.7433,6.4567,9.0267,11.63,14.2567,17.27,20.3,22.7333,25.0967,27.5033,30.0333,32.46666667,35.2733,37.71
,511,2.57,3.7767,6.57,9.1133,11.7,14.3233,17.5333,20.4067,22.8,25.33,27.9067,30.6167,32.98,35.8567,38.3333
,514,2.5567,3.8467,6.5233,9.2633,11.78,14.5467,17.7933,20.66,23.08,25.4967,27.97,30.74,33.46333333,35.94,38.3967
,517,2.6667,3.9133,6.64,9.3033,12.0167,14.7567,18.0433,20.8367,23.3567,25.7467,28.3467,31.0567,33.79333333,36.4633,38.91
,520,2.68,3.9267,6.7333,9.3067,12.0867,14.88,18.28,21.1167,23.4767,26.0667,28.83,31.97,34.07,37.0333,39.3933
,523,2.6433,4.0367,6.7733,9.4433,12.1967,15.0433,18.42,21.0733,23.6333,26.27,28.98,31.5433,34.52666667,37.1433,39.8667
,526,2.6967,4.0233,6.8733,9.5533,12.3733,15.2233,18.71,21.3767,23.81,26.63,29.3833,32.08,34.66333333,37.5967,40.39
,529,2.6833,4.0533,6.9567,9.75,12.71,15.36,19.0533,21.5867,24.2,26.84,29.9067,32.37,35.23333333,38.4533,40.7933
,532,2.82,4.1767,7.08,9.97,12.8067,15.85,19.3167,22.07,24.71,27.46,30.3233,33.0767,35.81333333,39.0067,41.7333
,535,2.78,4.1333,7.18,10.1067,13.0133,15.9867,19.5667,22.4133,24.9867,28.04,30.7667,33.3133,36.41,39.71,42.2167
,538,2.85,4.2867,7.2333,10.2333,13.15,16.29,19.98,22.5967,25.19,28.25,30.9333,34.0867,36.99,39.9367,42.7533
,541,2.7667,4.2867,7.3567,10.3167,13.3467,16.4967,20.1067,22.94,25.5267,28.43,31.53,34.5967,37.66666667,40.6,42.9033
,544,2.8367,4.3567,7.4667,10.51,13.4533,16.7033,20.3433,23.1333,25.8033,28.9133,31.83,34.93,37.84666667,40.9867,43.7233
,547,2.8867,4.3967,7.4967,10.66,13.69,16.9667,20.6433,23.2867,26.0933,29.2467,32.3533,35.8133,38.47,41.22,43.79
,550,2.8333,4.4533,7.5367,10.76,13.8833,17.23,20.8267,23.7733,26.4533,29.5933,32.5667,35.8233,38.92666667,41.8567,44.22
,553,3.0033,4.4533,7.66,10.91,13.9933,17.3667,21.1967,24.1167,26.66,29.9233,32.94,36.2533,39.51666667,42.3533,44.8133
,556,3,4.6333,7.8667,11.2167,14.24,17.8833,21.4767,24.6267,27.42,30.67,33.4767,36.85,40.08666667,42.7167,45.45
,559,3.07,4.77,7.9067,11.42,14.6033,18.35,21.9333,24.8067,27.7933,31.1267,34.0833,37.8033,40.79333333,43.5133,46.1833
,562,3.0967,4.8233,8.1433,11.5433,14.8633,18.6133,22.19,25.1833,28.22,31.6933,34.7233,38.37,41.37333333,43.75,46.6133
,565,3.14,4.8667,8.1733,11.78,15.1967,18.8333,22.5533,25.4967,28.47,31.82,34.8033,38.7167,41.66333333,44.1667,46.93
,568,3.2233,4.9067,8.2267,11.9067,15.3633,19.2633,22.8133,25.69,28.9,32.59,35.55,39.2033,42.13,44.5633,47.44
,571,3.3333,5.0067,8.3933,12.1533,15.6267,19.4433,22.9233,25.9267,29.2867,32.6733,35.8967,39.0933,42.49333333,45.0233,47.79
,574,3.3333,5.06,8.6033,12.28,15.8767,19.76,23.3,26.4667,29.5933,33.16,36.4767,39.8367,42.49333333,45.3967,48.08
,577,3.29,5.2267,8.6267,12.4733,16.11,19.8967,23.63,26.7033,29.98,33.42,36.6967,39.9333,42.97666667,45.67,48.4
,580,3.4267,5.2967,8.92,12.9267,16.4167,20.3267,23.77,26.9233,30.3367,33.6833,37.4633,40.6267,43.40333333,45.95,49.1167
,583,3.5,5.31,9.0867,13.1367,16.84,20.6867,24.3267,27.3767,30.78,34.2233,37.5033,41.0433,45.19,46.6833,49.46
,586,3.6367,5.5033,9.1967,13.29,17.09,20.9367,24.5867,27.81,31.28,34.4733,37.9967,41.7167,44.68,47.0433,49.9167
,589,3.57,5.6,9.3467,13.51,17.27,21.2267,24.6533,27.92,31.32,35.0967,38.37,41.9,45.17666667,47.2633,50.33
,592,3.7733,5.6267,9.4467,13.8267,17.4633,21.3533,24.8467,28.1833,31.72,35.4533,38.7433,42.0367,45.64666667,47.6067,50.7067
,595,3.7867,5.74,9.69,13.83,17.74,21.6267,24.9433,28.32,32.0933,35.6767,39.16,42.34,46.03333333,47.9133,50.7467
,598,3.7567,5.8633,9.76,14.1167,17.8533,21.7233,25.3433,28.5533,32.3,35.8267,39.4767,42.96,45.97666667,48.1467,51.2
,601,3.8833,5.93,9.8867,14.1767,18.0567,21.9867,25.3733,28.6767,32.6767,36.38,39.8933,42.9733,46.33666667,48.34,51.5767
,604,3.98,5.9867,10.0933,14.3633,18.2933,22.1667,25.69,29.1633,32.9933,36.8267,40.03,43.3933,46.72333333,48.7967,51.8967
,607,4.0633,6.1933,10.2733,14.5333,18.5433,22.39,25.9433,29.37,33.27,37.03,40.7367,43.89,46.82,49.5033,52.5033
,610,4.1367,6.28,10.48,14.73,18.7233,22.69,26.1467,29.66,33.8633,37.7233,41.14,44.65,47.15333333,49.9733,53.1933
,613,4.3433,6.3767,10.59,14.8933,18.8033,22.8033,26.2867,29.77,33.85,38.0967,41.58,44.8567,47.81333333,50.3867,53.5533
,616,4.2733,6.5267,10.7467,15.0067,18.9433,22.87,26.5767,30.0767,34.1667,38.4133,41.8133,45.3267,48.23333333,50.6367,53.79
,619,4.3167,6.6633,10.8133,15.18,19,23.12,26.84,30.27,34.72,38.25,42.0067,45.3933,48.38666667,51.0767,54.2867
,622,4.44,6.7333,10.94,15.3067,19.3467,23.31,27.0033,30.31,34.6767,38.7433,42.2833,45.95,49.19666667,51.3833,54.81
,625,4.5333,6.72,11.09,15.43,19.5667,23.6033,27.3233,30.89,34.9967,39.09,42.4933,46.1133,49.06,51.84,55.0767
,628,4.55,6.8167,11.1867,15.5967,19.7167,23.7267,27.42,30.92,35.08,39.34,42.9467,46.7267,49.46,52.2,55.42
,631,4.6467,6.9567,11.3933,15.76,19.87,23.88,27.7533,31.3767,35.3733,39.91,43.3233,47.65,50.13666667,52.6167,55.8533
,634,4.7167,7.01,11.4933,15.9033,20.23,24.2367,27.8667,31.6933,36.0067,40.3633,43.6967,47.0267,50.54,53.0033,56.6367
,637,4.7567,7.1233,11.5867,16.0667,20.3433,24.5733,28.2367,32.1333,36.31,40.6133,44.2067,47.5433,50.9,53.5533,56.8167
,640,4.88,7.19,11.7367,16.2367,20.6567,24.8467,28.6067,32.2333,36.4333,40.86,44.6633,48.0267,51.17666667,53.9267,57.1767
,643,4.9633,7.3567,11.78,16.43,20.88,24.92,28.6933,32.84,36.92,41.15,45.01,48.4,51.56666667,54.1367,57.5367
,646,4.9367,7.4933,11.9233,16.5767,21.0033,25.1267,29.0067,33.0767,37.1433,41.1967,45.1067,49.16,51.81333333,54.5767,57.98
,649,5.0333,7.5233,12.03,16.7467,21.2267,25.33,29.29,33.4933,37.3633,41.6067,45.59,49.3933,52.10333333,54.9233,58.16
,652,5.1867,7.6167,12.11,16.9133,21.3367,25.5933,29.3567,33.6,37.71,42.0367,45.7167,49.3767,52.58666667,55.38,58.2267
,655,5.27,7.6333,12.22,17.0367,21.57,25.9,29.7533,33.7933,38.04,42.27,46.21,49.6,52.87666667,55.8067,58.1733
,658,5.2567,7.73,12.4133,17.2833,21.8067,26.1933,29.9067,34.0567,38.6067,42.81,46.57,50.5533,53.40333333,55.9433,58.73
,661,5.3933,7.9367,12.5967,17.4933,22.22,26.4367,30.2667,34.82,38.8833,42.81,47.1367,50.9367,53.76333333,56.36,59.2667
,664,5.45,7.9533,12.9167,17.66,22.51,26.7267,30.7767,35.01,39.3267,43.4067,47.6667,50.8967,53.9,56.8433,59.47
,667,5.4633,8.05,13.0433,17.7967,22.7033,26.9633,31.1833,35.3467,39.7133,43.57,47.9567,51.23,54.15,56.8867,59.5
,670,5.52,7.9933,13.2367,17.9367,22.9833,27.2267,31.14,35.5933,40.0033,44.11,48.2867,51.6467,54.35666667,57.22,59.6367
,673,5.74,8.17,13.3967,18.1033,23.0367,27.3367,31.3767,36.02,40.29,44.5,48.6033,51.8833,54.92666667,57.2067,59.6533
,676,5.7367,8.3133,13.47,18.31,23.26,27.63,31.72,36.02,40.5167,44.7467,49.06,52.1733,55.02,57.65,59.7767
,679,5.67,8.34,13.58,18.5433,23.2967,27.92,31.9933,36.64,40.8167,44.72,49.2367,52.1433,54.96333333,57.7167,59.9567
,682,5.8067,8.4767,13.72,18.6667,23.6033,28.2633,32.2467,36.8233,41.3167,45.4233,49.46,52.56,55.45,57.9633,59.9433
,685,5.9467,8.6833,13.9,18.93,24.0467,28.3033,32.44,37.1,41.7167,45.4767,49.5433,53.0567,55.77,58.09,60.1233
,688,6,8.8533,14.1333,19.18,24.35,28.9133,32.9933,37.6533,42.0667,46.17,50.0733,53.4167,56.44666667,58.42,60.2733
,691,6.0833,8.78,14.2167,19.3333,24.49,29.12,33.1167,37.7633,42.2833,46.5333,50.1833,53.6267,56.26666667,58.5467,60.3433
,694,6.14,8.9867,14.2967,19.5233,24.71,29.1733,33.59,38.3033,42.45,46.9033,50.87,53.7067,56.41666667,58.52,60.3733
,697,6.28,9.03,14.3367,19.7033,24.9033,29.5633,33.7933,38.15,42.9467,47.07,51.0667,53.9567,56.47333333,58.7833,60.3433
,700,6.28,9.2367,14.5767,19.91,25.2367,29.8667,34.03,38.8733,43.1833,47.68,51.3433,54.47,56.77666667,58.9033,60.4133
,703,6.3767,9.24,14.7567,20.1767,25.36,30.01,34.2533,38.9667,43.3633,47.8267,51.48,54.5633,56.98333333,58.9067,60.62
,706,6.4867,9.29,14.8933,20.38,25.61,30.1567,34.3633,39.09,43.75,48.16,51.7967,54.66,57.27333333,59.07,60.5933
,709,6.54,9.32,15.0567,20.5733,25.8033,30.5333,34.86,39.5333,44.1267,48.44,51.98,54.7133,57.34333333,58.99,60.8433
,712,6.6633,9.61,15.39,20.99,25.9833,30.7067,35.1767,39.8667,44.3333,48.77,52.1267,55.1633,57.52333333,59.1933,60.7733
,715,6.6767,9.6633,15.5,21.14,26.2567,30.93,35.4433,40.1967,44.5933,49.0067,52.75,55.4367,57.84333333,59.4167,61.2033
,718,6.9,9.6767,15.6267,21.24,26.4533,31.24,35.55,40.4467,44.9267,49.2267,52.7933,55.49,57.99333333,59.46,61.12
,721,6.94,9.8033,15.7933,21.42,26.6167,31.32,35.8833,40.6133,45.1867,49.9067,53.0467,55.8067,57.99,59.5567,61.27
,724,7.0667,9.9567,15.9433,21.6267,26.73,31.2933,36.1433,41.0833,45.55,49.6967,53.2767,55.92,57.92333333,59.7367,61.27
,727,7.1633,9.9833,16.08,21.5967,27.0067,31.5267,36.2133,41.3433,45.9667,50.0267,53.5567,56.28,58.17333333,59.7367,61.4233
,730,7.2633,10.1633,16.07,21.7633,27.2667,31.82,36.5333,41.4167,46.1133,50.25,53.6367,56.3333,58.2,59.57,61.6567
,733,7.2067,10.12,16.3033,21.9467,27.4633,31.8467,36.6433,41.5367,46.0333,50.7467,53.8867,56.4333,58.25666667,59.7233,61.7
,736,7.4,10.3033,16.43,22.14,27.5033,32.2033,37.1567,41.8167,46.6,51.2567,54.4967,56.7033,58.42333333,59.94,61.9367
,739,7.5067,10.47,16.58,22.4133,27.89,32.44,37.3233,42.34,47.0833,51.19,54.37,56.76,58.66,60.0667,62.0733
,742,7.5633,10.48,16.8,22.65,28.1267,32.7567,37.54,42.3833,47.2767,51.45,54.77,57.1333,58.61666667,60.3833,62.32
,745,7.6467,10.54,16.8733,22.7167,28.3067,32.8167,37.7467,42.5067,47.36,51.7733,54.8533,57.14,58.74,60.4,62.5167
,748,7.8,10.7433,17.0367,22.8967,28.4567,33.0467,37.9267,43.18,47.8733,52.1733,55.19,57.15,58.85333333,60.4567,62.4467
,751,7.7167,10.7467,17.0767,23.0367,28.6667,33.1867,38.2033,43.2967,47.9967,52.1867,55.35,57.3167,58.97333333,60.48,62.6267
,754,7.7567,10.7467,17.2733,23.1433,28.79,33.38,38.3333,43.8067,48.2033,52.4067,55.6133,57.3867,58.97666667,60.7133,62.8867
,757,7.84,10.84,17.31,23.3133,28.8467,33.52,38.6467,43.8467,48.3133,52.5867,55.7267,57.5767,59.22333333,60.7733,63.0433
,760,8.0233,10.9933,17.4233,23.4633,29.0833,33.67,38.87,44.0867,48.7033,52.8467,55.7533,57.5233,59.29333333,61.1033,63.2467
,763,8.1033,10.9767,17.5367,23.63,29.33,34.1433,39.2,44.3433,49.1567,52.9767,55.9333,57.7567,59.41666667,61.2433,63.58
,766,8.1433,11.16,17.7567,24.0467,29.6467,34.42,39.42,44.9133,49.3933,53.4333,56.18,57.8933,59.62666667,61.2833,63.6067
,769,8.16,11.24,17.8633,24.0867,29.7567,34.4433,39.9033,45.23,49.8367,53.6233,56.2233,58.0333,59.76333333,61.59,63.72
,772,8.23,11.3233,18.0067,24.17,30.0033,34.93,40.2233,45.3567,50.2067,53.9567,56.4167,58.13,59.98333333,61.67,63.9933
,775,8.2167,11.4067,18.1167,24.46,30.0067,35.29,40.61,45.59,50.15,54.01,56.39,58.2033,59.94333333,61.85,64.01
,778,8.3533,11.49,18.2933,24.6567,30.31,35.51,40.75,46.02,50.54,54.12,56.43,58.4367,59.99666667,62.07,64.3667
,781,8.5333,11.5467,18.42,24.82,30.4733,35.6867,41.3167,46.5467,50.9533,54.1933,56.5267,58.5067,60.34,62.42,64.5467
,784,8.59,11.6,18.6967,24.9033,30.6833,35.8833,41.4133,46.4333,51.0933,54.4267,56.6633,58.4933,60.62,62.21,64.5333
,787,8.6133,11.74,18.8433,25.1267,30.9033,36.16,41.8133,46.7367,51.41,54.5233,56.7867,58.63,60.8,62.4433,64.7967
,790,8.6433,11.92,18.9967,25.4167,31.2233,36.6733,42.04,47.1233,51.7567,54.8133,56.8033,58.7133,61.05,62.7733,65.0867
,793,8.8233,12.0267,19.2367,25.58,31.46,36.8067,42.59,47.5133,52.0767,54.9933,56.9967,58.93,60.98333333,63.0133,65.3667
,796,8.88,12.1967,19.3867,25.8567,31.6633,37.03,42.8933,47.7767,52.1033,55.0067,57.1533,59.1133,61.19,63.1933,65.6
,799,8.9467,12.3033,19.6233,26.0667,31.8733,37.3167,43.2233,47.98,52.2833,55.12,57.2067,59.2233,61.40666667,63.3333,65.61
,802,9.0733,12.3333,19.7467,26.27,32.2033,37.6,43.3633,48.2733,52.57,55.1967,57.37,59.4733,61.48,63.54,65.78
,805,9.2233,12.46,19.8833,26.38,32.33,37.7233,43.35,48.55,52.6433,55.28,57.3433,59.57,61.47666667,63.68,65.93
,808,9.1933,12.57,20.0233,26.66,32.5367,38.3167,43.57,48.8367,52.8067,55.27,57.4933,59.57,61.89333333,63.76,66.0433
,811,9.3633,12.7333,20.2433,26.7833,32.7433,38.3833,43.9833,49.2133,52.9333,55.34,57.6867,59.71,61.97666667,64.02,66.11
,814,9.5033,12.8067,20.4,26.95,33.01,38.4667,44.2633,49.2233,53.17,55.45,57.8267,59.8733,62.14,64.0367,66.51
,817,9.5667,12.9433,20.6733,27.3667,33.13,38.76,44.6067,49.6833,53.21,55.6967,57.8967,60.1067,62.33666667,64.2733,66.7167
,820,9.6933,13.1767,20.9067,27.74,33.56,39.31,44.8967,49.8333,53.3733,55.8233,58.1033,60.26,62.39,64.59,66.7333
,823,9.83,13.1367,21.06,27.88,33.8367,39.4233,44.94,50.0833,53.47,56.0567,58.31,60.4133,62.58333333,64.7567,66.9667
,826,9.8333,13.2733,21.1433,27.9867,33.9033,39.6567,45.1467,50.4967,53.5133,56.0867,58.3933,60.5633,62.72333333,64.8667,66.9967
,829,9.9033,13.4667,21.3533,28.5267,34.14,39.8533,45.52,50.3733,53.68,56.24,58.4667,60.6767,63.01,65.0067,67.2433
,832,9.8867,13.5367,21.38,28.4567,34.35,39.8933,45.7967,50.54,53.9033,56.3333,58.56,60.7867,63.05333333,65.1267,67.4933
,835,9.9833,13.6633,21.56,28.65,34.4433,39.89,45.8933,50.8467,53.8033,56.4567,58.7267,61.08,63.20333333,65.3233,67.7567
,838,10.1333,13.8567,21.75,28.8567,34.6933,40.35,46.28,50.6767,53.9,56.4467,58.8667,61.16,63.25,65.5133,67.8267
,841,10.2333,13.98,21.8467,28.9967,34.9433,40.5433,46.28,50.9533,54.1467,56.5,59.0733,61.3533,63.37,65.64,68.0467
,844,10.44,14.1867,22.0133,29.3567,35.3467,40.8467,46.6267,51.19,54.0633,56.8167,59.2767,61.5767,63.66333333,65.8467,68.1033
,847,10.4833,14.2,22.22,29.4133,35.3567,41.15,46.9867,51.34,54.33,57,59.3633,61.7,63.92666667,66.1367,68.3267
,850,10.5367,14.4367,22.4133,29.5633,35.5133,41.5533,47.2767,51.45,54.3833,57.0133,59.4033,61.81,64.13333333,66.21,68.5567
,853,10.69,14.4667,22.6233,29.7133,35.88,41.44,47.5133,51.5333,54.4667,57.1933,59.5133,61.9767,64.32666667,66.4267,68.71
,856,10.7033,14.56,22.5967,29.73,35.9233,41.8,47.6633,51.8533,54.6333,57.5267,59.8067,62.1,64.46666667,66.6233,68.82
,859,10.7467,14.66,22.87,30.0333,36.1033,42.1067,47.7767,51.8667,54.6433,57.4,59.8467,62.24,64.63,66.5133,69.0567
,862,10.8133,14.8233,23.0067,30.17,36.38,42.2433,47.9533,52.0067,54.7567,57.6033,60.0633,62.57,64.75666667,66.8,69.0433
,865,10.8433,14.9067,23.0767,30.2833,36.52,42.55,48.12,52.1033,54.8667,57.7033,60.1233,62.53,64.90666667,66.9667,69.2933
,868,10.94,15.0167,23.19,30.4767,36.63,42.7567,48.5767,52.35,55.01,57.8033,60.3567,62.7233,64.99,67.0933,69.4567
,871,10.8967,15.1967,23.3833,30.7933,36.9067,43.0867,48.52,52.3767,55.0067,57.9367,60.4533,62.93,65.32333333,67.2733,69.87
,874,11.0167,15.29,23.52,31.0133,37.1967,43.35,48.84,52.38,55.3267,58.1733,60.72,63.1267,65.40666667,67.66,70.1333
,877,11.2167,15.43,23.62,31.14,37.4867,43.5267,49.06,52.52,55.6133,58.3667,60.8833,63.3867,65.55666667,67.7267,70.3133
,880,11.2267,15.5967,23.85,31.3633,37.7067,43.5967,49.1833,52.5267,55.5733,58.4767,61.0233,63.5133,65.75,67.85,70.5067
,883,11.1867,15.5833,23.9367,31.4167,37.9167,44.0667,49.14,52.6667,55.5867,58.63,61.2267,63.5267,65.84666667,68.0867,70.49
,886,11.3233,15.6667,24.0867,31.5533,38.01,44.1933,49.3367,52.6833,55.7833,58.77,61.34,63.72,65.97,68.31,70.5467
,889,11.3933,15.8033,24.2,31.6633,38.11,44.3733,49.57,52.71,55.8667,58.9733,61.45,63.8133,66.22,68.43,70.8533
,892,11.4767,15.8467,24.35,31.9033,38.26,44.5933,49.6567,52.85,55.9067,59.1967,61.55,63.9267,66.32,68.5967,71.0733
,895,11.5033,16.0567,24.4333,31.9933,38.59,44.7867,49.7367,52.99,56.2633,59.1533,61.7133,64.05,66.44333333,68.6133,71.3767
,898,11.6167,16.26,24.6967,32.3867,38.8967,45.16,49.7767,53.2633,56.58,59.57,62.0267,64.3567,66.60666667,69.0533,71.74
,901,11.7667,16.3433,24.96,32.3967,39.0767,45.4367,50.1667,53.35,56.6933,59.61,62.2367,64.56,66.89666667,69.28,71.71
,904,11.8767,16.4,25.0433,32.6367,39.27,45.5333,50.1367,53.5267,56.8167,59.86,62.3633,64.5333,67.13333333,69.4167,71.93
,907,11.89,16.5633,25.1533,32.8533,39.34,45.7,50.29,53.4467,56.8867,59.8467,62.4733,64.8667,67.20333333,69.6067,72.04
,910,12.0167,16.66,25.29,32.91,39.4233,45.7967,50.3333,53.6367,57.04,60.04,62.6133,64.8233,67.36666667,69.7767,72.2733
,913,12.0167,16.83,25.44,33.3533,39.63,45.99,50.3033,53.69,57.2867,60.2733,62.7367,65.0333,67.57666667,69.98,72.5667
,916,12.0433,16.9667,25.5367,33.52,39.9633,46.1,50.4167,53.9167,57.6467,60.4,62.8633,65.2933,67.7,70.1067,72.7467
,919,12.1567,17.0067,25.6633,33.6433,40.0067,46.5467,50.5633,53.97,57.6167,60.3167,62.9133,65.57,67.82333333,70.2167,73.0233
,922,12.39,17.0233,25.83,33.52,40.36,46.7233,50.69,54.19,57.6467,60.5933,63.1233,65.61,68.00666667,70.48,73.12
,925,12.4033,17.3133,26.1333,33.9467,40.6933,46.7233,50.9533,54.3033,57.8567,60.8833,63.33,65.6967,68.27,70.7,73.2067
,928,12.4133,17.45,26.19,34.2633,41,47.0567,50.9967,54.4533,57.9633,60.9667,63.5133,65.9567,68.50333333,70.9767,73.4667
,931,12.65,17.5467,26.3833,34.4167,41.1667,47.22,51.1067,54.63,58.1467,61.27,63.4967,66.1,68.70666667,71.2,73.73
,934,12.7233,17.7,26.6733,34.58,41.1633,47.2367,51.1633,54.7267,58.2533,61.38,63.7033,66.2733,69.05666667,71.3933,74.09
,937,12.78,17.9467,26.7433,34.7367,41.5367,47.46,51.2733,54.91,58.5067,61.41,63.8133,66.4433,69.14,71.6267,74.3667
,940,12.9,17.9033,26.88,34.7067,41.65,47.6667,51.41,55.05,58.5867,61.4367,63.9367,66.4567,69.23666667,71.78,74.3667
,943,13,18.0167,27.13,34.8867,41.8833,47.6767,51.55,55.16,58.7567,61.6567,64.19,66.6233,69.35666667,71.8633,74.5333
,946,13.0833,18.1567,27.2667,35.18,42.0533,47.76,51.6433,55.3267,58.77,61.8367,64.2867,66.9267,69.47,72,74.7267
,949,13.1233,18.2933,27.4367,35.4433,42.1467,47.8433,51.7467,55.45,58.88,62.0567,64.41,66.97,69.67666667,72.1933,75.0267
,952,13.2733,18.46,27.6267,35.8,42.4767,47.97,51.98,55.7233,59.2667,62.1,64.6033,67.2433,70.05,72.6933,75.22
,955,13.3567,18.6267,27.78,35.9367,42.6567,48.2033,52.02,55.95,59.4333,62.25,64.6733,67.5033,70.01,72.7467,75.61
,958,13.3833,18.7467,27.92,36.1767,43.0167,48.3,52.0633,55.9467,59.57,62.4067,64.88,67.5733,70.24333333,73.0367,75.9267
,961,13.4533,18.7367,28.0967,36.2567,43.17,48.5067,52.2833,56.1267,59.8433,62.3067,65.0867,67.66,70.50666667,73.2167,76.0267
,964,13.5233,18.8467,28.29,36.3233,43.2667,48.5767,52.4067,56.2267,59.8333,62.53,65.1,68.02,70.89333333,73.23,76.2167
,967,13.69,18.97,28.4133,36.6033,43.46,48.4967,52.5167,56.32,59.8033,62.6567,65.31,67.99,70.99,73.4567,76.4233
,970,13.7333,19.0567,28.51,36.7833,43.6833,48.6033,52.5733,56.61,60.0567,62.8467,65.4167,68.1867,70.95,73.6333,76.65
,973,13.7467,19.1933,28.5667,36.92,43.8033,48.7667,52.6833,56.61,60.26,62.9567,65.5267,68.45,71.39333333,73.9067,76.7167
,976,13.91,19.36,28.7467,36.96,44.1233,48.9233,52.71,56.83,60.2467,63.0833,65.9033,68.67,71.72333333,74.28,77.06
,979,14.05,19.48,28.9833,37.21,44.4567,49.1,52.9033,57.04,60.54,63.22,65.9167,68.6667,71.75333333,74.67,77.2967
,982,14.3233,19.6733,29.12,37.4033,44.4967,49.1567,53.1667,57.1933,60.72,63.3867,66.18,68.8733,71.87666667,74.6867,77.6033
,985,14.3933,19.69,29.41,37.68,44.5833,49.2533,53.39,57.3,60.69,63.4833,66.2367,69.04,72.18,74.7667,77.7233
,988,14.3533,19.87,29.6233,37.7367,44.8267,49.38,53.4167,57.47,60.7733,63.6933,66.37,69.3033,72.27666667,74.8633,78.03
,991,14.45,19.9533,29.66,38.0833,44.8833,49.31,53.6333,57.4833,61.0333,63.8533,66.5133,69.4,72.56666667,75.1567,78.25
,994,14.6167,20.0233,29.9233,38.1067,45.0633,49.3933,53.6767,57.6467,61.0333,64.0767,66.65,69.7067,72.77333333,75.4033,78.2233
,997,14.6433,20.2967,29.9233,38.08,45.2033,49.5833,53.69,57.7433,61.1467,64.0233,66.7567,69.7867,73.23,75.5,78.4733
,1000,14.7533,20.4233,30.1733,38.4667,45.37,49.6933,53.93,57.8967,61.3667,64.1333,66.9667,69.9,73.28666667,75.6767,78.6533
,1003,14.77,20.5467,30.31,38.4833,45.3933,49.8933,54.18,58.13,61.4367,64.3133,67.12,70.08,73.50666667,75.7767,78.8833
,1006,14.9867,20.59,30.7667,38.73,45.7,49.89,54.3167,58.2133,61.59,64.5767,67.3967,70.6033,73.65,75.9667,79.2333
,1009,15.17,20.7967,30.9033,39.1167,45.8667,50,54.3833,58.3133,61.7133,64.63,67.6167,70.6867,73.79666667,76.15,79.4267
,1012,15.32,20.9367,30.9333,39.4233,45.9767,50.1133,54.5067,58.55,61.88,64.8367,67.66,70.9767,74.11666667,76.48,79.7033
,1015,15.39,21.17,31.1267,39.5467,46.1733,50.29,54.6067,58.59,61.96,64.8933,67.74,71.0333,74.23,76.7733,79.77
,1018,15.43,21.35,31.25,39.6433,46.2133,50.4033,54.73,58.7567,62.07,64.9767,67.9767,71.1433,74.42,77.1867,79.95
,1021,15.5,21.3933,31.2933,39.7833,46.2933,50.5667,55.01,58.85,62.1533,65.1567,68.1133,71.25,74.67,77.23,80.06
,1024,15.5,21.53,31.4733,39.85,46.3367,50.72,55.08,58.9733,62.39,65.5167,68.2833,71.46,74.78,77.23,80.41
,1027,15.6667,21.61,31.7467,39.96,46.3767,50.75,55.1867,58.96,62.4433,65.3767,68.5167,71.7267,74.90333333,77.2833,80.41
,1030,15.78,21.7667,32.0667,40.2533,46.6833,50.83,55.3667,59.0733,62.74,65.6267,68.7367,72.1133,75.12333333,77.7,80.5767
,1033,15.9733,22.11,32.3833,40.4467,46.8067,51.01,55.5333,59.3633,62.7933,65.9433,69,72.3467,75.23666667,78.03,81.0433
,1036,16.1233,22.2933,32.44,40.5967,47.0133,51.2867,55.7133,59.5133,62.9333,65.9567,69.18,72.4267,75.51333333,78.25,81.0733
,1039,16.2067,22.4967,32.6033,40.75,47,51.2867,55.7967,59.5267,62.9967,66.0433,69.29,72.5533,75.94,78.4033,81.2367
,1042,16.3733,22.7033,32.91,40.9967,47.0533,51.4267,55.85,59.6967,63.1633,66.2867,69.3333,72.72,75.98333333,78.6533,81.4433
,1045,16.3433,22.8267,32.95,41.2333,47.1233,51.4933,56.0567,59.75,63.36,66.3033,69.4867,73.1067,76.03666667,78.68,81.6533
,1048,16.4,22.69,33.1433,41.2333,47.2767,51.5467,56.1833,59.8333,63.4433,66.5633,69.8033,73.2467,76.12333333,78.7633,81.8467
,1051,16.4833,22.9267,33.3133,41.55,47.39,51.6333,56.1233,59.8867,63.54,66.87,69.9,73.4367,76.26,78.9133,81.94
,1054,16.6233,23.05,33.34,41.6467,47.4467,51.7567,56.36,60.2733,63.6633,67.01,70.15,73.6333,76.35666667,79.2633,82.18
,1057,16.6867,23.2567,33.4367,41.7167,47.4733,51.9633,56.3367,60.2867,63.83,67.1767,70.48,73.77,76.82666667,79.5367,82.26
,1060,16.9767,23.3267,33.67,42.0067,47.4567,52.1033,56.4833,60.4533,64.0933,67.4067,70.5667,73.88,77.03666667,79.8833,82.61
,1063,17.1433,23.48,33.81,42.23,47.65,52.2833,56.6667,60.5667,64.2967,67.6433,70.6867,74.0467,77.28333333,79.8567,82.8433
,1066,17.09,23.62,34.0033,42.3533,47.6233,52.28,56.79,60.62,64.3533,67.6567,70.7833,74.3367,77.31,80.1167,83.1033
,1069,17.15,23.7133,34.2667,42.5333,47.8567,52.3633,56.9,60.91,64.5467,67.8767,71.1133,74.49,77.46333333,80.2567,83.2467
,1072,17.2,23.7967,34.43,42.7567,48.0067,52.5567,56.9567,61.02,64.5633,68.0167,71.38,74.6267,77.52,80.53,83.4633
,1075,17.4067,23.95,34.6533,42.7667,48.0633,52.6133,57.2367,60.94,64.8667,68.43,71.5733,74.85,77.61333333,80.6833,83.48
,1078,17.5767,24.13,34.6667,42.92,48.05,52.7767,57.22,61.05,64.9367,68.46,71.6533,75.18,77.91666667,80.9467,83.55
,1081,17.7533,24.2267,34.68,43.0033,48.0633,53.0167,57.2467,61.42,65.06,68.64,71.86,75.2367,78.01666667,81.1,83.8367
,1084,17.7267,24.42,34.7767,43.2667,48.2167,53.1133,57.48,61.56,65.42,68.8467,72.1667,75.5833,78.4,81.17,84.1533
,1087,17.8767,24.4067,35.11,43.5133,48.3133,53.21,57.41,61.6567,65.5467,68.8767,72.44,75.6267,78.45666667,81.28,84.46
,1090,17.9367,24.5333,35.4133,43.6667,48.3967,53.4567,57.4667,61.8767,65.75,69.11,72.4967,75.79,78.73666667,81.2367,84.7367
,1093,18.0333,24.74,35.5667,43.7533,48.5633,53.4833,57.58,61.9167,65.79,69.36,72.8833,75.79,78.87333333,81.6667,84.61
,1096,18.2133,24.78,35.51,43.8333,48.7033,53.57,57.7733,62.1133,65.9,69.54,72.94,75.8767,79.09666667,81.79,84.7467
,1099,18.4333,24.9467,35.6067,44.0133,48.6733,53.7633,57.84,62.2767,65.9867,69.7033,72.94,76.0533,79.30333333,81.76,84.9167
,1102,18.5,25.22,35.5233,44.11,48.7867,53.8567,57.9233,62.36,66.2933,70.0267,73.2433,76.26,79.20666667,81.89,85.2233
,1105,18.5,25.2767,35.7467,44.2467,48.91,53.9433,58.0767,62.46,66.51,69.9133,73.3967,76.5067,79.49333333,82.08,85.26
,1108,18.4867,25.39,36.0633,44.36,49.03,54,58.31,62.7767,66.6633,70.1633,73.58,76.7333,79.49666667,82.3733,85.72
,1111,18.57,25.54,36.2967,44.47,49.2533,54.08,58.3633,62.94,67.0767,70.3833,73.76,76.9933,79.81,82.8833,85.6733
,1114,18.6967,25.83,36.52,44.5933,49.4467,54.18,58.63,62.9867,67.0067,70.5333,74.05,77.13,79.92333333,83.0633,85.83
,1117,18.89,25.9,36.6867,44.7167,49.5967,54.33,58.8267,63.15,67.1467,70.7567,74.0867,77.1867,80.06333333,83.2167,86.2567
,1120,19.1667,25.94,36.8233,44.6767,49.64,54.51,58.88,63.3433,67.3,71.0733,74.2133,77.38,80.45,83.2833,86.42
,1123,19.3033,25.98,37.0433,44.83,49.7233,54.5367,58.9333,63.5933,67.5033,71.13,74.3367,77.4767,80.64333333,83.34,86.6167
,1126,19.4033,26.1067,37.3633,44.8867,49.8733,54.6033,59.0733,63.72,67.8533,71.28,74.42,77.7567,80.76333333,83.5033,86.8933
,1129,19.4567,26.2033,37.5433,44.87,50.03,54.6733,59.0733,63.8733,67.8367,71.2967,74.5767,77.9733,80.89333333,83.5733,87.1
,1132,19.5933,26.3,37.7367,44.91,50.0433,54.7833,59.2267,63.8433,68.1,71.42,74.8067,78.1,81.19666667,84.0167,87.24
,1135,19.6367,26.6033,37.7633,44.9133,50.21,54.9667,59.4433,64.01,68.2,71.7367,75.0133,78.29,81.22666667,84.0867,87.39
,1138,19.8567,26.5333,37.82,45.1467,50.2367,55.1733,59.5267,64.33,68.2433,71.8467,75.18,78.4167,81.46,84.5567,87.5833
,1141,20.0767,26.7133,38.0667,45.16,50.32,55.2567,59.79,64.5733,68.53,72.1533,75.33,78.5,81.72333333,84.5167,87.82
,1144,20.2967,26.9233,38.3067,45.2567,50.46,55.35,59.9467,64.77,68.7667,72.2033,75.5833,78.8467,81.98333333,84.8333,87.9867
,1147,20.2433,27.2433,38.3433,45.3533,50.65,55.34,60.11,64.8233,68.89,72.3333,75.68,79.0267,81.97333333,84.9967,88.3467
,1150,20.2133,27.2833,38.5767,45.3833,50.7333,55.5333,60.29,64.9467,69.0567,72.5133,75.8467,79.05,82.12333333,85.3467,88.5367
,1153,20.2567,27.3333,38.73,45.4667,50.83,55.56,60.44,65.0733,69.1933,72.5667,76.1367,79.3267,82.46666667,85.4833,88.51
,1156,20.3667,27.53,38.8533,45.5367,50.8867,55.6567,60.6367,65.2833,69.3067,72.8567,76.2167,79.3,82.49666667,85.7867,88.4833
,1159,20.55,27.49,39.0233,45.59,50.8467,55.7133,60.7467,65.46,69.3467,73.1467,76.41,79.4267,82.62333333,85.76,88.62
,1162,20.6167,27.49,39.2,45.7,50.9667,55.96,60.83,65.53,69.5933,73.2167,76.5367,79.8367,82.85666667,86.05,88.9367
,1165,20.8533,27.8767,39.3667,45.81,51.1067,55.9867,61.05,65.9033,69.9267,73.4133,76.6767,80.0333,83.07666667,86.3233,89.2867
,1168,20.9067,27.9467,39.82,45.9067,51.3833,56.1833,61.2267,66.0133,70.0633,73.45,76.9233,80.1333,83.29666667,86.41,89.4533
,1171,21.0733,28.03,39.8367,45.9633,51.4,56.3167,61.41,66.2367,70.27,73.6333,76.8833,80.3367,83.46666667,86.45,89.6167
,1174,21.1033,27.9867,39.84,45.9767,51.55,56.42,61.6333,66.4433,70.2867,73.6733,77.19,80.5167,83.58666667,86.7133,89.8933
,1177,21.2667,28.2767,39.8767,45.9467,51.7733,56.4867,61.74,66.4433,70.2567,73.8833,77.38,80.5033,84.00333333,86.7733,90.0333
,1180,21.3467,28.1567,40.06,46.1267,51.7967,56.72,62.0467,66.5833,70.38,74.0867,77.5333,80.64,83.97666667,86.92,90.2267
,1183,21.35,28.18,40.1133,46.1867,51.8533,56.65,62.0733,66.6733,70.6167,74.1467,77.64,80.8333,84.07333333,87.1167,90.4467
,1186,21.5133,28.3733,40.4167,46.2533,51.85,56.8033,62.0733,66.8033,70.7133,74.2533,77.5867,81.0867,84.57,87.28,90.5033
,1189,21.78,28.6233,40.6,46.3067,52.05,56.9867,62.1967,66.9933,71.1,74.5333,77.9033,81.28,84.48666667,87.4167,90.9733
,1192,21.9033,28.6367,40.64,46.3533,52.1867,57.0267,62.5567,67.2467,71.2533,74.82,78.1967,81.6933,84.84333333,87.7233,90.9867
,1195,21.9733,29.05,40.6833,46.4333,52.2433,57.26,62.7333,67.4233,71.3533,74.9467,78.6233,81.8867,84.94333333,87.9167,91.1533
,1198,22.1633,29.1467,40.8867,46.6267,52.4067,57.3967,62.8633,67.59,71.38,75.1267,78.7233,81.9133,84.98333333,88.0567,91.1233
,1201,22.36,29.2167,41.15,46.7667,52.5067,57.51,63.0267,67.5767,71.5867,75.1533,78.6933,82.12,85.11,88.1933,91.3333
,1204,22.5933,29.3433,41.1633,46.9033,52.6133,57.5767,62.97,67.71,71.8067,75.3167,78.9,82.26,85.3,88.4133,91.62
,1207,22.5533,29.65,41.3033,46.9467,52.6533,57.6767,63.04,67.8533,71.8233,75.5,78.8867,82.1767,85.52,88.5233,91.8033
,1210,22.69,29.84,41.5267,47.0667,52.78,57.8667,63.2067,68.0333,72.03,75.5533,79.11,82.47,85.62333333,88.5667,91.9967
,1213,22.6233,29.8133,41.5633,47.0667,52.89,58.0633,63.47,68.21,72.0967,75.79,79.3567,82.6767,85.8,88.7333,92.0933
,1216,22.7067,29.8567,41.5233,47.1367,53.03,58.2833,63.83,68.4067,72.1267,76.04,79.69,82.9967,86.17,89.0633,92.1233
,1219,23.0233,30.0067,41.5933,47.2633,53.1833,58.4667,63.9267,68.5833,72.3867,76.1067,79.9267,83.12,86.23,89.2433,92.3733
,1222,23.1333,30.1867,41.7,47.54,53.28,58.6867,64.1767,68.71,72.54,76.26,80.02,83.3533,86.29666667,89.3833,92.6033
,1225,23.3,30.3267,41.8267,47.5433,53.36,58.6433,64.26,68.7933,72.72,76.4667,80.01,83.3667,86.57333333,89.6033,92.9233
,1228,23.4267,30.56,42.1333,47.6067,53.4833,58.8633,64.37,68.96,72.9267,76.5233,80.2267,83.63,86.72666667,89.8667,93.1433
,1231,23.55,30.6833,42.2,47.68,53.5833,59.1,64.7833,69.1667,72.9967,76.77,80.35,83.7267,86.74333333,89.9767,93.35
,1234,23.59,30.9767,42.2467,47.79,53.6367,59.18,64.81,69.3167,73.13,76.9533,80.6033,83.85,87.07333333,90.06,93.4367
,1237,23.6333,30.9633,42.23,47.7867,53.7067,59.32,64.85,69.4167,73.2467,76.98,80.6433,84.06,87.02,90.0633,93.67
,1240,23.8533,31.14,42.3433,47.94,53.83,59.5133,64.9633,69.4867,73.2867,77.3533,80.8633,84.1,87.21,90.5733,93.7933
,1243,23.8967,31.0267,42.4933,48.12,53.8567,59.5133,64.96,69.51,73.5767,77.4633,80.9733,84.1833,87.37666667,90.6433,93.9867
,1246,23.9067,31.2367,42.5867,48.2167,54.0667,59.69,65.1567,69.72,73.8133,77.77,81.0733,84.4333,87.73333333,90.8467,94.28
,1249,24.0867,31.4867,42.7567,48.2733,54.2333,59.9733,65.3067,69.9133,73.95,77.9333,81.2367,84.5033,87.77666667,91.0967,94.4967
,1252,24.1967,31.7233,42.84,48.44,54.3567,60.1633,65.4867,70.1067,74.0867,77.9867,81.4333,84.7767,87.89,91.18,94.65
,1255,24.0333,31.57,42.8633,48.5333,54.3967,60.3433,65.49,70.1767,74.2667,78.0967,81.5,84.8067,88.02666667,91.4967,94.97
,1258,24.2367,31.5267,42.8933,48.6033,54.5367,60.55,65.7367,70.3267,74.3633,78.1667,81.7633,84.93,88.25,91.6233,95.0533
,1261,24.42,31.6533,43.02,48.6733,54.77,60.5133,65.82,70.3833,74.4767,78.3233,81.7767,85.04,88.37,91.9233,95.12
,1264,24.5033,32.0233,43.0433,48.88,54.9667,60.61,65.93,70.4667,74.53,78.39,81.8167,85.22,88.63666667,91.9967,95.3133
,1267,24.6667,32.08,43.0433,48.8933,55.0633,60.6333,65.97,70.62,74.5733,78.5833,81.94,85.44,88.66333333,91.8733,95.55
,1270,24.9067,32.2033,43.06,49.0033,55.2267,60.76,66.1133,70.6167,74.7667,78.8033,82.3167,85.7733,89.13333333,92.1467,95.7567
,1273,25.0167,32.41,43.1,49.17,55.2433,61.0233,66.3167,70.84,74.96,79.0267,82.3867,85.8833,89.23,92.2333,95.95
,1276,25.04,32.48,43.32,49.2933,55.3933,61.2433,66.3333,71.0467,75.2633,79.1933,82.4667,86.0767,89.53333333,92.44,95.99
,1279,25.29,32.66,43.2933,49.4333,55.6567,61.3833,66.5,71.1433,75.3733,79.2733,82.8,85.9967,89.71666667,92.66,96.2267
,1282,25.4833,32.9367,43.3633,49.5167,55.6967,61.4233,66.6067,71.1967,75.57,79.2333,82.9533,86.2567,89.64333333,92.99,96.57
,1285,25.5267,33.1067,43.4333,49.6267,55.81,61.4533,66.7033,71.3533,75.6533,79.4533,82.9933,86.34,89.78333333,93.2967,96.8767
,1288,25.69,33.2167,43.53,49.6733,55.9033,61.6167,66.7733,71.4067,75.7367,79.63,82.9933,86.5167,89.97666667,93.6933,97
,1291,25.6933,33.3233,43.6267,49.7667,55.8633,61.6867,66.87,71.5567,75.8567,79.84,83.31,86.6867,90.39,93.92,97.0833
,1294,25.7467,33.4767,43.6967,49.8233,56.0033,62.03,66.9633,71.6833,76.0933,79.98,83.4633,87.0333,90.57,94.1533,97.1933
,1297,25.8033,33.4767,43.6967,49.96,56.0733,62.1533,67.1867,71.82,76.23,80.0767,83.8533,87.21,90.80666667,94.3033,97.3867
,1300,25.86,33.52,43.7767,50.1,56.4167,62.2667,67.3533,71.9333,76.3967,80.12,83.9167,87.5133,90.91666667,94.5,97.6767
,1303,26.0933,33.7267,43.8767,50.1933,56.4967,62.2133,67.45,72.1133,76.3967,80.2,84.0167,87.5967,91.15333333,94.6367,97.9833
,1306,25.9967,34.1267,44.0133,50.2367,56.6533,62.3733,67.6433,72.2367,76.55,80.45,84.14,87.8733,91.34666667,94.9233,98.1333
,1309,26.2833,34.2767,44.0133,50.4867,56.72,62.64,67.7967,72.2367,76.65,80.6833,84.3067,87.9567,91.49666667,95.0367,98.3967
,1312,26.52,34.0967,44.1367,50.5133,56.8467,62.68,67.9633,72.2633,76.84,80.67,84.3633,88.1233,91.88666667,95.3,98.5667
,1315,26.5767,34.2767,44.1533,50.7033,56.8733,62.6667,67.7967,72.6233,76.9933,80.88,84.5567,88.2867,92.23,95.4667,98.5767
,1318,26.77,34.2233,44.3033,50.8167,56.94,62.7933,68.06,72.7633,77.13,80.9333,84.7633,88.5367,92.13666667,95.4,98.7833
,1321,26.91,34.3067,44.1933,50.7367,57.1367,62.8467,68.13,72.8867,77.3533,81.02,84.93,88.6633,92.46666667,95.66,98.95
,1324,27.0867,34.4867,44.4167,50.8867,57.2633,63.0267,68.2667,73.0767,77.3667,81.2767,85.11,88.9233,92.53666667,96.02,99.17
,1327,26.9933,34.6667,44.4433,50.8833,57.4267,63.11,68.4333,73.2033,77.5467,81.7867,85.2367,89.09,92.63333333,96.17,99.35
,1330,26.91,34.71,44.65,51.0933,57.55,63.2733,68.6133,73.37,77.8467,81.9433,85.4,89.23,92.89666667,96.4733,99.6
,1333,27.2267,35.0567,44.6933,51.1767,57.5367,63.47,68.5733,73.4533,77.8767,82.0133,85.8133,89.4367,93.18666667,96.4767,99.85
,1336,27.2967,35.2067,44.7767,51.3167,57.6767,63.58,68.6433,73.73,78.1967,82.04,85.8133,89.49,93.40333333,96.7133,100.03
,1339,27.3067,35.2733,44.8867,51.3833,57.7733,63.6233,68.7667,73.7867,78.07,82.2033,86.13,89.6733,93.72333333,96.82,100.2933
,1342,27.4633,35.3733,44.94,51.4533,57.98,63.76,68.8633,73.8133,78.25,82.11,86.2,89.9367,93.85,96.9467,100.4733
,1345,27.52,35.7033,45.1067,51.4667,58.06,63.7433,69.07,73.7967,78.3067,82.33,86.2833,90.14,93.89333333,97.1933,100.6633
,1348,27.59,35.9233,45.16,51.7033,58.13,63.8833,69.2067,73.88,78.5433,82.51,86.49,90.39,94.03,97.3467,100.69
,1351,27.6967,35.9533,45.1333,51.7567,58.2267,63.9833,69.21,74.0333,78.54,82.7867,86.74,90.5433,94.29,97.5,100.8167
,1354,27.8767,36.0367,45.2033,51.95,58.2833,64.16,69.47,74.32,78.79,83.0233,87.0033,90.7633,94.67666667,97.75,100.8867
,1357,28.0033,36.23,45.34,52.09,58.5333,64.2333,69.4567,74.5567,78.9433,83.08,87.1267,90.8633,94.73333333,97.9833,101.3
,1360,27.89,36.2967,45.5067,52.24,58.6567,64.3533,69.61,74.6933,79.0933,83.1033,87.2667,91.11,94.74666667,97.9967,101.5633
,1363,27.9867,36.5067,45.6067,52.2967,58.67,64.41,69.7633,74.7667,79.1633,83.2833,87.46,91.25,94.9,98.1767,101.6867
,1366,28.1967,36.6033,45.7,52.2533,58.8767,64.52,70.04,74.92,79.2333,83.5033,87.64,91.3033,95.17333333,98.2867,101.9233
,1369,28.2067,36.5467,45.6067,52.2833,58.95,64.52,69.98,75,79.3433,83.71,87.8333,91.6367,95.16333333,98.5933,102.0633
,1372,28.29,36.67,45.5867,52.3667,58.9633,64.5333,70.15,75.1267,79.6067,83.9333,87.9,91.6767,95.53666667,98.7833,102.0733
,1375,28.5567,36.7833,45.6733,52.53,59.1133,64.6467,70.2833,75.2333,79.7267,84.1133,88.11,91.9267,95.67666667,99.0733,102.3667
,1378,28.65,36.96,45.7533,52.6433,59.35,64.8633,70.4267,75.4733,79.85,84.35,88.5267,92.1633,95.77333333,99.1033,102.67
,1381,28.68,37.2233,45.9367,52.74,59.3067,64.85,70.6033,75.65,80.0733,84.4333,88.5933,92.3433,95.97666667,99.13,102.8233
,1384,28.7733,37.32,46.0333,52.8733,59.5433,65.1167,70.8667,75.7633,80.16,84.61,88.6367,92.5467,96.03666667,99.4933,103.1533
,1387,28.8733,37.25,46.17,52.9733,59.5967,65.24,70.9233,75.8733,80.2433,84.8067,88.9,92.5767,96.24,99.8633,103.2133
,1390,28.9833,37.4833,46.2367,53.0167,59.6267,65.3633,70.9667,75.97,80.46,85.01,88.9433,92.84,96.28,99.82,103.39
,1393,29.16,37.5833,46.21,53.2233,59.8333,65.43,70.9633,76.08,80.7267,85.1667,89.27,92.8933,96.58666667,100.0833,103.6533
,1396,29.19,37.6933,46.4333,53.3067,59.8467,65.56,71.1033,76.2733,80.9333,85.3033,89.2567,93.09,96.82333333,100.17,103.9733
,1399,29.2833,37.9433,46.6,53.32,59.9833,65.5967,71.1733,76.3133,81.14,85.3567,89.37,93.1833,96.76666667,100.0433,104.22
,1402,29.3567,38.0933,46.7633,53.4567,60.1333,65.75,71.4067,76.4833,80.9733,85.55,89.59,93.38,97.13666667,100.3733,104.4367
,1405,29.45,38.1633,46.8033,53.5267,60.2333,65.92,71.6533,76.6333,81.2667,85.8567,89.7967,93.5467,97.39,100.6533,104.7333
,1408,29.5633,38.26,46.9333,53.6267,60.4533,66.04,71.7633,76.7333,81.57,86.0067,90.0467,93.7533,97.57,101.0367,104.8567
,1411,29.7867,38.3567,46.9867,53.8167,60.55,66.1667,71.9433,76.8533,81.61,86.37,90.2667,93.86,97.73333333,101.3033,105.01
,1414,29.8267,38.3867,47.1533,53.9167,60.7733,66.25,72.0033,77.0633,81.8633,86.3667,90.4033,94.11,97.92666667,101.29,105.4233
,1417,30.02,38.5133,47.2933,54.0933,60.8,66.3333,72.0967,77.1167,82.08,86.5467,90.4067,94.2333,97.95333333,101.44,105.45
,1420,30.2833,38.8133,47.44,54.29,60.87,66.57,72.43,77.3933,82.1233,86.5867,90.57,94.39,98.04,101.5767,105.8067
,1423,30.4367,39.02,47.5967,54.3133,61.0233,66.6633,72.4733,77.4633,82.0667,86.7433,90.6133,94.4833,98.38333333,101.7467,105.9333
,1426,30.6,39.01,47.4867,54.4233,60.98,66.76,72.71,77.6167,82.3333,86.71,90.6533,94.7067,98.66333333,102.1333,106.13
,1429,30.7267,38.9,47.5,54.48,61.09,66.91,72.7633,77.7533,82.4667,87.0033,90.8233,94.84,98.81,102.56,106.14
,1432,30.8367,39.0633,47.5233,54.5933,61.2267,66.9933,72.8433,77.9333,82.6633,87.2133,91.2633,95.12,98.98,102.74,106.1567
,1435,30.92,39.13,47.54,54.8567,61.3833,67.1867,72.9,78.1967,82.98,87.4567,91.4,95.3267,99.04666667,103.0133,106.3067
,1438,31.0733,39.34,47.69,54.9367,61.3833,67.4367,73.0233,78.35,83.1033,87.5,91.58,95.3933,99.27,103,106.3633
,1441,31.4167,39.56,47.8567,55.0367,61.59,67.5333,73.2467,78.43,83.2033,87.6133,91.5533,95.5633,99.57333333,103.1,106.6667
,1444,31.3367,39.6167,47.9,55.2133,61.5633,67.66,73.44,78.6367,83.34,87.72,91.7167,95.9367,99.80666667,103,106.9867
,1447,31.3867,39.5867,47.8833,55.31,61.63,67.8533,73.55,78.5433,83.6167,87.8067,91.9133,95.9067,99.82,103.2533,107.0833
,1450,31.4167,39.6433,47.9967,55.2833,61.7833,68.0333,73.6033,78.7067,83.5867,88.08,92.1333,96.0333,99.98666667,103.35,107.3833
,1453,31.5,39.74,48.1767,55.38,61.85,67.9233,73.6467,78.9167,83.7,88.0267,92.3833,96.3367,100.0133333,103.4733,107.43
,1456,31.5667,39.8667,48.1333,55.5433,62.07,68.1,73.8,79.0833,83.95,88.33,92.5933,96.5433,100.3633333,103.5967,107.4967
,1459,31.7333,40.0333,48.2467,55.6167,62.29,68.3367,73.8967,79.3033,84.1,88.6367,92.6733,96.67,100.6233333,103.7633,107.69
,1462,31.6767,40.09,48.3,55.71,62.2,68.42,74.1133,79.3733,84.32,88.72,92.7567,96.6967,100.8333333,104.0367,107.8567
,1465,31.6767,40.2367,48.5067,55.81,62.4133,68.54,74.28,79.5333,84.3933,88.8833,92.8267,96.89,100.83,104.2867,107.9633
,1468,31.8167,40.2367,48.5633,55.95,62.4833,68.7233,74.4233,79.6867,84.6933,89.2167,93.0067,97.1133,101.0366667,104.5067,108.1867
,1471,31.9533,40.1967,48.6467,56.03,62.6367,68.85,74.5733,79.91,84.6967,89.16,93.1733,97.2767,101.19,104.6333,108.2833
,1474,32.0933,40.2933,48.77,56.1433,62.79,68.8933,74.5767,80.12,84.8467,89.3233,93.2367,97.4167,101.2866667,104.8,108.34
,1477,32.23,40.4333,48.7833,56.29,62.7367,69.11,74.6567,80.2167,85.0267,89.3533,93.46,97.5933,101.3433333,105.0367,108.3133
,1480,32.3967,40.5833,48.8533,56.3233,62.68,69.2933,74.9067,80.4633,84.9567,89.5767,93.5167,97.6667,101.59,104.8867,108.6167
,1483,32.4667,40.5133,48.95,56.43,62.8733,69.3333,74.9033,80.4467,85.0967,89.7133,93.5967,97.79,101.84,105.1067,108.6167
,1486,32.4667,40.6267,49.1133,56.4733,62.97,69.58,75.1133,80.6967,85.3433,89.9667,93.85,98.0533,102.0233333,105.2967,109.1433
,1489,32.3967,40.68,49.1267,56.5967,63.2033,69.5267,75.18,80.8333,85.7033,90.0333,94.2333,98.2867,102.1333333,105.4933,109.3733
,1492,32.5367,40.8467,49.2267,56.7067,63.51,69.7867,75.4433,80.9733,85.62,90.13,94.4433,98.44,102.2866667,105.5767,109.53
,1495,32.8133,41.0267,49.4067,56.86,63.51,69.6767,75.5133,81.0833,85.8,90.39,94.58,98.6033,102.2266667,105.8533,109.64
,1498,32.9367,41.0833,49.4167,56.9833,63.7333,69.8,75.65,81.31,85.88,90.5567,94.6533,98.7333,102.6433333,106.0833,109.68
,1501,33.2,41.0267,49.5833,57.0367,63.73,69.91,75.76,81.2667,86.0067,90.5167,94.6233,98.8567,102.68,106.2233,109.9567
,1504,33.2867,41.0833,49.6833,57.15,63.7867,70.0367,75.9567,81.2667,86.05,90.7533,94.7333,98.95,102.92,106.3233,110.3467
,1507,33.3367,41.0967,49.7767,57.2467,63.8433,70.1467,75.9567,81.5267,86.3433,90.9867,95.01,99.1733,103.0733333,106.2933,110.47
,1510,33.34,41.1533,49.9467,57.2733,63.9633,70.34,76.12,81.61,86.5333,91.04,95.3433,99.5033,103.2666667,106.5667,110.4567
,1513,33.52,41.1933,50.0467,57.3467,64.1067,70.3,76.15,81.7633,86.66,91.2333,95.5067,99.6967,103.46,106.8767,110.68
,1516,33.78,41.33,50.0967,57.6067,64.3533,70.3833,76.2167,81.9267,86.7133,91.5367,95.6867,99.7667,103.5133333,107.0967,110.8833
,1519,33.74,41.3733,50.15,57.59,64.4233,70.5767,76.5633,82.0667,86.8267,91.6367,95.77,99.9467,103.9,107.3833,110.8133
,1522,34.0033,41.5233,50.1267,57.8267,64.6433,70.77,76.6333,82.1933,87.0033,91.79,95.91,100.1967,103.8333333,107.3867,111.23
,1525,34.13,41.58,50.2633,57.8967,64.6733,70.8933,76.8133,82.3733,87.2267,91.8133,96.1867,100.1967,104.1233333,107.3567,111.63
,1528,33.96,41.5933,50.4033,57.98,64.77,71.0333,76.8967,82.44,87.2267,91.8733,96.38,100.4733,104.25,107.66,111.9067
,1531,34.07,41.73,50.39,58.0067,64.9633,71.21,77.0633,82.5233,87.3633,92.0933,96.5333,100.6667,104.33,107.8667,111.9367
,1534,34.1233,41.8033,50.4867,58.1033,65.13,71.2567,77.2033,82.6633,87.5433,92.12,96.5733,100.7733,104.4566667,108.1033,112.3367
,1537,34.4167,41.95,50.5833,58.2433,65.1133,71.3367,77.31,82.83,87.57,92.3967,96.7133,100.9567,104.7833333,108.4767,112.27
,1540,34.6633,42.0233,50.58,58.38,65.1867,71.5033,77.5867,83.02,87.89,92.7133,96.78,101.0933,104.9933333,108.77,112.57
,1543,34.6233,42.0233,50.72,58.52,65.39,71.7533,77.74,83.2033,88.1667,92.84,96.9867,101.12,105.05,108.8933,112.8467
,1546,34.6933,42.0533,50.9,58.74,65.35,71.8367,77.89,83.2567,88.2633,93.09,97.18,101.23,105.2,109.0467,113.1533
,1549,34.7067,42.12,50.9533,58.7967,65.5867,72.1,77.9333,83.4633,88.4,93.1567,97.2933,101.4267,105.3666667,109.0733,113.2233
,1552,34.8333,42.0767,51.05,58.9367,65.6267,72.08,78.14,83.5467,88.4,93.1567,97.58,101.7167,105.4666667,109.2933,113.4433
,1555,35.0667,42.2,50.9667,59.0033,65.6667,72.07,78.28,83.6833,88.5933,93.3233,97.5533,101.69,105.49,109.4867,113.5233
,1558,35.1633,42.2867,51.1067,58.9767,65.79,72.2633,78.3767,83.78,88.6367,93.67,97.65,101.84,105.74,109.82,113.9
,1561,35.2333,42.4,51.2167,59.0333,65.8467,72.4267,78.4167,83.8367,88.8433,93.57,97.8033,101.9933,106.03,110.1633,114.0667
,1564,35.44,42.3533,51.2167,59.1267,65.9,72.5967,78.54,84.0033,89.27,93.82,98.0633,102.1867,106.3366667,110.29,114.4233
,1567,35.4133,42.3967,51.3167,59.14,66.0567,72.6633,78.7067,84.14,89.2267,94.0433,98.3433,102.3233,106.61,110.3467,114.4533
,1570,35.4,42.41,51.44,59.36,66.2767,73.0367,79.04,84.31,89.3933,94.1533,98.7033,102.6867,106.8166667,110.55,115.0733
,1573,35.62,42.5067,51.5467,59.57,66.48,73.1067,79.1333,84.49,89.6467,94.25,98.7867,102.7133,106.8866667,110.8833,114.9067
,1576,35.73,42.55,51.7167,59.5967,66.58,73.2333,79.2867,84.6533,89.6567,94.54,98.8133,102.88,107.1233333,111.02,114.99
,1579,35.94,42.5767,51.7433,59.5833,66.7033,73.19,79.4533,84.7367,89.77,94.6633,98.8033,103.06,107.4133333,111.0633,115.13
,1582,36.12,42.67,51.84,59.7767,66.7067,73.3267,79.5067,84.8733,89.7967,94.7733,99.1167,103.1,107.37,111.13,115.53
,1585,36.1733,42.6867,51.8933,59.93,66.73,73.48,79.5367,84.9967,90.0433,94.9267,99.2133,103.2767,107.5933333,111.3533,115.7933
,1588,35.9667,42.6333,51.9667,59.9,66.97,73.66,79.6733,85.21,90.23,94.9967,99.49,103.5267,107.9,111.5333,116.0567
,1591,36.0633,42.7867,52.0733,60.0967,67.05,73.7567,79.84,85.19,90.2267,95.1467,99.53,103.7467,108.1066667,111.81,116.07
,1594,36.2033,42.77,52.1733,60.07,67.1767,73.91,79.87,85.3467,90.56,95.3,99.7667,104.08,108.4233333,112.13,116.29
,1597,36.3267,42.8767,52.3533,60.2333,67.3567,74.17,80.13,85.47,90.71,95.4533,99.9467,104.2067,108.5066667,112.4167,116.6767
,1600,36.3133,43.0033,52.5567,60.4133,67.4267,74.2233,80.1733,85.58,90.6967,95.59,100.0867,104.47,108.8533333,112.8333,116.7733
,1603,36.77,43.1267,52.6433,60.2867,67.41,74.3933,80.2533,85.8267,91.0267,95.7433,100.43,104.5633,108.95,112.93,117.19
,1606,36.7567,43.1867,52.7667,60.4833,67.4667,74.53,80.3933,85.98,91.22,95.9367,100.5933,104.7867,109.0333333,113.3733,117.2567
,1609,36.8667,43.3067,52.8233,60.4833,67.7267,74.6267,80.4633,86.19,91.1233,96.0433,100.5933,104.8833,109.2533333,113.44,117.4667
,1612,37,43.4633,52.9867,60.65,67.91,74.8333,80.6167,86.1633,91.3867,96.1167,100.79,105.1733,109.4866667,113.4567,117.6033
,1615,37.1133,43.5567,53.0433,60.73,68.0467,74.8067,80.78,86.2333,91.5267,96.4067,100.8833,105.4233,109.71,113.8833,117.7833
,1618,37.25,43.6,53.0833,60.9133,68.12,74.96,80.8233,86.4233,91.5967,96.6433,101.0533,105.6867,110.0266667,114.08,117.9233
,1621,37.28,43.53,53.14,61.0367,68.2533,75.03,81.0033,86.59,91.8267,96.82,101.3533,106.1,110.22,114.41,118.0467
,1624,37.43,43.6667,53.2667,61.16,68.4067,75.1933,81.1567,86.9333,92.1467,97,101.5933,106.11,110.3466667,114.7433,118.1433
,1627,37.4567,43.7067,53.4433,61.3267,68.5733,75.4033,81.4333,86.8967,92.3833,97.1967,101.6867,106.32,110.4966667,114.73,118.2
,1630,37.7067,43.9033,53.54,61.4367,68.7367,75.5267,81.5433,86.9767,92.5633,97.1,101.7967,106.4733,110.7866667,114.7167,118.56
,1633,37.68,43.93,53.61,61.6033,68.82,75.68,81.57,87.3333,92.5767,97.2767,101.9267,106.61,110.9966667,114.81,118.6267
,1636,37.76,44.0433,53.8033,61.6867,69.0133,75.8467,81.65,87.35,92.7567,97.3333,101.9933,106.8067,111.22,114.8933,119.1933
,1639,37.8433,44.08,53.8167,61.6733,68.93,75.7633,81.79,87.5033,92.6867,97.61,102.2133,107.04,111.2033333,115.0467,119.3067
,1642,37.9,44.1633,53.9,61.7867,69.3067,75.8733,81.8867,87.67,92.92,97.9033,102.52,107.2333,111.5466667,115.3067,119.3333
,1645,38.1067,44.2767,53.86,61.84,69.26,75.9967,82.0133,87.86,93.1967,98.2067,102.7267,107.5933,111.8233333,115.6967,119.64
,1648,38.08,44.3733,53.9,62.0167,69.3333,76.19,82.3467,87.9467,93.57,98.2467,103.1133,107.6067,112.05,115.7133,119.7767
,1651,38.1933,44.3733,54.0267,62.21,69.54,76.44,82.4,88.2333,93.4167,98.48,103.1133,107.8967,112.1833333,115.5967,119.83
,1654,38.26,44.43,54.2733,62.4167,69.8167,76.7433,82.6333,88.3033,93.7933,98.69,103.5967,108.2167,112.4566667,115.81,119.9
,1657,38.3033,44.36,54.3667,62.4033,69.9133,76.7833,82.7733,88.3733,93.7067,98.8267,103.47,108.2567,112.6433333,115.6667,120.11
,1660,38.51,44.3733,54.51,62.5,69.8833,76.92,82.8433,88.58,93.9467,99.0333,103.7233,108.4067,112.6266667,116.07,120.7
,1663,38.6467,44.57,54.4967,62.61,70.0933,77.1033,83.0367,88.7333,94.1833,99.1467,104.0133,108.6433,112.7766667,116.4167,120.8133
,1666,38.7167,44.69,54.4967,62.7333,70.0633,77.0767,83.1033,88.9667,94.2633,99.2667,104.16,108.7267,112.9733333,116.69,120.8533
,1669,38.9667,44.7433,54.6167,62.8633,70.23,77.27,83.1333,89.01,94.4433,99.4467,104.4133,109.0167,113.18,116.8733,120.8967
,1672,38.8133,44.83,54.7033,62.9433,70.26,77.45,83.3667,89.1867,94.4967,99.7267,104.5767,109.21,113.3866667,116.7333,121.1467
,1675,38.8833,44.9533,54.9267,63.08,70.4133,77.4767,83.5733,89.52,94.7033,100.0133,104.73,109.5167,113.6233333,117.08,121.49
,1678,39.1067,44.9533,55.0067,63.0667,70.6733,77.64,83.77,89.6333,94.76,100.25,104.8533,109.5433,113.69,117.2733,121.53
,1681,39.05,45.05,55.02,63.2333,70.6467,77.8933,84.06,89.7833,94.94,100.1833,105.1033,109.7667,113.4566667,117.3,121.6567
,1684,39.2267,45.2033,55.1333,63.3167,70.9067,77.9067,84.0467,89.7967,95.1033,100.3067,105.34,109.8467,113.76,117.73,121.9467
,1687,39.2833,45.3667,55.2567,63.4,71.0333,78.0133,84.1133,89.95,95.2867,100.5267,105.4633,109.86,113.9833333,117.8133,121.96
,1690,39.5333,45.38,55.1967,63.6367,71.07,78.1133,84.21,89.9767,95.3833,100.6667,105.45,110.1767,114.0633333,117.73,122.3433
,1693,39.4667,45.4667,55.34,63.76,71.2233,78.2233,84.4433,90.3633,95.5933,101.1367,105.5467,110.3133,114.3,117.92,122.4867
,1696,39.5033,45.52,55.5767,63.83,71.49,78.3467,84.6267,90.3633,95.73,101.1767,106.0033,110.4933,114.48,118.31,122.7767
,1699,39.5467,45.5367,55.5733,63.8567,71.53,78.3067,84.5567,90.4733,95.99,101.3133,106.1833,110.62,114.59,118.5167,122.8433
,1702,39.6267,45.5467,55.6033,64.02,71.5733,78.4567,84.7367,90.79,96.1033,101.62,106.39,110.9133,114.7833333,118.8933,123.04
,1705,39.7967,45.6167,55.7967,64.1333,71.78,78.6667,84.79,90.9467,96.2,101.8133,106.5,110.8567,114.91,119.1367,123.3133
,1708,39.88,45.7967,55.8667,64.3,71.9033,78.8567,84.9867,90.9033,96.5433,101.95,106.4867,110.9233,115.1566667,119.3033,123.44
,1711,40.03,45.74,55.88,64.4533,71.9867,79.08,85.1233,91.03,96.6267,102.1567,106.5133,111.1067,115.31,119.3867,123.6333
,1714,40.1,45.81,56.03,64.5233,72.1233,79.1367,85.3867,91.3733,96.81,102.3933,106.86,111.2833,115.4866667,119.4433,124.06
,1717,40.06,45.9067,56.11,64.4933,72.36,79.2733,85.5933,91.4433,96.9033,102.6733,107.15,111.34,115.5566667,119.79,124.1167
,1720,40.2,45.92,56.14,64.4367,72.3467,79.2467,85.7433,91.36,97.0133,102.6433,107.26,111.63,115.7366667,119.9267,124.4633
,1723,40.28,45.95,56.1667,64.6033,72.43,79.3967,85.8567,91.7033,97.11,102.7833,107.33,111.7967,116,120.19,124.4233
,1726,40.2533,45.9933,56.2667,64.6733,72.69,79.58,85.8433,91.7633,97.5133,102.9233,107.54,111.95,116.14,120.37,124.7533
,1729,40.2533,46.0433,56.39,64.7567,72.7167,79.51,85.9667,91.9933,97.7467,102.9633,107.6933,112.0733,116.2233333,120.3967,124.7667
,1732,40.3867,46.17,56.4167,64.8933,72.7333,79.7567,86.2133,92.3567,98.15,103.31,107.7333,112.1833,116.43,120.84,125.14
,1735,40.2533,46.2833,56.6067,65.1567,72.83,79.9367,86.52,92.3433,98,103.4433,107.95,112.3367,116.6533333,120.8133,125.3633
,1738,40.2933,46.3933,56.7067,65.24,73.1333,80.0767,86.49,92.4667,98.0533,103.4333,108.27,112.6833,116.7166667,120.9667,125.5833
,1741,40.5267,46.46,56.8167,65.2267,73.05,80.1567,86.6,92.4667,98.2433,103.6533,108.2567,112.6267,116.94,121.2133,125.7067
,1744,40.6633,46.5033,56.8333,65.28,73.1333,80.2,86.6033,92.6033,98.4133,103.7767,108.5333,112.9467,117.15,121.6267,126.0233
,1747,40.78,46.53,56.8867,65.4867,73.3,80.3533,86.6467,92.8567,98.6467,103.89,108.4933,113.1933,117.3566667,121.7833,125.97
,1750,40.7767,46.71,57.0933,65.6667,73.27,80.41,86.7733,93.02,98.6867,104.22,108.73,113.2667,117.5233333,121.7967,126.1633
,1753,40.9433,46.6267,57.1233,65.6933,73.3833,80.5167,86.8967,93.1433,98.9933,104.37,108.7933,113.4433,117.8666667,121.9733,126.5933
,1756,41.03,46.6133,57.1067,65.79,73.59,80.7533,87.17,93.3367,99.0467,104.3567,109.1,113.6367,118.1166667,122.14,126.7167
,1759,40.9467,46.7967,57.2467,65.75,73.8667,80.7533,87.3067,93.4167,99.17,104.44,109.24,113.8467,118.2266667,122.33,126.7867
,1762,41.01,46.75,57.4667,65.79,73.92,81.0167,87.36,93.53,99.38,104.4933,109.4067,113.8333,118.34,122.68,127.2733
,1765,41.0833,46.9167,57.5367,65.9167,74.0167,80.93,87.46,93.78,99.5733,104.5933,109.56,114.02,118.3633333,122.8967,127.38
,1768,41.15,47.07,57.6467,66.1633,74.1167,81.0833,87.5833,93.9033,99.7967,104.8267,109.6133,114.2033,118.4633333,122.9833,127.4067
,1771,41.2467,47.21,57.7733,66.2333,74.3133,81.24,87.7233,94.0967,99.9067,105.0333,109.7633,114.2833,118.8333333,123.15,127.7367
,1774,41.2333,47.32,57.7267,66.2633,74.2533,81.1967,87.96,94.4167,99.9333,105.05,109.86,114.6067,119.18,123.3033,127.9867
,1777,41.1933,47.4433,57.7733,66.3067,74.4067,81.3767,87.8867,94.29,100.0133,105.16,110.0667,114.8533,119.2233333,123.3967,128.07
,1780,41.2733,47.5133,57.9767,66.4967,74.6433,81.51,87.97,94.3067,100.21,105.3633,110.4133,115.2,119.5666667,123.73,128.17
,1783,41.5367,47.5533,58.1467,66.4833,74.57,81.4567,88.26,94.54,100.33,105.4633,110.3833,115.38,119.4033333,123.88,128.36
,1786,41.4833,47.62,58.2167,66.61,74.9033,81.9,88.4833,94.8833,100.4567,105.6433,110.5067,115.5433,119.58,124.1467,128.42
,1789,41.5967,47.6233,58.27,66.7567,74.81,81.8033,88.57,95.0633,100.6633,105.81,110.72,115.68,119.9,124.2967,128.7333
,1792,41.7433,47.6933,58.3933,66.9,75.0033,82.0533,88.8,95.1067,100.8033,106.1433,110.7333,115.8367,120.12,124.27,129.2467
,1795,41.69,47.8567,58.4067,66.91,74.89,82.3467,88.8967,95.3167,100.8333,106.24,111.1067,115.82,120.3,124.4633,129.3433
,1798,41.6633,47.7767,58.4367,66.98,75.0533,82.3567,89.0533,95.2467,100.9967,106.35,111.3567,115.9733,120.3566667,124.5733,129.51
,1801,41.7333,47.8833,58.74,67.1333,75.1833,82.4133,89.2,95.3433,101.19,106.3633,111.5333,116.3567,120.52,124.63,129.6733
,1804,41.8567,47.93,58.8067,67.2467,75.3433,82.4567,89.31,95.4967,101.34,106.6267,111.8267,116.4833,120.7566667,124.85,129.76
,1807,41.9267,47.98,58.8667,67.3133,75.3333,82.51,89.4267,95.6867,101.5633,106.8467,111.9633,116.6233,120.9533333,125.2367,129.8267
,1810,41.9533,48.1367,58.8767,67.5067,75.4567,82.7567,89.56,96.02,101.7433,107.1367,112.1967,116.65,121.16,125.2667,129.94
,1813,42.0467,48.19,58.96,67.6467,75.5667,82.8267,89.77,96.2267,101.88,107.3433,112.4333,116.83,121.2966667,125.4433,129.98
,1816,42.05,48.2467,59.17,67.73,75.6667,83.05,89.8233,96.1567,101.8967,107.2467,112.5533,116.9,121.4066667,125.7067,130.41
,1819,42.12,48.2467,59.21,67.7667,75.7467,83.2267,89.9367,96.2,102.0633,107.4433,112.78,117.2033,121.5166667,125.75,130.6433
,1822,42.2267,48.2833,59.32,67.8667,75.8733,83.2567,90.1167,96.3933,102.2133,107.55,112.86,117.41,121.5866667,125.79,130.8233
,1825,42.3233,48.4667,59.43,67.96,76.01,83.2433,90.17,96.5567,102.2967,107.69,113.0933,117.5633,121.89,126.1533,131.0167
,1828,42.3567,48.4933,59.43,68.07,76.0933,83.3,90.31,96.6267,102.4767,108.0633,113.2367,117.7433,122.03,126.2733,131.0567
,1831,42.52,48.59,59.43,68.24,76.15,83.4367,90.4467,96.9067,102.63,108.23,113.43,118.0333,122.18,126.62,131.2933
,1834,42.4233,48.6467,59.42,68.35,76.2033,83.5333,90.5967,97.0833,102.85,108.5033,113.7067,118.1467,122.6233333,126.66,131.53
,1837,42.4367,48.7833,59.4333,68.4067,76.2567,83.74,90.6933,97.18,103.0433,108.74,113.79,118.23,122.6933333,126.95,131.6933
,1840,42.48,48.8367,59.68,68.6,76.4667,83.8367,90.8633,97.32,103.2933,108.8667,114.0633,118.3233,122.7766667,127.24,132.0133
,1843,42.5067,48.8367,59.8767,68.67,76.7867,84.03,90.9567,97.4567,103.1967,108.8533,114.1167,118.45,122.9433333,127.3667,132.0433
,1846,42.59,48.9233,60.0533,68.8867,76.8533,84.0167,91.3467,97.47,103.4733,109.03,114.2733,118.6033,123.07,127.5033,132.4967
,1849,42.7,49.0467,60.12,68.8867,76.9933,84.0733,91.2067,97.6533,103.6267,109.3367,114.3967,118.6533,123.2866667,127.6833,132.58
,1852,42.7267,49.1733,60.1633,69.0267,77.12,84.4033,91.36,97.86,103.8467,109.5033,114.6333,118.7933,123.41,127.8233,132.8733
,1855,42.7433,49.2533,60.3167,69.1667,77.24,84.46,91.25,97.9267,103.8167,109.53,114.7,119.0733,123.5933333,127.9333,133.0367
,1858,42.8667,49.35,60.37,69.22,77.4233,84.67,91.5233,97.9033,104.01,109.8467,114.8533,119.25,123.8,128.2067,133.3133
,1861,42.9333,49.35,60.4267,69.3867,77.49,84.5567,91.6933,98.1367,104.1467,109.8367,115.1033,119.6067,124.0466667,128.53,133.3533
,1864,43.0467,49.4067,60.54,69.3167,77.5467,84.8433,91.8567,98.2067,104.47,110.0267,115.1967,119.6767,124.1033333,128.64,133.5167
,1867,43.0033,49.4333,60.62,69.36,77.8767,84.9033,92.0633,98.3167,104.51,110.3433,115.2833,119.86,124.3933333,129.0233,133.81
,1870,43.06,49.5333,60.8567,69.57,77.81,85.07,92.0667,98.55,104.6233,110.5833,115.38,119.9533,124.4366667,129.2033,133.85
,1873,43.13,49.6833,60.8967,69.7467,78.0733,85.3033,92.1767,98.7567,104.7467,110.4833,115.53,120.0767,124.7133333,129.3733,134.0867
,1876,43.13,49.85,61.1567,69.87,78.0867,85.2767,92.37,98.8267,104.8567,110.62,115.67,120.3,124.7,129.5667,134.5033
,1879,43.21,49.89,61.2433,69.9933,78.2667,85.5233,92.5467,98.9533,104.9767,110.73,115.8767,120.2733,124.8366667,129.65,134.6533
,1882,43.2133,49.9333,61.3533,70.01,78.3733,85.5367,92.6633,99.0067,105.1467,110.7167,115.9167,120.3967,125.1033333,129.7033,134.6967
,1885,43.3333,49.8933,61.5033,70.0933,78.5567,85.62,92.73,98.9933,105.1767,110.94,116.1,120.66,125.3333333,130.16,135.0133
,1888,43.4467,50.1367,61.5467,70.19,78.76,85.8,92.8633,99.2833,105.5467,111.0067,116.14,120.9667,125.3866667,130.23,134.9867
,1891,43.4567,50.2633,61.4633,70.2733,78.79,85.8433,93.0467,99.67,105.7367,111.34,116.36,121.06,125.86,130.63,135.3867
,1894,43.53,50.4267,61.5233,70.48,78.8433,85.94,93.1433,99.9433,105.8933,111.31,116.5233,121.2267,125.9433333,130.7267,135.7333
,1897,43.57,50.4867,61.5867,70.5367,78.9267,86.1067,93.2533,99.8767,105.9467,111.4633,116.61,121.2967,126.04,130.8233,136.09
,1900,43.78,50.51,61.6833,70.6167,79.04,86.23,93.3233,99.9733,106.0733,111.52,116.87,121.35,126.1766667,130.88,136.1467
,1903,43.9867,50.3867,61.88,70.73,79.1233,86.3667,93.5433,99.9767,106.28,111.66,116.86,121.5033,126.3566667,131.03,136.09
,1906,43.9167,50.51,61.9333,70.8267,79.33,86.41,93.4767,100.2633,106.46,111.7967,117.0933,121.8767,126.58,131.2367,136.3833
,1909,43.9567,50.6933,62.06,70.8667,79.3867,86.5933,93.6267,100.5433,106.5833,112.13,116.9967,122.0833,126.77,131.4,136.58
,1912,44.07,50.8167,62.0033,70.91,79.3867,86.6867,93.6267,100.8033,106.83,112.2533,117.3133,122.39,127.0066667,131.6133,136.7833
,1915,44.1133,50.9267,61.9867,70.98,79.3567,86.8,93.7233,101.0367,106.7933,112.2567,117.4233,122.4733,127.2,131.7633,137.0433
,1918,44.1667,50.97,62.2267,71.0633,79.5767,86.85,93.8767,101.11,106.83,112.5833,117.5633,122.54,127.2466667,132.04,137.0767
,1921,44.2467,51.0267,62.2267,71.1967,79.7967,86.96,94.0967,101.15,107.12,112.6567,117.62,122.4433,127.31,132.32,137.3367
,1924,44.2733,51.01,62.4467,71.2967,80.0867,87.1433,94.3167,101.37,107.1367,112.64,117.98,122.79,127.5466667,132.4033,137.3767
,1927,44.18,51.1033,62.5,71.49,80.2833,87.2533,94.4033,101.4933,107.2467,112.8633,118.1133,123.0233,127.85,132.7467,137.5867
,1930,44.29,51.2867,62.56,71.5433,80.34,87.3667,94.58,101.6633,107.5233,113.0167,118.2667,123.2033,127.9766667,132.72,137.6967
,1933,44.3333,51.48,62.5867,71.63,80.2567,87.5,94.6933,101.7167,107.58,113.1933,118.3367,123.4133,128.1833333,132.8267,137.9167
,1936,44.4,51.4533,62.64,71.8333,80.45,87.5133,94.87,101.84,107.7867,113.54,118.4067,123.51,128.3066667,133.0233,138.1367
,1939,44.5533,51.4533,62.7333,71.9733,80.4767,87.7233,95.0233,102.02,107.9933,113.4967,118.7367,123.5667,128.4733333,133.1333,138.2633
,1942,44.58,51.5767,62.8467,71.8633,80.5467,87.8167,95.1333,102.2167,107.9933,113.7867,118.9067,123.83,128.7766667,133.48,138.1533
,1945,44.5233,51.4933,62.9,72,80.6133,88.0433,95.3667,102.4733,108.1567,113.7333,119.0833,124.1733,128.7933333,133.6433,138.5967
,1948,44.5533,51.63,62.9967,72.0667,80.85,88.2633,95.6167,102.6,108.3133,113.9933,119.2233,124.3267,129.0133333,133.6467,138.69
,1951,44.4833,51.8267,63.0267,72.1267,80.9767,88.3033,95.59,102.6567,108.34,114.1433,119.32,124.5733,129.15,133.9067,138.9133
,1954,44.6333,51.8967,63.1533,72.32,81.0167,88.3567,95.77,102.8367,108.3967,114.4367,119.5267,124.67,129.3166667,134.1267,138.8567
,1957,44.7733,52.1,63.29,72.58,81.17,88.47,96.0067,102.9233,108.4767,114.4933,119.5267,124.66,129.3866667,134.2933,139.1767
,1960,44.98,52.16,63.4533,72.8167,81.1967,88.61,96.14,102.9767,108.7133,114.5767,119.7633,124.6567,129.51,134.3067,139.4233
,1963,45.1033,52.1033,63.58,72.8033,81.28,88.76,96.1,103.1533,108.84,114.7133,119.8833,124.9467,129.73,134.6233,139.5233
,1966,45.0367,52.17,63.5967,72.9,81.4033,88.8867,96.35,103.17,108.96,114.6867,120.2733,125.3633,130.1166667,134.68,139.77
,1969,45.1067,52.2267,63.6767,73.0367,81.4967,88.9267,96.42,103.2633,109.18,114.8633,120.3,125.4833,130.12,134.89,139.8233
,1972,45.1867,52.35,63.9,73.01,81.5833,89.0933,96.7233,103.5133,109.2533,115.1,120.51,125.5267,130.4366667,135.18,139.92
,1975,45.41,52.4633,63.7467,73.0367,81.6267,89.2733,96.7933,103.54,109.3333,115.2967,120.59,125.72,130.7133333,135.26,140.2933
,1978,45.5767,52.6,63.9533,73.2867,81.7633,89.48,96.9033,103.7233,109.57,115.4867,120.7567,125.68,130.7133333,135.2767,140.5267
,1981,45.5467,52.6133,64.1033,73.3833,81.9,89.7833,96.7933,103.7067,109.7267,115.6433,120.9667,125.79,130.9066667,135.6767,140.78
,1984,45.6433,52.7667,64.0933,73.4267,81.87,89.9467,96.9867,103.83,109.9033,115.82,121.1967,125.9667,131.0433333,135.76,141.0133
,1987,45.7133,52.81,64.0767,73.4133,82.1933,90.1533,97.0433,104.0933,110.0267,115.96,121.4067,126.1933,131.07,135.9133,140.9033
,1990,45.8267,52.8367,64.3,73.5233,82.3333,90.2533,96.8767,104.11,110.1533,116.1233,121.46,126.51,131.32,136.2033,141.2633
,1993,45.8367,52.9067,64.5033,73.5533,82.3967,90.2667,97.07,104.3567,110.18,116.3867,121.6867,126.6067,131.3766667,136.5067,141.3333
,1996,45.9233,52.85,64.48,73.55,82.4433,90.2533,97.3767,104.62,110.4033,116.65,121.7567,126.77,131.79,136.7567,141.5
,1999,45.95,52.7667,64.4667,73.8267,82.6733,90.32,97.5967,104.7733,110.7067,116.68,121.92,126.9133,131.9866667,136.77,141.8433
,2002,45.98,52.8767,64.6467,73.9933,82.7567,90.6267,97.8733,104.8,110.72,116.83,122.0967,126.9533,132.11,137.1033,141.8867
,2005,45.9233,52.93,64.7133,74.0633,82.91,90.78,98.0267,104.8567,110.84,116.9433,122.1267,127.1633,132.4566667,137.0467,142.2833
,2008,45.9767,53.1133,64.9233,74.21,83.1467,90.89,98.3433,104.9,111.0367,117.19,122.31,127.3,132.5366667,137.2667,142.4933
,2011,45.9467,53.29,65.07,74.3367,83.2867,90.9733,98.3,104.8967,111.1767,117.1933,122.4967,127.5333,132.4966667,137.39,142.5767
,2014,46.1033,53.43,65.1567,74.28,83.2567,90.9867,98.4267,105.1567,111.23,117.6033,122.5567,127.6433,132.7333333,137.4333,142.8933
,2017,46.2233,53.5567,65.1967,74.3767,83.2567,91,98.5233,105.3267,111.2867,117.5933,122.9,127.81,132.9533333,137.6,142.95
,2020,46.3367,53.6233,65.2667,74.5867,83.3233,91.32,98.74,105.56,111.7,117.88,122.9167,127.9733,133.12,138.0667,143.31
,2023,46.39,53.72,65.24,74.67,83.41,91.4,99.0233,105.74,111.99,118.13,123.2167,128.1833,133.23,138.07,143.38
,2026,46.42,53.86,65.3767,74.7967,83.48,91.62,99.2267,105.8233,112.0733,118.2833,123.3167,128.2833,133.5333333,138.3033,143.6833
,2029,46.31,53.9533,65.5,74.81,83.63,91.65,99.2667,106.0033,112.2667,118.31,123.5367,128.46,133.5766667,138.5233,143.8233
,2032,46.42,53.9033,65.5567,75.0033,83.7533,91.7467,99.3633,106,112.35,118.4067,123.7567,128.6967,133.7966667,138.51,143.8233
,2035,46.39,54.07,65.89,75.07,83.88,91.91,99.3233,106.2233,112.3367,118.53,123.8,128.82,133.88,138.8167,144.1967
,2038,46.5733,54.12,65.8633,75.2367,83.95,91.91,99.4333,106.43,112.49,118.86,123.9933,128.83,133.8833333,139.09,144.14
,2041,46.78,54.1067,65.97,75.3733,84.17,92.0933,99.4633,106.6,112.7933,119.0267,124.02,129.1367,134.28,139.1767,144.4467
,2044,46.81,54.3133,66.0267,75.44,84.2533,92.16,99.6833,106.58,112.9167,119.26,124.1467,129.4267,134.64,139.4367,144.7767
,2047,46.7933,54.3133,66.1233,75.4867,84.4167,92.2167,99.89,106.7667,113.0167,119.3767,124.5033,129.65,134.86,139.81,145.0833
,2050,46.85,54.23,66.1367,75.4433,84.4733,92.2567,99.9333,106.9533,113.3033,119.5267,124.7133,129.98,135.1133333,139.99,145.1633
,2053,47.0267,54.3,66.3433,75.6233,84.6,92.4933,100.1267,107.0967,113.4267,119.6667,124.9333,130.0933,135.0966667,140.0733,145.4967
,2056,47.18,54.3433,66.3433,75.57,84.8467,92.7833,100.3067,107.3167,113.7033,119.97,124.8933,130.0933,135.36,140.35,145.7833
,2059,47.1367,54.3867,66.3733,75.61,85.0167,92.84,100.3467,107.4567,114.05,120.1067,125.1233,130.16,135.6333333,140.56,145.73
,2062,47.17,54.55,66.3867,75.86,85.07,92.96,100.47,107.6033,114.33,120.3167,125.17,130.3667,135.9266667,140.9433,145.9633
,2065,47.2767,54.7033,66.3867,75.94,85.0433,92.9367,100.83,107.6767,114.3833,120.4667,125.36,130.59,136.05,141.1233,146.41
,2068,47.3867,54.84,66.5233,76.0067,85.16,93.2533,100.9567,107.72,114.48,120.6033,125.7733,130.8533,136.5166667,141.1233,146.5633
,2071,47.4167,54.9133,66.6633,76.1633,85.1933,93.2667,101.1767,107.8967,114.5233,120.6333,125.8833,130.9633,136.52,141.1533,146.9733
,2074,47.3467,54.8967,66.86,76.2033,85.4133,93.42,101.2067,108.2,114.77,120.9633,126.1067,131.24,136.5733333,141.4567,146.96
,2077,47.4033,54.8567,66.9,76.1767,85.6067,93.6833,101.3267,108.27,114.88,121.1167,126.1233,131.4467,136.85,141.5833,147.0733
,2080,47.4567,54.9367,66.9367,76.4233,85.7567,93.57,101.5767,108.5633,115.38,121.35,126.22,131.5267,137.1166667,141.9433,147.2667
,2083,47.5533,54.8267,66.98,76.6033,85.8033,93.86,101.76,108.7133,115.61,121.38,126.4267,131.61,137.2266667,142.08,147.4433
,2086,47.5,55.0467,66.98,76.9267,85.95,93.9167,101.7733,108.8367,115.64,121.3933,126.6067,131.7767,137.53,142.4,147.6533
,2089,47.6233,55.2833,67.2733,76.8967,85.87,94.1233,101.8667,108.9733,115.5567,121.5333,126.8967,132.0567,137.5866667,142.52,147.8867
,2092,47.72,55.4367,67.3967,77.0067,86.16,94.3333,101.8567,109.1533,115.6,121.5867,127.05,132.2633,137.67,142.3,148.16
,2095,47.7467,55.4367,67.4533,77.1067,86.3,94.4733,101.9367,109.1,115.7233,121.64,127.2433,132.4967,137.8366667,142.5233,148.11
,2098,47.7767,55.48,67.5767,77.16,86.3533,94.64,102.0733,109.1433,115.8733,121.8067,127.2133,132.8833,138.0833333,142.9667,148.3133
,2101,47.8567,55.63,67.66,77.2967,86.59,94.5,102.2667,109.4767,116.1933,122.25,127.4533,133.2033,138.35,143.3967,148.62
,2104,47.9267,55.8233,67.7833,77.5167,86.48,94.6633,102.34,109.6667,116.47,122.4567,127.7267,133.3267,138.5233333,143.5167,148.7167
,2107,48.1733,55.77,67.8633,77.5833,86.5067,94.7733,102.6,109.8167,116.5,122.61,128.0167,133.4533,138.6366667,143.6,149.1033
,2110,48.0533,55.8933,67.9067,77.63,86.8667,94.9567,102.7267,109.9867,116.54,122.6767,128.14,133.5333,138.72,143.6433,149.2133
,2113,48.1367,55.84,68.0333,77.7967,86.99,95.3,102.8367,110.1367,116.64,122.89,128.2967,133.6167,138.8833333,144,149.2967
,2116,48.3267,55.8767,68.28,77.9733,87.14,95.1733,103,110.1633,116.83,122.93,128.3767,133.81,139.0233333,144.03,149.56
,2119,48.3267,55.9467,68.4333,77.9733,87.36,95.2133,102.89,110.37,117.0667,123.1067,128.5133,133.9767,139.1066667,144.29,149.6567
,2122,48.5367,56.1033,68.46,78.1267,87.27,95.1767,103.2667,110.58,117.2733,123.3033,128.5833,134.4067,139.4266667,144.3733,149.7533
,2125,48.6333,56.1267,68.5433,78.29,87.4333,95.3,103.3067,110.7067,117.31,123.4267,128.79,134.5567,139.74,144.44,150.14
,2128,48.7733,56.1533,68.49,78.4033,87.5733,95.4233,103.4867,110.94,117.45,123.55,129,134.68,139.98,144.6533,150.3867
,2131,48.7967,56.1267,68.6667,78.47,87.4733,95.63,103.68,110.91,117.3833,123.65,129.2033,134.6967,140.0033333,144.8467,150.5533
,2134,48.8667,56.3067,68.68,78.5433,87.79,95.98,103.8467,111.1767,117.6333,123.7867,129.2767,134.93,140.1866667,144.9533,150.6933
,2137,48.9933,56.3467,68.7367,78.54,87.8333,96.0633,103.9833,111.19,117.7167,123.87,129.2733,135.0133,140.13,145.1233,150.83
,2140,48.9933,56.5567,68.7533,78.57,88.0833,96.2133,104.11,111.4633,117.95,124.1333,129.5633,135.1667,140.3933333,145.48,151.0933
,2143,49.13,56.71,68.7533,78.6233,88.1533,96.06,104.2467,111.3967,118.0067,124.2033,129.9633,135.3033,140.7366667,145.6167,151.3433
,2146,49.2267,56.79,68.82,78.7633,88.3033,96.2,104.3567,111.5767,118.24,124.2967,129.8033,135.6067,140.9433333,145.77,151.4267
,2149,49.35,56.9433,68.93,78.8467,88.3467,96.5567,104.3833,111.6867,118.2,124.41,130.1867,135.54,140.9333333,145.9233,151.62
,2152,49.5033,56.89,69.0133,78.9833,88.4433,96.63,104.7433,111.8633,118.4067,124.6,130.2967,135.58,141.0966667,146.12,151.8433
,2155,49.53,56.9867,69.1767,79.1633,88.6633,96.6267,104.7867,111.8933,118.5333,124.78,130.38,135.87,141.3466667,146.2967,151.91
,2158,49.4333,57.2333,69.22,79.2867,88.8567,96.7133,104.7467,112.06,118.6267,124.74,130.49,136.01,141.2766667,146.45,152.2
,2161,49.53,57.0667,69.4133,79.22,88.94,96.85,104.8433,112.2833,118.7533,125.0567,130.7133,136.2567,141.47,146.53,152.4467
,2164,49.7267,57.1067,69.44,79.3967,89.0233,96.78,104.9633,112.4733,119.0133,125.0967,130.8633,136.5067,141.65,146.9067,152.45
,2167,49.7267,57.3433,69.51,79.63,89.1333,96.9733,105.27,112.5867,119.1367,125.42,130.9633,136.6167,141.83,147.0867,152.8667
,2170,49.8067,57.2733,69.6633,79.8667,89.2033,97.1933,105.3933,112.85,119.3333,125.5167,131.07,136.5867,141.9666667,147.28,152.9233
,2173,49.6967,57.5933,69.7433,79.9233,89.1733,97.3333,105.57,112.8233,119.3767,125.5,131.17,136.77,142.23,147.32,153.0467
,2176,49.7367,57.58,69.8533,79.98,89.3267,97.4133,105.5067,112.7933,119.4867,125.5833,131.35,137.0033,142.23,147.3167,153.24
,2179,49.74,57.51,69.8433,80.09,89.3667,97.54,105.66,113.0533,119.54,126.0233,131.5167,137.2533,142.44,147.6233,153.5433
,2182,49.9867,57.7167,69.98,80.2167,89.4933,97.5533,105.7267,113.1367,119.9267,126.18,131.9167,137.3633,142.8,147.8733,153.6133
,2185,49.8767,57.84,70.1067,80.3233,89.59,97.6133,105.7933,113.3867,120.0633,126.4267,132.0267,137.49,143.02,148.12,153.75
,2188,50.0167,58.01,70.0933,80.4367,89.6867,97.9,105.9867,113.5267,120.1767,126.7567,132.07,137.6967,143.1166667,148.43,154.0133
,2191,50.1367,57.9067,70.1467,80.5867,89.8233,98.0933,106.1967,113.6367,120.08,126.6733,132.18,137.7533,143.2833333,148.8433,154.2333
,2194,50.21,57.98,70.0633,80.6,89.85,98.1067,106.4867,113.7333,120.33,126.8533,132.33,137.7667,143.4333333,148.73,154.43
,2197,50.3333,58.2,70.26,80.5733,90.02,98.1367,106.46,113.6367,120.26,126.8967,132.4967,137.7767,143.56,148.6767,154.6767
,2200,50.1967,58.1733,70.3833,80.6267,90.1167,98.2867,106.53,113.83,120.44,127.0767,132.7167,138.2633,143.7133333,148.9367,155.1867
,2203,50.36,58.3267,70.6867,80.8233,90.14,98.3433,106.82,114.0233,120.4533,127.16,132.98,138.4267,143.9066667,149.05,155.08
,2206,50.3867,58.4067,70.8967,80.9867,90.3667,98.4267,106.75,114.09,120.6767,127.2033,133.0233,138.6633,144.1,149.2833,155.16
,2209,50.57,58.44,70.92,81.1933,90.3233,98.66,107.0533,114.3833,121.0033,127.45,133.2967,138.7467,144.1433333,149.6,155.27
,2212,50.8567,58.45,70.84,81.1833,90.4333,98.7567,107.0367,114.4267,121.1733,127.5867,133.23,138.86,144.24,149.7,155.3533
,2215,50.7733,58.5033,70.88,81.1967,90.5867,98.9233,107.1633,114.4367,121.2967,127.5633,133.44,139.01,144.6233333,149.9733,155.6867
,2218,50.73,58.5467,71.0333,81.35,90.6967,99.13,107.2067,114.7,121.56,127.7833,133.6167,139.1767,144.69,150.14,155.99
,2221,50.8167,58.4333,71.2,81.3467,90.7633,99.1567,107.4667,114.77,121.6833,127.8933,133.84,139.5033,144.8033333,150.43,156.1567
,2224,50.9267,58.63,71.3933,81.61,91,99.3667,107.4,114.9933,121.78,128.1533,134.1133,139.66,145.2466667,150.5533,156.36
,2227,50.9667,58.6833,71.49,81.9033,91.0667,99.38,107.51,115.0333,122.0733,128.46,134.1967,139.9067,145.4,150.64,156.35
,2230,51.0533,58.9467,71.53,81.94,91.2033,99.4067,107.8133,115.2533,122.25,128.5733,134.1833,140.1433,145.5933333,150.9433,156.5567
,2233,51.2867,59.1267,71.4767,82.0267,91.3333,99.5567,107.9533,115.4067,122.21,128.61,134.39,140.38,145.72,151.1367,156.78
,2236,51.33,59.07,71.4467,82.0267,91.4133,99.7667,107.9133,115.4033,122.4567,128.96,134.5567,140.38,146.03,151.1633,157.07
,2239,51.34,59.14,71.6667,82.0267,91.5567,99.7667,108.0233,115.5867,122.6233,129.0367,134.85,140.6433,146.1166667,151.44,157.21
,2242,51.34,59.1533,71.89,82.1233,91.5933,100.1267,108.1733,115.9033,122.6233,129.07,135.07,140.9733,146.1733333,151.69,157.5367
,2245,51.3167,59.17,71.9733,82.2067,91.87,100.1433,108.3833,116.0133,122.7633,129.4567,135.36,141.1933,146.6266667,151.62,157.2633
,2248,51.6067,59.3067,72.0833,82.5233,91.98,100.43,108.7,116.32,122.9267,129.4967,135.3567,141.3467,146.5166667,151.9267,157.51
,2251,51.5933,59.4033,72.07,82.6733,92.08,100.5267,108.81,116.4433,123.1067,129.36,135.4967,141.4,146.8066667,151.9833,157.8033
,2254,51.6867,59.46,72.0567,82.73,92.0233,100.7333,108.9767,116.4167,123.29,129.5233,135.62,141.3867,146.89,152.06,157.9367
,2257,51.7433,59.4467,72.0133,82.76,92.0233,101.0233,108.9767,116.4867,123.4267,129.69,135.7867,141.6933,147.1666667,152.34,158.26
,2260,51.7467,59.4733,72.1967,82.9367,92.0267,100.9533,108.88,116.6667,123.6733,129.7433,136.0767,142.01,147.3466667,152.6967,158.6567
,2263,51.6467,59.5133,72.4033,82.9667,92.2567,101.0933,109.1667,116.86,123.9233,130.1433,136.37,142.0667,147.5833333,152.6167,158.63
,2266,51.7567,59.6533,72.65,83.0933,92.4233,100.97,109.2533,116.9667,124.0333,130.4633,136.4233,142.3833,147.8733333,152.7133,158.6167
,2269,51.85,59.83,72.6633,83.2967,92.5633,101.0667,109.5033,117.2733,124.1867,130.6033,136.3667,142.4233,147.9833333,152.9767,158.7833
,2272,52.0767,60.04,72.6233,83.3,92.6567,101.33,109.82,117.44,124.34,130.6733,136.55,142.4267,147.86,153.3233,159.1567
,2275,52.1867,60.0133,72.68,83.3533,92.7967,101.5933,109.9033,117.4233,124.38,130.9067,136.76,142.48,147.9433333,153.3767,159.46
,2278,52.2533,59.9833,72.75,83.3667,92.7967,101.76,110.04,117.45,124.6967,131.09,137.0333,142.59,148.37,153.6667,159.8467
,2281,52.2267,59.9733,72.9133,83.5333,92.95,101.8,109.96,117.5933,124.81,131.0733,137.2967,142.92,148.5766667,153.64,159.9167
,2284,52.2,60.01,73.2167,83.74,93.1833,101.7867,110.2767,117.9233,124.9067,131.4167,137.32,143.5067,148.73,153.7233,159.8767
,2287,52.2833,60.14,73.3167,83.8767,93.35,101.7733,110.3567,117.8967,125.18,131.3067,137.5167,143.5767,149.0066667,154.1367,159.7633
,2290,52.3667,60.2333,73.45,84.1,93.4867,101.9133,110.4567,118.2,125.1933,131.6,137.67,143.5067,149.2566667,154.3767,159.9867
,2293,52.45,60.55,73.3833,84.2267,93.5167,102.2,110.5667,118.3633,125.5833,131.8333,137.75,143.6,149.34,154.5233,160.3733
,2296,52.6167,60.6033,73.4267,84.21,93.5467,102.3667,110.8167,118.4467,125.7067,131.9167,137.9167,143.67,149.41,154.83,160.7067
,2299,52.68,60.55,73.3033,84.1967,93.64,102.5733,110.7167,118.71,125.8467,131.9967,138.3167,143.9033,149.75,154.9367,161.05
,2302,52.6033,60.7,73.48,84.1833,93.7233,102.52,110.87,118.8333,125.8733,132.1633,138.4167,144.14,149.88,155.1733,161.1333
,2305,52.6033,60.8,73.7433,84.3767,93.9867,102.5467,111.2567,118.89,125.9433,132.3167,138.4133,144.2967,149.99,155.37,161.4767
,2308,52.7367,60.9933,73.8533,84.6267,94.1533,102.6833,111.5467,119.0967,126.18,132.6067,138.4567,144.58,150.18,155.3967,161.23
,2311,52.8367,61.2133,73.9933,84.7667,94.32,102.8267,111.5067,119.1533,126.4933,132.6067,138.6933,144.61,150.32,155.6467,161.5067
,2314,52.96,61.4233,74.06,84.6367,94.2767,102.9867,111.6733,119.2633,126.37,132.98,138.91,144.8167,150.3066667,155.8633,161.9067
,2317,53.0267,61.3967,74.0633,84.6933,94.3067,103.2667,111.78,119.3067,126.51,133.1767,138.9833,144.9533,150.68,156.1667,162.2533
,2320,53.1533,61.2567,74.2167,84.8467,94.2633,103.39,111.6867,119.5533,126.69,133.31,139.26,145.0367,150.87,156.3633,162.67
,2323,53.1267,61.2733,74.2833,85.0533,94.4867,103.3767,111.88,119.6667,127.0067,133.2967,139.37,145.33,150.9433333,156.46,162.93
,2326,53.07,61.38,74.5,85.2367,94.8433,103.3767,112.14,119.9,126.94,133.3433,139.5633,145.41,151.15,156.8367,162.71
,2329,53.0433,61.37,74.63,85.2867,94.97,103.54,112.1967,120.1067,127.0367,133.7533,139.6467,145.55,151.08,157.18,162.71
,2332,53.1967,61.5633,74.6133,85.4267,95.1067,103.8733,112.28,120.12,127.3533,133.92,139.91,145.5933,151.19,157.3433,163.07
,2335,53.3333,61.67,74.6967,85.48,95.0533,104.1367,112.5433,120.1767,127.45,133.88,139.8533,145.7167,151.4,157.5267,163.47
,2338,53.43,61.8933,74.78,85.4,95.0633,104.11,112.5733,120.3133,127.4933,134.0167,139.9233,145.77,151.9533333,157.5233,163.9267
,2341,53.39,61.74,74.6967,85.6333,95.0533,104.2467,112.8333,120.5633,127.7,134.28,139.9933,146.06,152.3133333,157.4967,163.7733
,2344,53.3733,61.73,74.9867,85.79,95.2167,104.26,113.03,120.6333,127.77,134.35,140.4367,146.4333,152.2733333,157.8967,163.9933
,2347,53.3767,61.77,75.0433,85.8033,95.59,104.2433,113.1933,120.77,127.7833,134.5833,140.3933,146.6667,152.3533333,158.1333,164.0667
,2350,53.4567,61.8767,75.1533,85.87,95.5767,104.3167,113.2867,120.9233,127.9467,134.68,140.6533,146.67,152.2833333,158.49,164.0267
,2353,53.6667,62.03,75.14,85.9133,95.6167,104.51,113.3467,121.27,128.1267,134.8333,140.8733,146.8933,152.4933333,158.3133,164.37
,2356,53.97,62.1533,75.29,85.9533,95.77,104.62,113.4667,121.2233,128.25,134.93,140.85,146.99,152.8666667,158.4267,164.5467
,2359,53.9567,62.1267,75.43,85.9667,95.7167,104.87,113.64,121.1867,128.4467,134.9467,141.0267,147.0833,153.21,158.63,164.73
,2362,53.8967,62.21,75.3767,86.2433,95.8533,104.9933,113.9267,121.31,128.5967,135.2733,141.2333,147.2233,153.3633333,158.6433,164.9233
,2365,53.9567,62.28,75.47,86.38,96.0167,105.09,113.9267,121.4367,128.64,135.58,141.4567,147.4867,153.3666667,159.0467,165.1433
,2368,54.0667,62.4767,75.53,86.4633,96.1867,105.1033,114.09,121.6267,128.7633,135.5667,141.6933,147.7467,153.5166667,159.5033,165.42
,2371,54.2467,62.71,75.5,86.6033,96.31,105.1867,114.16,121.92,129.01,135.8567,141.7733,147.7867,153.7366667,159.57,165.74
,2374,54.4833,62.7233,75.4833,86.6733,96.3267,105.49,114.23,121.99,129.47,135.94,141.89,148.0933,153.93,159.65,165.7367
,2377,54.51,62.79,75.7067,86.63,96.34,105.6433,114.5067,122.0967,129.6633,136.1067,141.94,148.2333,154.29,159.9867,165.78
,2380,54.44,62.93,75.9967,86.78,96.38,105.7133,114.7033,122.2933,129.7433,136.1333,142.0133,148.26,154.39,160.1533,166
,2383,54.44,62.7533,76.15,86.99,96.5033,105.6567,114.77,122.32,129.8267,136.1733,142.2467,148.3033,154.61,160.15,166.1267
,2386,54.37,62.9033,76.2467,87.2533,96.6267,105.85,114.8267,122.36,129.7833,136.26,142.41,148.58,154.6066667,160.4133,166.47
,2389,54.47,63.08,76.2733,87.2633,96.8733,105.9333,114.8233,122.5267,129.76,136.37,142.4367,148.8533,154.69,160.5567,166.5967
,2392,54.7433,63.1667,76.3,87.3333,96.96,106.0433,114.9233,122.8067,129.8967,136.7667,142.6333,149.1167,155.1633333,160.86,166.6667
,2395,54.84,63.2633,76.44,87.42,96.8867,106.24,115.1267,122.8467,130.1867,136.9233,143.02,149.4067,155.1866667,160.9533,166.57
,2398,54.8533,63.3167,76.61,87.38,97.04,106.2933,115.2533,123.1367,130.5033,136.9767,143.1,149.45,155.4633333,161.0233,166.7733
,2401,54.8567,63.5267,76.8133,87.5033,97.1533,106.35,115.46,123.29,130.8233,137.13,143.2833,149.49,155.8266667,161.2433,167.1067
,2404,54.8567,63.47,76.7433,87.6367,97.4133,106.5267,115.49,123.3133,130.9067,137.2533,143.56,149.5733,155.9333333,161.12,167.48
,2407,54.66,63.58,76.91,87.6667,97.5,106.75,115.67,123.4533,130.9367,137.5167,143.7533,149.9867,156.02,161.3933,167.5067
,2410,54.95,63.7467,77.0633,87.64,97.76,106.8733,115.8367,123.6733,130.8533,137.64,143.9733,150.1833,155.91,161.55,167.52
,2413,55.0333,63.8,76.98,87.78,97.8167,106.9567,116.1667,123.9533,131.0167,137.7667,143.9167,150.2933,156.21,161.7567,167.77
,2416,55.1467,63.8033,77.2267,87.9467,97.8467,107.0367,116.2767,124.0033,131.3633,137.9033,144.14,150.46,156.4033333,161.9233,167.9367
,2419,54.9233,63.8833,77.5033,88.0833,98.0367,107.0833,116.1667,124.0767,131.5567,137.9867,144.1667,150.6633,156.6833333,162.0167,168.0333
,2422,55.1733,63.8967,77.5433,88.32,98.1367,107.3167,116.2367,124.09,131.7267,138.28,144.43,150.9167,156.8333333,162.2933,168.49
,2425,54.9667,63.91,77.63,88.3733,98.2167,107.51,116.3467,124.1567,131.61,138.2633,144.6533,151.2067,156.61,162.42,168.5733
,2428,55.0067,63.87,77.6167,88.4533,98.2467,107.5533,116.4833,124.39,131.8333,138.4433,145.0233,151.3433,156.68,162.4367,168.8633
,2431,55.27,64.05,77.71,88.33,98.3433,107.5267,116.6633,124.7667,131.9267,138.5967,145.19,151.51,157.2666667,162.75,168.92
,2434,55.3633,64.1067,77.9333,88.5367,98.4,107.7033,116.8433,125.1267,132.1267,138.9,145.2733,151.58,157.51,162.9067,169.1967
,2437,55.6567,64.1067,78.0167,88.65,98.45,107.9667,116.8733,125.0567,132.3733,139.2,145.4133,151.6633,157.4433333,163.07,169.3633
,2440,55.5733,64.1067,78.1267,88.7733,98.7567,108.1733,116.9533,125.0733,132.4967,139.2967,145.62,151.6233,157.68,163.1133,169.72
,2443,55.6433,64.06,78.32,88.8967,98.7833,108.26,116.94,125.2233,132.54,139.2733,145.8533,151.8967,157.8566667,163.32,170.1633
,2446,55.42,64.1033,78.1133,88.9533,99.0067,108.3133,117.12,125.35,132.72,139.41,146.0067,152.2,158.0766667,163.5433,170.3433
,2449,55.7267,64.2,78.1133,89.01,99.0067,108.3667,117.3967,125.3867,132.76,139.59,146.49,152.1333,158.37,163.7467,170.51
,2452,55.8233,64.3367,78.2233,89.19,99.1733,108.5333,117.4233,125.6667,132.8833,139.7833,146.4933,152.38,158.6166667,163.69,170.7167
,2455,55.8367,64.3933,78.2367,89.3667,99.2,108.48,117.6033,125.8467,133.1733,139.8,146.48,152.59,158.6066667,164.12,170.8967
,2458,56.07,64.4633,78.32,89.3667,99.38,108.6467,117.73,126.22,133.3833,140.1467,146.5033,152.7567,158.74,164.3833,170.81
,2461,56.1133,64.6867,78.4167,89.4767,99.6167,108.7567,117.7867,126.1533,133.5067,140.2533,146.6167,153.0467,158.77,164.84,171.0067
,2464,55.96,64.8233,78.46,89.5333,99.7667,109.06,117.8933,126.1767,133.5067,140.35,146.8367,153.0167,158.8533333,164.95,171.1033
,2467,55.8367,64.8533,78.4733,89.5333,99.8233,109.1867,117.9633,126.2733,133.5067,140.3933,147.0867,153.1967,159.0166667,164.92,171.56
,2470,56,64.9333,78.54,89.74,99.8933,109.17,117.91,126.44,133.7267,140.4167,147.18,153.3767,159.6133333,164.9933,171.67
,2473,56.1133,64.92,78.72,89.7167,99.9467,109.17,118.0867,126.44,133.77,140.53,147.4167,153.4733,159.7366667,165.3367,171.7933
,2476,56.1667,64.84,78.8167,89.9067,99.9433,109.1967,118.2667,126.58,133.9467,140.64,147.5833,153.4467,159.6133333,165.64,171.7833
,2479,56.4,64.7967,79.0233,89.9367,100.0567,109.2633,118.2533,126.8433,134.2667,141.0833,147.7233,153.5,159.7633333,165.9467,172.1533
,2482,56.3067,64.7967,79.0833,89.8133,100.2633,109.31,118.3933,126.98,134.4467,141.2067,147.5967,153.8633,159.82,166.03,172.4467
,2485,56.2233,65.0333,78.8733,89.9633,100.18,109.5567,118.4333,127.0333,134.4333,141.33,147.8033,153.8767,160.1933333,165.9167,172.39
,2488,56.2933,65.1867,78.6533,90.1,100.32,109.7367,118.7,127.2567,134.39,141.7067,147.9967,153.8067,160.43,166.0567,172.7867
,2491,56.2333,65.06,78.7033,90.1733,100.2633,109.8333,118.85,127.2433,134.42,141.3867,148.1067,154,160.4533333,166.0133,173.1367
,2494,56.18,65.0167,78.9533,90.1567,100.4167,109.93,118.9467,127.3533,134.5133,141.3733,148.3167,154.2067,160.6533333,166.21,173.29
,2497,56.3067,65.0033,79.3033,90.3367,100.5667,109.9567,119.1533,127.52,134.8433,141.5567,148.2867,154.5,160.55,166.5133,173.3133
,2500,56.39,65.1267,79.3,90.28,100.6767,109.8733,119.1433,127.5633,134.89,141.5967,148.33,154.9233,160.5933333,166.79,173.3167
